"sample_id","B.cells.naive","B.cells.memory","Plasma.cells","T.cells.CD8","T.cells.CD4.naive","T.cells.CD4.memory.resting","T.cells.CD4.memory.activated","T.cells.follicular.helper","T.cells.regulatory..Tregs.","T.cells.gamma.delta","NK.cells.resting","NK.cells.activated","Monocytes","Macrophages.M0","Macrophages.M1","Macrophages.M2","Dendritic.cells.resting","Dendritic.cells.activated","Mast.cells.resting","Mast.cells.activated","Eosinophils","Neutrophils","RMSE"
"TCGA-3C-AAAU-01A",0.103470338242034,0.0636009032685253,0.0699935550478833,0.0781304437057953,0,0.115852126954793,0,0.0148482660907899,0.0150436374797019,0,0,0.023496962082861,0.0294822893448073,0.111629219605664,0.110672811471376,0.199967670243267,0,0,0.0638117764625008,0,0,0,1.85223076419658
"TCGA-3C-AALI-01A",0.0413840980757005,0.0318423771633609,0.0617074763739674,0.109798352388581,0,0.0664247917545999,0.0178662751599513,0.107154904480022,0.0123552879030771,0,0,0.0556011281543536,0.0356841053435666,0.0790365985017485,0.167400743793405,0.0937854337458374,0,0.0482875670763637,0.071670860085465,0,0,0,1.7882618042506
"TCGA-3C-AALJ-01A",0.110889075282573,0,0.05143703855938,0.0838783053648497,0,0.138633617364534,0,0.0919364971216814,0,0,0,0.0554137818408522,0.0420574857660273,0.129957299651799,0.124817693594069,0.0804574347286372,0,0.0406997255477652,0.0498220451778317,0,0,0,1.78488494750417
"TCGA-3C-AALK-01A",0.039021576260169,0.0147633925625591,0.0569942662476125,0.0967028902513688,0,0.180228365170519,0,0.0306749352623851,0,0,0,0.112652873799468,0.0612417561852869,0.0945869129302844,0.0693681726287947,0.0264385694212221,0.0152029271639796,0.0772434607811455,0.124879901335206,0,0,0,1.78864825284083
"TCGA-4H-AAAK-01A",0.0278942325717295,0.0323681345835615,0.0319662754029526,0.0448547390428104,0,0.203280216133471,0,0.0768393548850629,0,0,0.0120825613041025,0.0709605603595275,0.0487174061543326,0.0535122550643369,0.0774397913640386,0.108500435229502,0,0.0588183098096222,0.151867263732942,0,0.000898464362007807,0,1.85407432872939
"TCGA-5L-AAT0-01A",0.116776382966651,0.0111831057397592,0.0162594527220227,0.0972306399533163,0,0.125577629358267,0,0.0756136610962497,0.0324592297213343,0,0,0.0310823637208951,0.0116429513677003,0.0539401365620649,0.147991466600628,0.119933697772311,0.00385112337490838,0.0208650062492015,0.135593152794691,0,0,0,1.83044276378418
"TCGA-5L-AAT1-01A",0.0590030876945706,0.0409697023560387,0.00879278806100727,0.131498511149271,0,0.121465637182087,0.0144211840518287,0.0472546631586359,0.0303159432006359,0,0.00488362305218014,0.0531944487492965,0.0414125643437414,0.0430788703306828,0.13808097565243,0.11015355137034,0.00522551816573364,0.0307066062749325,0.111700017958148,0,0.00784230724843998,0,1.82509963788368
"TCGA-5T-A9QA-01A",0,0.00946853852794658,0.00379995843616616,0.17023592549491,0,0.0718042875529009,0,0.00860271413738178,0.0574452438387674,0,0,0.086968289871833,0.00942184889441688,0.158781585550885,0.0503681702128142,0.290974699305217,0.0188949411442147,0.00330826177237017,0.0599255352601756,0,0,0,1.80430896900704
"TCGA-A1-A0SB-01A",0.094937202329315,0,0,0.229353519001843,0,0.19838618305016,0,0.0670931967732989,0,0,0,0,0.0412326259939257,0.0269497994675616,0,0.11867289022854,0,0.121177506827955,0.102197076327402,0,0,0,1.93510942633469
"TCGA-A1-A0SD-01A",0.0626099975749105,0,0.0191627367116141,0,0,0.205194890053941,0,0.0936018479103636,0,0,0.0405881306552891,0.0419270142481179,0.0280678560478997,0.0449172801708854,0.111520686568711,0.119038891717693,0.0138437947969587,0.0777922888751971,0.141734584668419,0,0,0,1.8830917718132
"TCGA-A1-A0SE-01A",0.140857247482257,0,0.0540259084943588,0.0700511217118042,0,0.240496634832215,0,0,0,0,0,0.0915957330187781,0.0433479566527959,0.100423298895119,0.0899121859860378,0,0,0.0118422968596255,0.15744761606701,0,0,0,1.82980348298086
"TCGA-A1-A0SF-01A",0.17378566171758,0,0.114940028537621,0.101617768807057,0,0.145979600109229,0,0.0303725243500869,0,0,0,0.0445165479531081,0.0429486160905655,0.0363039960559529,0.106213296092858,0.0518962303807431,0.0138395089899668,0.0382025968979078,0.0993836240173243,0,0,0,1.83866796587255
"TCGA-A1-A0SG-01A",0.222314023615169,0,0,0.0690294789707689,0,0.0818923877372944,0,0.108580309103776,0,0,0,0.0813175962669336,0.0303021008369476,0.0449069383667242,0.0734196946423865,0.0886235983432261,0.018486431927207,0.0271828479343296,0.153944592255236,0,0,0,1.7858129523027
"TCGA-A1-A0SH-01A",0.0966509096675132,0,0.0486268395926962,0.0285996629482371,0,0.226199733238442,0,0.0228262458666602,0,0,0,0.0505500826212416,0.0072478646557168,0.0668214342335329,0.039659423601317,0.179607768282305,0.0100505801483857,0.0335277984615972,0.189631656682356,0,0,0,1.82752874929601
"TCGA-A1-A0SI-01A",0.174198006153739,0,0.0444831485484038,0.0899233998241756,0,0.126823683016913,0.000560362091197504,0.102769031971863,0,0,0,0.0406111035015075,0.0290149186325485,0.0717041861095968,0.114077520046398,0.0782413082411638,0.00176835569722756,0.0221792225340401,0.103645753631227,0,0,0,1.88418175288615
"TCGA-A1-A0SJ-01A",0.0892878598964469,0,0.0622501128520351,0.0643446406817205,0,0.254161717127778,0,0.0926785965099563,0,0,0,0.021136686633251,0.0284855815122924,0.050732124655911,0.0907214592404499,0.10410931423529,0,0.0317002976612238,0.0911494752527062,0,0,0.0192421337409386,1.81386700804299
"TCGA-A1-A0SK-01A",0.13227887504341,0,0.0804961880548696,0.139426300703975,0,0.101576190611821,0,0.118757635399129,0,0,0,0.0869855445017808,0.014121024491998,0.201818807174433,0.0563943148532191,0.0340649000578279,0,0,0.0140608392443406,0,0.0200193798631966,0,1.90794423672307
"TCGA-A1-A0SM-01A",0,0.0498875092441733,0.0281815004503544,0.0157821503627359,0,0.195256921519351,0,0.0123566880094244,0.0304161205782198,0,0.0104848019753546,0.0996742968528056,0.0196939939449968,0.0694700141609583,0.0780699458161456,0.17914189499847,0,0.0281617484392864,0.142057843690029,0,0.0179640156236616,0.0234005543340334,1.87336577331274
"TCGA-A1-A0SN-01A",0.101053125599667,0,0.0295966135909735,0.104403940073698,0,0.153466233509643,0.0233620039371386,0.0337238030220694,0.0401368385428572,0,0,0.0618129714037534,0.0177157039145792,0.0809004623222706,0.092599487746624,0.0951443555744966,0.00941513306041065,0.0482894244415956,0.108379903260223,0,0,0,1.84346351880268
"TCGA-A1-A0SO-01A",0.147906126994587,0,0.0573508720459525,0.0565789915082267,0,0.1449355289269,0,0.110394072938482,0,0,0,0.0335769040858429,0.0508227405499465,0.104682173860889,0.175266370681586,0.0889406714763565,0.0106969815685677,0.00513130198239587,0.00814470447183828,0,0.00557255890842825,0,1.83309679790821
"TCGA-A1-A0SP-01A",0.0784383247365465,0,0.105825277711353,0.0202896991461034,0,0.143691091903218,0,0.0674448875993764,0.00565408740694839,0,0,0.0319931419413378,0.0261627829449737,0.0898402195681545,0.125647815285058,0.115478732103929,0.109626720038945,0.0712078942516157,0,0,0.00461036154477918,0.00408896381766177,1.835799716381
"TCGA-A1-A0SQ-01A",0.155451686361374,0,0.128244676839211,0.0291956595927714,0,0.111046851547014,0,0.0697730889150516,0,0,0,0.0745967503649912,0.0510043420974828,0.00562241142023948,0.0811810727918277,0.156727579716559,0,0.0129144132508137,0.11116753676538,0,0.00685743741741786,0.00621649291986485,1.97667160135317
"TCGA-A2-A04N-01A",0.0725153233931022,0.0539030809044697,0.0035670439545288,0.0604148113273431,0,0.220547693324276,0,0.0630343700248434,0,0,0,0.0313545248849413,0.0202541310756991,0.0688284603047421,0.0927757873490998,0.126435132386523,0,0.0256170384567121,0.160752602613719,0,0,0,1.82200382554719
"TCGA-A2-A04P-01A",0.15380907955879,0.0570674533981354,0.0115723927926713,0.0303038854198113,0,0.142984661177289,0,0.182756680477933,0,0,0.00508878938299691,0.00564628467788448,0.0402289157674511,0.0315949460597419,0.111876293111318,0.0716297644423823,0.0116054167182891,0.128224236313531,0,0,0.0156112007017753,0,1.6669342289353
"TCGA-A2-A04Q-01A",0.110336312804426,0,0.038361517660374,0.115911324400417,0,0.0369219546855764,0.0179818456926003,0.128014250364158,0,0,0,0.0994999866838988,0.0566297618275647,0.0441325191806896,0.12368286042771,0.0997868220348154,0.029994784814858,0.0634499382310873,0.0352961211918231,0,0,0,1.8520347241157
"TCGA-A2-A04R-01A",0.0739658790572582,0,0.06378678036425,0,0,0.145596810134934,0,0.0111318353188481,0,0,0.0440143547353837,0,0.0137967682019874,0.216824781870651,0.0649742174139455,0.0839790237265278,0,0.0302359855275018,0.233421400823935,0,0.0182721628247777,0,1.8378041180293
"TCGA-A2-A04T-01A",0.158068416003792,0,0.0773758592326979,0.0667568798564492,0,0.0972628018166025,0.0359259283992649,0.119418561083067,0,0,0,0.0591951086167109,0.045809991584145,0.0560881436112326,0.112216052947853,0.0713795852724408,0.0202796083815972,0.0559920247955134,0.0242310383986331,0,0,0,1.75544727250306
"TCGA-A2-A04U-01A",0.0769852061467383,0,0.143948992965348,0.114835002632077,0,0.10237063672532,0,0.0870878721912797,0.0274014371842187,0,0,0.0351276796501252,0.0118054898184016,0.160971686930514,0.0104257684025572,0.101470218799577,0,0.0872957329156262,0.0402742756382185,0,0,0,1.77772741028452
"TCGA-A2-A04V-01A",0.0139902266416566,0.0057159390994231,0,0.0639028593511744,0,0.145617597177443,0,0.0225331892970102,0.0390394729708692,0,0,0.178834302322583,0.0684037737973992,0.08025117271025,0.0955407163594258,0.111567720750465,0.0163954316748444,0.0206418853752134,0.137565712472242,0,0,0,1.72744183438303
"TCGA-A2-A04W-01A",0.0908242561629995,0,0.0739523797825485,0.0773365154070425,0,0.16200138129567,0,0.0695361978672171,0,0,0,0.0637292730157112,0.014185385851872,0.150708009535508,0.0494807301206364,0.107617290910333,0,0.0364626884192155,0.0967529654938966,0,0.00256857941448953,0.00484434672286016,1.80122221008721
"TCGA-A2-A04X-01A",0.0702601085472129,0.0253927768969461,0.0683813238680653,0.0749792885086129,0,0.138936670474582,0,0.0619401760729213,0.000568870454334087,0,0,0.101881970556268,0.0416937605986482,0.0657310424768766,0.114041325801207,0.0877489783752007,0,0.061685568340109,0.086758139029016,0,0,0,1.78915068931342
"TCGA-A2-A04Y-01A",0.077370789587562,0,0.047930609558994,0.0996020644244135,0,0.189610602796058,0,0.0907456219206439,0,0,0.0514083194908134,0,0.0457701183037177,0.0285560693480281,0.129041497286099,0.134981616445412,0,0.0288265064728779,0.0584224705719798,0,0.0177337137934007,0,1.79900104223872
"TCGA-A2-A0CL-01A",0.111691150683335,0.0293841705883931,0.0172746107272456,0.01490859288517,0,0.166861232386084,0.031825918214614,0.0916672822431044,0,0,0.0206936107502807,0.0430610743937071,0.0753242419417589,0.0379233355929783,0.137665619616795,0.09598559574829,0,0.0442031502227932,0.0815304140054501,0,0,0,1.9195930076798
"TCGA-A2-A0CM-01A",0.0462317803601421,0.0145496311388724,0.0654554613053872,0.112086059691268,0,0.113532941704945,0.0238399209426839,0.104668619822052,0,0,0,0.0579886848607059,0.0562179346911313,0.0794069517342998,0.196158980591718,0.0836347402379807,0,0.0380884201225831,0.00813987279623098,0,0,0,1.899342994303
"TCGA-A2-A0CP-01A",0.108341420012328,0,0.126423969961433,0.0547440705222365,0,0.207584026724351,0,0.0122849036452297,0,0,0,0.00801469509103668,0.0184426670588494,0.037493342694169,0.0843398356446191,0.115906145136651,0,0.0496206001960888,0.176804323313008,0,0,0,1.77939171018092
"TCGA-A2-A0CQ-01A",0.0197237920805796,0,0,0,0,0.158343042563667,0,0.0743973430217913,0.0607548313095108,0,0,0.0616786755354547,0.0522997090595701,0.0287321542650047,0.0894083166010785,0.315319023990802,0,0.0611735193100821,0.0205579872451634,0,0.057611605017296,0,1.94658659509602
"TCGA-A2-A0CR-01A",0.168988577593621,0,0.0547113758425307,0.149095542295455,0,0.0561618839639522,0,0.0928191722535722,0.0285433109626597,0,0.00898488300856203,0.0452467586078622,0.0355515166719938,0.023854252059946,0.113169465596895,0.0952852013026743,0.0293037245906066,0.0300428238047823,0.0651112030219677,0,0,0.00313030842291935,1.82950523521384
"TCGA-A2-A0CS-01A",0.0278548798070746,0,0,0.0614489597113387,0,0.220555146425265,0,0.0123138809105523,0.0467559506812811,0,0,0.0522242427736837,0.0242017046782863,0.0058366266203493,0,0.129303288403457,0.127104400866663,0.123360103291806,0.169040815830243,0,0,0,1.83331323828265
"TCGA-A2-A0CT-01A",0.121439652828772,0,0.012386627098643,0,0,0.209425265505867,0,0.0401962198345505,0,0,0,0.0897388280661018,0.00529606821065056,0.0302108612356451,0.0867620053517088,0.143536142015538,0.00375168294374675,0.0212951845078519,0.204087139331201,0,0.0318743230697232,0,1.81169528491035
"TCGA-A2-A0CU-01A",0.0908739554359368,0,0,0.0672410088877495,0,0.156947437877676,0,0.108097291047863,0,0,0.0143315863352404,0.0700085141696141,0.0779254099413255,0.0203490725538149,0.0982423617073825,0.147536886618813,0,0.0413247778094062,0.103858863904572,0,0.00326283371060588,0,1.82927281893678
"TCGA-A2-A0CV-01A",0.153665936265545,0,0.0111464392830853,0.132999987314285,0,0.140033132606292,0,0.132394649710296,0,0,0.0133576423059991,0,0.0344999217945455,0.0232431841740204,0.0915477374693481,0.137818005475843,0,0.0853975274798827,0.0270542320616517,0,0.0168416040592058,0,1.89408962291071
"TCGA-A2-A0CW-01A",0.0515039227997051,0,0.0212829989707533,0.0483317365899841,0,0.162853405113512,0.00895751517247105,0.0658435663778943,0,0,0,0.0991902873081048,0.0224114446052524,0.0598829704132978,0.143306189549551,0.126648537185277,0,0.0712347295739679,0.115504425745336,0,0,0.00304827059489301,1.79699816746309
"TCGA-A2-A0CX-01A",0.0784630749552828,0,0.0184868445981965,0.0118935854981382,0,0.18854176564501,0,0.0829238403543345,0,0,0,0.106351872171587,0.00370516488403098,0.0583756844549351,0.125015521990905,0.142498878439616,0,0.0529810884610091,0.113230173885175,0,0,0.0175325046617813,1.83245668485075
"TCGA-A2-A0D0-01A",0.0324127929835641,0,0,0.110488594775974,0,0.149816853722713,0.0308799795021257,0.14627620151927,0,0,0,0.064722365932778,0.04182108978277,0.0992317470356332,0.131873232779107,0.0737650005218601,0.0657798757497921,0.0480223251588902,0,0,0,0.00490994053552267,1.73735498405081
"TCGA-A2-A0D1-01A",0.0210027016765134,0,0.113962257796952,0.033167254690086,0,0.149248983702047,0,0.114367181576821,0,0,0,0.0969310492727817,0.0154492427026502,0.226578112965146,0.103576381300611,0.0486642364793569,0,0.0544081076482782,0.0226444901887577,0,0,0,1.84404180737598
"TCGA-A2-A0D2-01A",0.113888499387098,0,0.0208108900869034,0.0719661980755356,0,0.0751217896699606,0.0209462854280322,0.100003286366498,0,0,0.0132708494547946,0.0397560749863394,0.0615877066278143,0.0792155900416894,0.1395733673324,0.0858900415108397,0.0271427814310483,0.0664525447377206,0.0843740948633248,0,0,0,1.80063162805483
"TCGA-A2-A0D3-01A",0.220852849041621,0,0.0314247550217908,0.124165269176077,0,0.0903390996938743,0,0.110598718938265,0,0,0,0.0583128354656113,0.0323079004816094,0.039302071640037,0.113474028059765,0.0726799171582226,0.0112816865773413,0.0486630991939443,0.0465977695518414,0,0,0,1.81200883131193
"TCGA-A2-A0D4-01A",0.105934383012187,0,0.037945452730882,0,0,0.262964971244789,0,0,3.95975940555851e-05,0,0.007492380393137,0.048946736888301,0.0435647918817804,0.0535159309900686,0.0472106963432765,0.177010639309693,0.0113881009902049,0.00301893324040113,0.199034716997393,0,0.00193266838383117,0,1.84279019515713
"TCGA-A2-A0EM-01A",0.00555105184931617,0.0250486460392131,0,0.00642103286215262,0,0.232538090014725,0,0.078400068396508,0,0,0.0260049673256081,0.0132616271531356,0.0506561190019088,0.00216486091286191,0.0973995327314655,0.179864957955523,0.0862455199616615,0.085323772727111,0.111086452920784,0,3.33001480259917e-05,0,1.90131679975639
"TCGA-A2-A0EN-01A",0.162838943621696,0,0.00166584879418872,0.0926187494127782,0,0.109930400333378,0,0.0885186389718602,0.021915252992377,0,0,0.0536139574040728,0.0472615286250666,0.0357900273407966,0.106336600520596,0.0942581782287016,0.01653414914361,0.0595182439531768,0.109199480657702,0,0,0,1.81503157693654
"TCGA-A2-A0EO-01A",0.164797414234906,0,0.0525323449763224,0.0536838916065742,0,0.225337379598454,0,0.0518439383851491,0,0,0,0.0349922483403525,0.0408333653331991,0.0517294969994869,0.0907561410519337,0.0841044555197571,0.00428827341322439,0.0289037523532196,0.11619729818742,0,0,0,1.82970041151274
"TCGA-A2-A0EP-01A",0.148886535720159,0,0.0237711641977114,0.060187571694769,0,0.156041202127659,0.0354009573464478,0.0864439890212488,0,0,0.0417273314025018,0.0142433163525551,0.0458917008384178,0.0476482653791229,0.0653673242013139,0.0952654237161195,0.0628296946819419,0.070050095433992,0.0302924314158951,0,0.0159529964701449,0,1.81279303319752
"TCGA-A2-A0EQ-01A",0.154645917363231,0,0.066592568623731,0.083562664601044,0,0.157188759000191,0.0422439383607712,0.0507421038377297,0,0,0.020240535792977,0.00751097737539387,0.0208193654745014,0.0742499536120351,0.144318035444959,0.0554057229441302,0.020837487875006,0.0484176832941535,0.053224286400146,0,0,0,1.84740643613891
"TCGA-A2-A0ER-01A",0.120526374283655,0,0.0474716315075565,0,0,0.22243063778207,0,0.103987565579109,0,0,0.0126428419179134,0.0133939380426104,0.0281327405344144,0.0875865096629545,0.0625538617863357,0.0925869326017786,0.0058642124972987,0.0613000373852202,0.129848259345379,0,0.0100027119061601,0.00167174516754389,1.85199908361245
"TCGA-A2-A0ES-01A",0.170186560347844,0,0.0277911240791265,0.0512522811136688,0,0.217818151193137,0,0.086219210877134,0,0,0,0.0160778998570214,0.048165150298267,0,0.0725305352364224,0.158035035868369,0,0.0871604299601142,0.0539817794843876,0,0.0107818416845079,0,1.92612637137334
"TCGA-A2-A0ET-01A",0.0761034806245973,0,0.0413532473090456,0.121739097432581,0,0.144017059869423,0.0208889875261923,0.11009021414878,0,0,0.0433944365118746,0,0.0468007453727437,0,0.0901772207583213,0.175177866765515,0.0330775737114156,0.0678226753041195,0.0179882309045117,0,0.0113691637608809,0,1.9056861569288
"TCGA-A2-A0EU-01A",0.0141754451300784,0.00110661875906226,0,0.0246476912508754,0,0.23694577278687,0,0.0569050392191539,0,0,0,0.070294686945502,0.0383848164367861,0.0696903614105008,0.10323745182812,0.0769968834526411,0.0561289348430691,0.078577036642899,0.172909261294442,0,0,0,1.80547703209767
"TCGA-A2-A0EV-01A",0.109299157026068,0,0.0334637496006774,0.0658007729987462,0,0.211306739463544,0,0.045717648066923,0.00699625099545899,0,0.00162290615037594,0.0264017010335389,0.0365784716304856,0.0617285658253154,0.10897182793437,0.143289023206293,0.00303054846983979,0.0442263589420757,0.0956418627032199,0,0.00592441595306872,0,1.87751371680517
"TCGA-A2-A0EW-01A",0.0914442907624337,0.0258532715762169,0,0.0839723320210333,0,0.180915484956139,0,0.130838745114433,0,0,0,0.0861621236569462,0.046159344536759,0.0172996227216309,0.0769028882524605,0.111449475550661,0.00599726078383691,0.0423405991673327,0.0841834678535005,0,0.0164810930466165,0,1.90765101930855
"TCGA-A2-A0EX-01A",0.170981331531616,0,0.00428217078794157,0.0155944948710956,0,0.166005670843793,0,0.0831393134342847,0,0,0,0.0273141926868109,0.0414291320864801,0.0774982428590404,0.0872997468883943,0.118680896227889,0,0.0688665273428285,0.138908280439825,0,0,0,1.83330122222946
"TCGA-A2-A0EY-01A",0.0830164119320329,0.0880529213523334,0.00932655753246464,0.0391600331238614,0,0.235728585023378,0,0,0,0,0,0.0425933557386759,0.0607939774916083,0.108030606795226,0.0760582947623141,0.0601392587977341,0,0.0595312035579267,0.136709069244091,0,0,0.000859724648354029,1.77755350298085
"TCGA-A2-A0ST-01A",0.176194851225054,0,0.0347864525419839,0.067618808932039,0,0.114332787291904,0.0382981331620854,0.114047537984559,0,0,0,0.0837446970295383,0.0142491334368136,0.0760164187476552,0.099191990988567,0.0434090034487024,0.0632959658247541,0.0737684624205527,0,0,0.00104575696579199,0,1.87035378870915
"TCGA-A2-A0SU-01A",0.0659090160314722,0,0,0.111008585495068,0,0.188067911239269,0,0.0388724267167509,0.0243267761535712,0,0,0.07221356618351,0.0544774298381152,0.136571710691897,0.120145619942934,0.0228835564783214,0.0450910962598817,0.00350522457682345,0.111648582448765,0,0.00527849794362182,0,1.80897624867546
"TCGA-A2-A0SV-01A",0,0.00208814654305875,0,0.0205383292466393,0,0.290701341526424,0,0.0906902520562426,0,0,0.00980430391087234,0.0154798049994979,0.0299608227896488,0.113704941720434,0.104357695908695,0.133277288577314,0.0284448761557195,0.0441602204374781,0.0697688790872823,0,0.03656539293226,0.0104577041084336,1.89796176848988
"TCGA-A2-A0SW-01A",0.0869488499790238,0.0608983455209185,0.0353387749996101,0.100197406712204,0,0.140078230430426,0.0589684376358257,0.0342276174939927,0,0,0,0.022317579281216,0.039237192679334,0.0984923968018112,0.117235185406545,0.0708719988628245,0,0.0560943246726408,0.0756357945658083,0,0.00345786495782017,0,1.80179275621085
"TCGA-A2-A0SX-01A",0.0887065207220992,0.0390479358964509,0.0115229321744912,0.0916399642320684,0,0.154165956057731,0.00765946192916022,0.0869319509884894,0.0179225481883419,0,0,0.0207668774159489,0.0624505157736356,0.129907256996781,0.1408419134514,0.0713685262008018,0,0.0710000264477514,0.0060676135248482,0,0,0,1.8537738675565
"TCGA-A2-A0SY-01A",0.227808150857576,0,0.0210278318061332,0.0872454052103407,0,0.207826965679305,0,0.0470368074845845,0,0,0,0.0456729865573388,0.0468644890927545,0.0791381887473993,0.0731399301066365,0.0341485182003119,0.00852513313511608,0.0195672727404788,0.101998320382025,0,0,0,1.76216482508767
"TCGA-A2-A0T0-01A",0.0337920157121646,0,0.00922091684421433,0.0219276074482671,0,0.183707817448565,0,0.115712521544568,0.0335500216326458,0,0.00266821923052058,0.0296476813195375,0.0469102843175681,0.098626647146655,0.148009034129639,0.180799287302201,0,0.0298737211134855,0,0.0628450909981398,0.00270913381182926,0,1.85079304743618
"TCGA-A2-A0T1-01A",0.0800534960973524,1.66529892852161e-05,0,0.106258033017194,0,0.160210765933654,0,0.0490731279396981,0.0255830091678532,0,0,0.0738870135908009,0.0614227426560067,0.0699587417575735,0.137513739201477,0.109441412570468,0.0137570617566898,0.044784529439605,0.0680396738823427,0,0,0,1.77419046419695
"TCGA-A2-A0T2-01A",0.0026171075328319,0,0,0.101048621138683,0,0.144194716540336,0,0.165619636296353,0,0,0,0.106843228650128,0.0550172558773973,0.0816756533304753,0.130610314534274,0.142434861358149,0,0.0323562065434012,0.0321289229962001,0,0,0.0054534752017715,1.78653104015737
"TCGA-A2-A0T3-01A",0.1297033727112,0,0.00377139317107618,0.0496631410539721,0,0.180572002640911,0,0.056831511593076,0,0,0.111907397715857,0,0.0479735197649886,0.209641269967372,0.112671474688254,0.0600338890208103,0,0.0372310276724824,0,0,0,0,1.78694694934068
"TCGA-A2-A0T4-01A",0.117119379994102,0,0.0132211189047979,0.0781540662904338,0,0.132618361530903,0,0.0603447821287192,0.00598599290882873,0,0,0.0393502463784232,0.0530643097258866,0.0536164549472018,0.102129982880181,0.116737947402792,0.00469909353382182,0.0728449409707004,0.150113322403208,0,0,0,1.79539846039355
"TCGA-A2-A0T5-01A",0.0907184484911915,0.0280194329460588,0,0,0,0.160097148672594,0,0.12535632124915,0.0333362423073295,0,0.0408222923400252,0.0490851830306493,0.0253517709036379,0.0984858461020492,0.11140411556458,0.11958843711829,0.0353864605854654,0.048959477687931,0.0333888230010482,0,0,0,1.86114774741413
"TCGA-A2-A0T6-01A",0.134740349142895,0,0,0.0616460345077062,0,0.212912174653845,0,0.097139015042143,0,0,0.016699527480702,0,0.0421236864693556,0.041552319811372,0.0739710504129133,0.065617166241739,0.0454389972405882,0.0555537472850138,0.136345009752144,0,0.0162609219595824,0,1.87217203495762
"TCGA-A2-A0T7-01A",0.132570356885933,0,0.0420410083882546,0.0701011014986074,0,0.157507571290011,0,0.0539976693506281,0.0202530384602164,0,0,0.051999777079373,0.0165925552021188,0.093476153027243,0.0861019182696906,0.150405358872008,0,0.0282816772328257,0.0966718144430915,0,0,0,1.87115844966771
"TCGA-A2-A0YC-01A",0.0344970952918575,0,0.00879361063901042,0.177222251356364,0,0.158723590130382,0,0.00843573213530948,0.00800121461102135,0,0,0.0489378408353411,0.0342493035403047,0.0719651093539024,0.0689605301912036,0.120517224388849,0.000199209548610637,0.0919498405046872,0.167547447473157,0,0,0,1.81979755818837
"TCGA-A2-A0YD-01A",0.0846232382058276,0,0.0220853478175014,0.0783240222475408,0,0.1375235796973,0,0.0992114298720128,0,0,0.046990434049228,0.0109498626307015,0.0667439825452536,0.0559650750328304,0.0810419808703744,0.120203272295308,0.00382856507852547,0.0752639603862848,0.10724481280074,0,0.00805273197590383,0.00194770449466769,1.90111634009509
"TCGA-A2-A0YE-01A",0.122643770636109,0,0.11679190664289,0.0270211682225665,0,0.142161766182804,0,0.0865035455404592,0,0,0,0.117324810416991,0.0417672874532442,0.0966298042367457,0.115677002686683,0.0434420484999249,0,0.0249113477048919,0.0651255417766896,0,0,0,1.92925428841485
"TCGA-A2-A0YF-01A",0.140031392875905,0,0.0294805259324871,0,0,0.148262849945073,0,0.0989791715848104,0,0,0.00311747232153687,0,0.00692966943987076,0.0853724948618299,0.0874542075148193,0.218480095581967,0.0547604171477679,0.049876515792445,0.0490457543431652,0,0.0282094326583228,0,1.94937242559411
"TCGA-A2-A0YG-01A",0.0916271588935898,0,0.0438384840476707,0,0,0.186909362089472,0,0.0881497233728952,0,0,0.00227487223715477,0.0442564135938568,0.0236605944772944,0.0827373486765736,0.153081261389063,0.139494247499178,0,0.039750136883902,0.10422039683935,0,0,0,1.8535245405604
"TCGA-A2-A0YH-01A",0.126809299113787,0,0.082951097529879,0.0286468018720463,0,0.129511445047645,0,0.0909428912526622,0,0,0,0.0263961550078791,0.0331293391566105,0.0734502375368148,0.0977917234372277,0.114854527808505,0,0.0646101994184723,0.101838128632772,0,0,0.0290681541856997,1.94092595116966
"TCGA-A2-A0YI-01A",0.0452653159094761,0.0735085185607276,0,0.118386088987671,0,0.166340997687799,0,0.0394486169384823,0.0127032379699916,0,0.0438810275198634,0.02449342918468,0.0346994152171553,0.0493710100409863,0.116303858841591,0.143913907421198,0.0146674696583783,0.0333341414312683,0.0836829646307306,0,0,0,1.95938385545058
"TCGA-A2-A0YJ-01A",0.0199106569236289,0,0.046107874584052,0.075201536296301,0,0.195369313092629,0,0.0554129689603498,0,0,0,0.0572114959735895,0.0611466711196894,0.158326854173137,0.0914605576856693,0.134880745112803,0.0630110490515423,0.0134840694282932,0,0.0243443883118277,0,0.00413181928648882,1.88750339303462
"TCGA-A2-A0YK-01A",0.175491745329014,0,0.0269084497085608,0.0573276447657761,0,0.198048099137174,0,0.102812532007545,0,0,0,0.055918121771477,0.0484066622493064,0.0413207514112477,0.108103404177941,0.067150454045543,0,0.0424720425966845,0.0760400927997309,0,0,0,1.86356300984435
"TCGA-A2-A0YL-01A",0.156263817374421,0,0.0481187648327704,0.102964630261582,0,0.109479024678925,0,0.0735084214813575,0,0,0,0.0862418041424691,0.0359050323916628,0.0343278736014423,0.0824128869626015,0.116088472760803,0,0.0530540488532536,0.0972386954217133,0,0.00439652723699845,0,1.89112646926467
"TCGA-A2-A0YM-01A",0.0568692584178828,0,0.00880654819920723,0.0226617142198661,0,0.237514171758123,0,0.104668089536063,0,0,0,0.047238465694224,0.0910754791850032,0.0842132525238593,0.118325238488616,0.0589154170778639,0.0345196895905995,0.111285220428291,0,0.021413523256642,0,0.00249393162375973,1.90407166079552
"TCGA-A2-A0YT-01A",0.0453868508287482,0,0.0683953283783632,0.0852425137718813,0,0.232095254670385,0.0376475938285379,0.00186577400565465,0,0,0,0.0635068475609658,0.0696547733793921,0.00101998067900229,0.081178122162274,0.126311809122698,0,0.0815816643637566,0.0756640922769447,0,0,0.0304493949713957,1.80574194237898
"TCGA-A2-A1FV-01A",0.115713835911684,0,0.0220889861022849,0.045484847572459,0,0.256386644380795,0,0.0086746106343806,0,0,0,0.152477208956104,0.0137948175663981,0.00620646425369756,0.0295893508127761,0.129358356849351,0,0.0239761217506341,0.177997652517967,0,0.0182511026914674,0,1.82138816298259
"TCGA-A2-A1FW-01A",0.109883746859569,0,0.0526776839251614,0.0289419960289485,0,0.303673399972402,0,0.0147195927862835,0,0,0.0352568737382956,0.00246672997589124,0.0375409578418067,0.0400078614947034,0.121729489093204,0.132859430652144,0.00153479592680969,0.0290444503172474,0.0896629913875334,0,0,0,1.8954689648833
"TCGA-A2-A1FX-01A",0.043634937056547,0,0.052631322617197,0.0597142057099988,0,0.194708002082687,0,0.0849794808059225,0,0,0.0279463984248867,0.0130106895266632,0.0377083965099378,0.0260163074808042,0.110555747332609,0.143816338828971,0.0128186788873537,0.0317005806466161,0.134498075021596,0,0.00606537751976589,0.020195461548443,1.87281849959315
"TCGA-A2-A1FZ-01A",0.107591594009762,0,0.0734860940079297,0.0381416385870692,0,0.176552642826655,0,0.0382775081567353,0.0175015548541371,0,0.0228169594718929,0,0.0434045657546875,0.0131105824962133,0.109617019087159,0.184824739292793,0.0864059130407991,0.0142428869201965,0.0646143192148452,0,0,0.00941198227912496,1.91610030529279
"TCGA-A2-A1G0-01A",0.118693027878013,0,0.104004551635985,0.0751077796861526,0,0.174945012821311,0,0.07079135246088,0,0,0.0301967430844041,0,0.0638268204552826,0,0.101107651054047,0.10853043572247,0.0484131591540179,0.0366217898349336,0.0629035441787472,0,0.00485813203375476,0,1.8623383801309
"TCGA-A2-A1G1-01A",0.0759319548325864,0.0180664730188219,0.0103904378724495,0.0761214417724239,0,0.109885820241279,0.0802237106825307,0.108921530065886,0,0,0.0186605922756614,0,0.0264577731888704,0.102853644586667,0.167881248202502,0.128723310516911,0,0.07005565767397,0,0,0,0.00582640506944066,1.88248298882321
"TCGA-A2-A1G4-01A",0.197471059695864,0,0.100752480258032,0.0391354802668331,0,0.131051280890699,0.00919118717554281,0.125080345411597,0,0,0.0676683330261718,0,0.038668488465903,0.000516133890120914,0.0687274600335871,0.147797533421997,0,0.0220317989734118,0.0280563312877285,0,0.0238520872025128,0,1.80414332477631
"TCGA-A2-A1G6-01A",0.128833942481491,0,0.0705089086099196,0.115988588243911,0,0.178790559725636,0.0262180766245134,0.0369487243211079,0,0,0.0322338917904189,0,0.0822383809520429,0.00280490614799921,0.0100091832770118,0.131356012559351,0.0216106477925429,0.0739689986275195,0.0884891788465358,0,0,0,1.92069799211751
"TCGA-A2-A259-01A",0.189674079047833,0,0.00305641734052908,0,0,0.175695620154281,0.0136276517623342,0.0930524979033091,0.00485153858982919,0,0.000533819333645369,0,0.0709708545044231,0.0530788297685621,0.105778180259068,0.0509615090210249,0.00323328310232161,0.0850711870249419,0.130579441694008,0,0.00483693979000634,0.014998150703883,1.79408528252187
"TCGA-A2-A25A-01A",0.132312336293622,0,0.0272236486990854,0.0755466407984223,0,0.154676367899133,0,0.0937516857581301,0.0104495580631883,0,0,0.0443638114840909,0.0473178191231261,0.0350767441187963,0.0985833136100923,0.0837780961762528,0,0.0620213568153722,0.114264300252298,0,0.0206343209083899,0,1.88484142350844
"TCGA-A2-A25B-01A",0.0804404547785006,0,0.0302964352921554,0.047339081872804,0,0.204515094757524,0,0.0460716749273486,0.031741471395202,0,0,0.0754154943566128,0.0488250043530802,0.055812639245948,0.134753669321835,0.146036391401264,0,0.032221739815812,0.0474124074720349,0,0,0.0191184410098784,1.8565946261147
"TCGA-A2-A25C-01A",0.156877498112648,0,0.0338443809919207,0,0,0.216852898307287,0,0.0862811553019539,0,0,0,0.0275814881284695,0.0502804967565829,0.0663703373360977,0.0900035315224604,0.0924540020822375,0,0.109837623687692,0.0696165877726497,0,0,0,1.94647307537833
"TCGA-A2-A25D-01A",0.123463216204732,0,0,0.0998122293427383,0,0.136245593127778,0.00616965838934942,0.0864525535737243,0.00448367245412189,0,0,0.0453994014272847,0.0464309823797876,0.0392121650514548,0.123497732066114,0.0871217075312105,0.00031470562262856,0.0733103506015543,0.115616464447423,0,0.0124695677800989,0,1.76060778201185
"TCGA-A2-A25E-01A",0.136949192137358,0,0,0.00333507914866672,0,0.208471932505938,0.028001437097599,0.176001447605936,0,0,0.0224905759823184,0,0.041318544514315,0.0537038151816548,0.0981859542416171,0.155178739850664,0,0.0318199874808144,0.0445432942531174,0,0,0,1.81856202179307
"TCGA-A2-A25F-01A",0.11569241462552,0,0.0132794857179989,0.0530334010689266,0,0.156670551288833,0.0556566085038225,0.0486281838525965,0,0,0,0.0564195212417358,0.0567877050619602,0.0647248202761837,0.107640882658811,0.107353568210995,0.0229299128399405,0.0537082959093781,0.0874746487432985,0,0,0,1.91050148143042
"TCGA-A2-A3KD-01A",0.195310848183273,0,0.0962980488063905,0,0,0.213720816514938,0.00683578968173418,0.0389253925261321,0.0246751168365972,0,0,0.0477529928214133,0.0360797303718556,0.0731041037799703,0.0512560435577549,0.111261173500522,0,0.0229411971094529,0.0700748667221777,0,0.0117638795877879,0,1.92578766287991
"TCGA-A2-A3XU-01A",0.0917215389765363,0,0.209411507616044,0.0846904634371133,0,0.0562856696285599,0,0.106646502273705,0.0174647344096986,0,0,0,0.028923571130038,0.251381856579335,0.0330376148274102,0.0834440893431213,0.00683877042813849,0.0137686267591367,0,0,0.0163850545911639,0,1.80013707713002
"TCGA-A2-A3XW-01A",0.0178477284084968,0,0,0.108888101948428,0,0.0614531599008902,0,0.0405332198053009,0.0900387676581437,0,0,0.0910449261836117,0.0543043569334404,0.0609603961076988,0.11855097156407,0.126699492974684,0.0772110546265223,0.0100390092057586,0.138912824699564,0,0,0.00351598998339102,1.85930228904319
"TCGA-A2-A3Y0-01A",0.112600974901239,0,0.0160821186609873,0.114443326439474,0,0.0936853583219797,0.012411410149006,0.147178734224452,0.0421381784744268,0,0,0.0883932799593486,0.0222948962688725,0.0808749001341773,0.119419859466833,0.0750784197069009,0.0131413714355954,0.0522090532598163,0,0,0,0.0100481185968913,1.74866364049086
"TCGA-A2-A4RW-01A",0.101775904888024,0,0,0.100714137351733,0,0.128504216239697,0,0.0160472454364087,0,0,0,0.0955805078153573,0.0561684213147019,0.0948452342062724,0.147783176624248,0.0377052293155143,0,0,0.220875926808043,0,0,0,1.83067619017605
"TCGA-A2-A4S1-01A",0.00233643418569374,0,0.0117408119696254,0.0229789647924694,0,0.196421686884365,0,0,0,0,0,0.115129975252942,0.0772783970101564,0.0668452949344329,0.103018613226503,0.28925419031109,0.000650022854751444,0.00821914286336098,0.106126465714611,0,0,0,1.76915884654725
"TCGA-A2-A4S2-01A",0.0719781208588553,0,0.0357019329568055,0.0824720355822323,0,0.165065619174582,0.0269294374211966,0.0351529043204607,0,0,0,0.0653395330254953,0.0591759563113921,0.0803168120029736,0.104470026374454,0.0870372535599098,0,0.0688569437776477,0.117503424633995,0,0,0,1.95609534558472
"TCGA-A2-A4S3-01A",0.0393295090471332,0,0.00124306830747619,0.0661653132661692,0,0.173043637204263,0,0.123306883686524,0.0065512646147539,0,0.0145789890063605,0.0744684423507519,0.0304628024756395,0.0788522553917109,0.126756446616196,0.0943477418791926,0.0123978235258087,0.0525675631107916,0.105928259517229,0,0,0,1.76719754028433
"TCGA-A7-A0CD-01A",0.0562725675815051,0,0.1269602088002,0.00192937831231401,0,0.18443416090064,0,0.0332275267676175,0.00118344799516099,0,0.0156496359454852,0,0.0141489145398055,0,0.0815882916885557,0.214733081204654,0.00656775169646334,0.0429575228978218,0.213497989162857,0,0.00684952250691923,0,1.85685038214383
"TCGA-A7-A0CE-01A",0.0899366626850245,0,0.0688687118164077,0.0781213129682312,0,0.0430027548563416,0.000692623477083188,0.114218913975603,0,0,0.00820829538143911,0.0618007227797172,0.0482110690109618,0.0993130668963793,0.174729667886135,0.0973236739826672,0,0.0411589869406065,0.0744135373434024,0,0,0,1.83241094993808
"TCGA-A7-A0CG-01A",0.158417534674068,0,0.0563692466707942,0.0791893210133788,0,0.185016611142357,0,0.0609279085572029,0,0,0,0.042085514948957,0.0462810466601824,0.0267511040190182,0.0926209499777225,0.0974638524815421,0.00337752749443864,0.0421662526719111,0.109333129688427,0,0,0,1.83266169954061
"TCGA-A7-A0CH-01A",0,0,0,0.0306060830201591,0,0.283675943796739,0,0,0,0,0,0.0935693882791424,0.0488314424990676,0.0615064883120674,0.0716029203024513,0.183718421400151,0.00627449709699116,0.0776298354745123,0.142584979818719,0,0,0,1.95472546888577
"TCGA-A7-A0CJ-01A",0.175644599237602,0,0.0262746454563737,0.0681928620828619,0,0.154725571272384,0.0475078027275497,0.0445285782750117,0,0,0,0.0253055461056334,0.0381800107883027,0.103816944836656,0.115243848877193,0.0804756208471552,0.0151692152428771,0.0281154703349371,0.0684874786178393,0,0,0.00833180529762295,1.8205517195691
"TCGA-A7-A0D9-01A",0,0,0.111658411854746,0,0,0.304735397352457,0,0.0489351382284744,0,0,0.00575143699630654,0.0476220646560763,0.0341140302179171,0.152529964984283,0.00061324941066114,0.130083412441281,0,0.100803179009915,0.063153714847882,0,0,0,1.77161117239264
"TCGA-A7-A0DA-01A",0,0.0338975991953584,0,0.00731738841123654,0,0.19673261936377,0,0.0321266700597491,0.0383674532350872,0,0.0099772467923299,0.0867147042180515,0.0209612964457536,0.182233258630859,0.0570959533228618,0.149756227604524,0,0.125100325977139,0.0597192567432797,0,0,0,1.91843185933368
"TCGA-A7-A0DB-01A",0.0281084000202876,0,0.0262904429888166,0.0323570470582308,0,0.172549767450541,0,0.0355769683190348,0,0,0.0516936142739363,0.0353039926031511,0.0644953383630174,0.122458808809725,0.0681288467137953,0.160678537496334,0.0759422012701404,0.0113124343719583,0.115103600261031,0,0,0,1.86275936724842
"TCGA-A7-A13D-01A",0.0429803954032541,0,0,0.0346669274155979,0,0.15251019371417,0,0.0814635692773033,0,0,0,0.148819545852813,0.0539898038412162,0.305673951828921,0.0223038871440032,0,0,0.087638282372551,0.0560330723157348,0,0.013920370834436,0,1.97383040055535
"TCGA-A7-A13E-01B",0.0994839069053815,0.0394704206448974,0.00605302354799185,0.00580927317957393,0,0.235187956353898,0.0155706376995344,0.0807478575373102,0,0.0163807474513005,0,0.0777191569803671,0.051122773688464,0,0.145378445729973,0.133711122641646,0,0.0527260283199121,0.00766770023415985,0,0.03297094908559,0,2.02035267899181
"TCGA-A7-A13F-01A",0.0711739200813499,0,0.0319089232304423,0.00155970625784886,0,0.200605512591524,0,0.00422128251747519,0,0,0.0158027728244952,0.0492657906632102,0.0243406772756749,0.103927126639095,0.0848813374688713,0.138718488087806,0.0508816326633871,0.0081184906518903,0.165059837255975,0,0,0.0495345017909554,1.85444146795578
"TCGA-A7-A13G-01B",0,0.0725002100606367,0.0753226270223937,0.0925484891429529,0,0.212595302970857,0,0.0480883537926412,0,0,0.0839061420288211,0,0.0951475250019379,0.00109502442700902,0.0424068403122943,0.194394978337586,0.0215540898019271,0.0457855240229697,0.0146548930779731,0,0,0,1.82405005448371
"TCGA-A7-A26E-01A",0.138472002684733,0,0.0458794957320844,0.0525687028168313,0,0.209811137391478,0,0.0739845555013936,0,0,0.00645787037819718,0.00970424098201456,0.0502860586305782,0,0.0788479361941614,0.147997470068279,0,0.0470910942183535,0.0958655994816567,0,0.0193099960633651,0.0237238398568744,1.91188293693364
"TCGA-A7-A26F-01B",0.115527323475477,0,0.0969731885728056,0,0,0.214681021682706,0.0283809531041135,0,0.0177325649006138,0,0.0735043825137198,0,0.0356380847122306,0.00810781169152329,0.0693025572653894,0.115963265372536,0,0.109834130640726,0,0.0572895671357321,0,0.0570651489324256,1.912179348065
"TCGA-A7-A26G-01A",0.172333043200949,0,0.0621940205403095,0.0422830815491138,0,0.17037241615732,0.00163845007390311,0.100899274920398,0.00167241703584476,0,0,0.00438381654640903,0.0386678189593177,0.0497558674709527,0.113377849093935,0.0977152258446738,0.0107026343756626,0.0583704581568053,0.0756336260744059,0,0,0,1.87623085469167
"TCGA-A7-A26H-01A",0.122850522524558,0,0.0265020616177472,0.0601317689281542,0,0.128132977605212,0.00516223315456384,0.0812378549012779,0.000156630817279797,0,0,0.00654669867273553,0.05113832121178,0.139110537042261,0.125389838630719,0.114660312770281,0.0335469608379778,0.0403619955274934,0.0650712857579599,0,0,0,1.80579845395766
"TCGA-A7-A26I-01B",0.136201831134066,0,0.0651977868866711,0.0905756002704347,0,0.13926837883448,0,0.0565806038954981,0,0,0.0176854739214063,0.0510146565383041,0.0394662333540098,0.14476471939014,0.00854032448868436,0.208506286600485,0,0.0336115560523645,0,0.00858654863345624,0,0,1.92534778147634
"TCGA-A7-A26J-01B",0.0126127201857237,0.0408683020640557,0,0,0,0.33518166205663,0,0,0,0.0227767269742905,0,0.0183172839435655,0.0271866967650518,0.0506529873915657,0.146042180329151,0.159548739734251,0,0.0571246921084187,0.108370798274556,0,0.0213172101727399,0,1.98946930761532
"TCGA-A7-A4SC-01A",0.164810594047993,0.0121077596326687,0,0.187084878897864,0,0.174885253656786,0,0.0825719667256144,0,0,0,0,0.122139479041704,0.0753077162493788,0.0357424190022326,0,0,0.0869239698509116,0.0494989789221835,0,0.00892698397266325,0,1.91834019763044
"TCGA-A7-A4SE-01A",0.052063312259286,0,0.00995979555879369,0.0344235992297933,0,0.144268384465311,0,0.154882678500431,0,0,0,0.0874395776054437,0.0465697423946091,0.13536764817656,0.151871757490573,0.0808165128423871,0.0409702350462007,0.0613667564306112,0,0,0,0,1.81868478245601
"TCGA-A7-A4SF-01A",0.169224075455658,0,0.0576170453536977,0.0242257915561559,0,0.121014514075062,0,0.0886754793047269,0,0,0.0340229995666894,0.00800698557457786,0.0296644524993767,0.0744245421971551,0.123780417273154,0.100858445102295,0,0.0479990213387151,0.120486230702736,0,0,0,1.79118259809296
"TCGA-A7-A56D-01A",0,0.0348030139658656,0.0742407665970335,0.00448230043931768,0,0.138392679322545,0,0.039105726502703,0.00748478103353244,0,0,0.14822850553516,0.0534243039408007,0.110557138274147,0.0334929513434696,0.137241390261564,0,0.109375381289432,0.106393303852685,0,0,0.00277775764174354,1.83024970740186
"TCGA-A7-A5ZV-01A",0.0141131337479873,0.0059682588667195,0,0.130867982583153,0,0.0487542937433788,0,0.00160866015656647,0.0241299372292827,0,0,0.0373270764311939,0.080550699266556,0.135317235930511,0.140391449682897,0.142553567841062,0.102840183431556,0.0410113981672812,0.0630851495544258,0,0,0.0314809733674304,1.78520797220021
"TCGA-A7-A5ZW-01A",0.117021709582566,0,0.0539190320749917,0.0483370935845197,0,0.151883531715495,0,0.060636646687538,0,0,0,0.0596918961787186,0.0499419452681828,0.086317979230519,0.0644277005506239,0.0712441233644991,0.0214545186194647,0.0380745070912696,0.170024591805143,0,0.00702472424646828,0,1.84483142189161
"TCGA-A7-A5ZX-01A",0.110154025700144,0,0.115872717944487,0.047425217987734,0,0.183841523712967,0,0.00328325705112078,0.00686690931529288,0,0,0.0103826478622366,0.00980953390469748,0.0858030170468542,0.0898855361141019,0.119771799314096,0,0.0404613164467578,0.17644249759951,0,0,0,1.92593652116621
"TCGA-A7-A6VV-01A",0.0980707981538286,0,0.0408852178827386,0.0616603787631423,0,0.132858868697728,0,0.101561805234428,0.0293735323736094,0,0,0.0438378831433225,0.0543530007866638,0.130596351795818,0.124620359494214,0.148973702842125,0,0.032432130727718,0.000775970104663023,0,0,0,1.82017323390963
"TCGA-A7-A6VW-01A",0.16181539970874,0,0.0278419343031402,0.0757487742094148,0,0.179597067383985,0,0.0572970788591822,0,0,0,0.0670996111144093,0.04526789395975,0.0808902802094106,0.0672821374325344,0.0884275992843221,0,0.107532008711798,0,0.0127258682191695,0,0.0284743466041429,1.83821708035737
"TCGA-A7-A6VX-01A",0,0.0315001581773896,0,0.0595660010965128,0,0.216871138613471,0,0.152952096754714,0,0,0,0.0593502666748869,0.0382288469150533,0.0800817499048974,0.111920799574622,0.166169360802554,0,0.0491723852905093,0.0341871961953896,0,0,0,1.88011367488589
"TCGA-A7-A6VY-01A",0.0138613595690178,0.0246332012373544,0.165690525446663,0.0265735478374487,0,0.143639209093123,0.0522397957799725,0.101357051641295,0,0,0,0.0635817497727693,0.0247921425859924,0.0831305239305455,0.126800332632934,0.0898086389363854,0.0374034687857511,0.0366126260601659,0.00987582669058204,0,0,0,1.88013368040157
"TCGA-A8-A06O-01A",0.0771167234749602,0,0.116854473176991,0.0190171049306581,0,0.16832041457933,0,0.078767190614342,0.0114463137892198,0,0,0.0396357480093635,0.0500554247575805,0.0909274575323045,0.095266025802612,0.149401755540088,0.00234082267348796,0.0595760480846895,0.0404443204244824,0,0.000830176609890348,0,1.72775049786696
"TCGA-A8-A06P-01A",0.0208946764401568,0.0370909573542817,0.0363521593218524,0.0169840016238233,0,0.229700087520742,0,0.0132851208701973,0.0332567223702283,0,0.0488079968429328,0.00713558621815852,0.0430299606837239,0.0578474220239331,0.0603458022661811,0.177248189878816,0,0.0504647640918808,0.161566298415073,0,0.00599025407801918,0,1.84571967887987
"TCGA-A8-A06Q-01A",0.113158575278295,0,0.0937127639101901,0.0420724091665993,0,0.10764765422011,0,0.0191368439249459,0,0,0,0.0559045435623043,0.0368530701504449,0.0710670348516515,0.0959475178702233,0.219136795085693,0.00992275733712641,0,0.135440034642416,0,0,0,1.75380858714392
"TCGA-A8-A06R-01A",0.103647271005538,0,0.135645364306303,0.0440411902070963,0,0.198478856382619,0.00214664578260801,0.0338422865364268,0.0293305939969627,0,0,0.0410046811945968,0.0222237162301402,0.102046291838119,0.123909030873888,0.0966896511177682,0,0.012834995815155,0.0541594247127784,0,0,0,1.79423606534572
"TCGA-A8-A06T-01A",0.0987172517700141,0,0.0130091415182783,0.0974671107140448,0,0.102658548265811,0.00456377280439228,0.134645053043846,0,0,0.0208857641516605,0.0297160318889287,0.0514685514629409,0.0515854300874652,0.143654452581864,0.1008423238169,0.0515857769601763,0.0510053554255714,0.048195435508106,0,0,0,1.76289901886169
"TCGA-A8-A06U-01A",0.115538745246939,0,0.0491506203210542,0.0618056451338682,0,0.0801439500338015,0,0.0772067211026361,0.0259987925739782,0,0,0.0749191627993446,0.0303911732178325,0.0628561280354847,0.123421121082549,0.160755548410516,0,0.0590231954064676,0.078789196635528,0,0,0,1.79680366107968
"TCGA-A8-A06X-01A",0.0182272746123862,0,0.0268209609140553,0.0799371655596704,0,0.127683382905882,0.0058950404671306,0.123511384341545,0,0,0,0.0732879522352814,0.0364773576938655,0.090015215195195,0.122320987424713,0.159614848077561,0,0.0634511701772447,0.0727572603954689,0,0,0,1.81976904392745
"TCGA-A8-A06Y-01A",0.12817940176933,0,0.0584862075270012,0.016076161251376,0,0.0266977296549258,0,0.104648070383622,0,0,0,0.103700254975502,0,0.125741580488629,0.0281566377349164,0.145141489638672,0,0.131129441468879,0.12431895211503,0,0,0.00772407299211641,1.87664206363172
"TCGA-A8-A06Z-01A",0,0,0,0,0,0.176811478042924,0,0.00434907973792878,0.054354044631151,0,0,0.0135718869250171,0.0387688463984889,0.178166577086581,0.0587799508278935,0.327159097457122,0,0,0.144666857880677,0,0,0.00337218101221697,1.79701073869869
"TCGA-A8-A075-01A",0.0791502329119195,0.00206672412606904,0.076817087901474,0.0646595806498718,0,0.136969090419957,0.0171464620484203,0.0860086562891449,0,0,0.0244562016332105,0.0313716912739642,0.0246885935161303,0.0808969672922153,0.139714054224412,0.124215514077443,0.0263865599077172,0.0229271556066805,0.0625254281213713,0,0,0,1.81884482820637
"TCGA-A8-A076-01A",0.0852733686752686,0,0.0693549029223497,0.0111448981988064,0,0.222440464321925,0,0.0295624095711417,0.0381539288058976,0,0,0.0158425228339866,0.017354355283661,0.142210242820835,0.0557378243866434,0.143419189187245,0,0.0511746200729557,0.101777236914918,0,0,0.0165540360043651,1.8384571761849
"TCGA-A8-A079-01A",0,0.141365506366749,0.0797175676426564,0.0321920310300172,0,0.0722400833292875,0,0.048535017239615,0.0266558174606686,0,0,0.0221620926635046,0.0383334694939912,0.0730031938408086,0.117202956804302,0.230637066891327,0,0.023773240337851,0.0863982518456274,0,0,0.00778370505359481,1.7823228052116
"TCGA-A8-A07B-01A",0.050420093764538,0,0.0104603521715403,0.0156647109152863,0,0.315709209357223,0,0,0,0,0,0.0849747419124433,0.0295867046891576,0.0464659110317336,0.0741275379406039,0.146511253105495,0.000548130058758537,0.0519166762658231,0.173614678787398,0,0,0,1.77069614882362
"TCGA-A8-A07F-01A",0.0676881629077102,0,0.0407812010569296,0.0527430618648152,0,0.176988415049185,0.0134725107475062,0.0464102503674078,0.0118927183030996,0,0,0.0789619919209011,0.0266429631350932,0.0514198943749555,0.0958199459533598,0.115666226741324,0.0292746269725855,0.046009903009803,0.140257129664177,0,0,0.0059709979311478,1.95088274352088
"TCGA-A8-A07G-01A",0.0660298962823975,0.0266043780252121,0.00993913899062356,0.0464373173458895,0,0.104906797812536,0,0.0912705271672433,0,0,0,0.0722606961862178,0.0209140771058331,0.09584277068085,0.155479890113273,0.117956098394221,0.0512430484658223,0.0144065911377114,0.12670877229217,0,0,0,1.7940702724682
"TCGA-A8-A07I-01A",0,0.0687885819865601,0.0677754047392814,0.0143672564892396,0,0.188505164014753,0.0162159335355623,0.084546392599712,0.0323044726046233,0,0,0.0315875377980843,0.0364255095679475,0.0787594671795534,0.127681600759764,0.122304125176748,0,0.0437967108305794,0.0621088870693387,0,0.0113996360017639,0.0134333196464898,1.83141340631796
"TCGA-A8-A07J-01A",0.0407052703452429,0,0,0.00170709162418606,0,0.242606708820544,0,0.013139263479852,0.0034212250035045,0,0,0.0191807923211983,0.0641207093235645,0.115519949888636,0.0600835988133357,0.172951132125027,0.0586849734830149,0.0628595013043156,0.145019783467579,0,0,0,1.90298335548925
"TCGA-A8-A07L-01A",0,0.0102749773980126,0.00220024649839114,0.0390825255507212,0,0.182520503513503,0,0.0876447761875291,0,0,0,0.0673171392631819,0.0272518827706372,0.0937159142075066,0.0903200937788073,0.214873651419479,0,0.0697709185603691,0.115027370851862,0,0,0,1.82331936834678
"TCGA-A8-A07O-01A",0.112139633204515,0,0.0461189654543114,0.0833993027905348,0,0.123398824171471,0,0.106175699736236,0,0,0,0.0370187467872207,0.0753332247233343,0.182514973343236,0.0777123940666618,0.0554628581261653,0.00808885225067956,0.0758048070476625,0,0.0100758944975251,0,0.00675582380044641,1.87863467000344
"TCGA-A8-A07P-01A",0.0741683368322978,0,0.0293660658629537,0,0.00104224213559919,0.159707229782263,0,0,0,0,0,0.0880976653853756,0.0460271223029145,0.0094364654780432,0.0905221957510524,0.176654338183961,0.00956542526716505,0.0643357199936805,0.23942000768645,0,0.0116571853382438,0,1.74056144001268
"TCGA-A8-A07R-01A",0.0804514280876371,0,0.0666214530733756,0.0197066931316814,0,0.230905252360693,0,0.086481514565992,0,0,0.00570906932287273,0.0439729096492452,0.0444062213082448,0.0898187853547968,0.133976980043554,0.0841242066328941,0,0.0633859088861792,0.0379553245315071,0,0,0.0124842530513263,1.9401711046842
"TCGA-A8-A07U-01A",0.113735499013538,0,0.0844390691695156,0.0518870389728327,0,0.10898151150831,0.0438553132901189,0.118802144720616,0,0,0.0113080273075197,0.0406493658264378,0.0446068240783846,0.0863560200330509,0.12652252012411,0.0707062756972715,0,0.0667786396929716,0.0313717505653224,0,0,0,1.88660093764327
"TCGA-A8-A07W-01A",0,0.0197643007691279,0.0108355659511282,0.0307638327316597,0,0.20546735380878,0,0.116484847973609,0.0232016001278971,0,0,0.0229961576337253,0.0468708875858053,0.112890570375304,0.119940414026954,0.196089621022664,0.00244300383953135,0.0333727417384352,0.0566593343005545,0,0,0.00221976811482299,1.85568181265958
"TCGA-A8-A07Z-01A",0.0473498632534366,0,0,0.00172304044736772,0,0.14314419694465,0,0.0795871331626862,0.0444067160935732,0,0.0140597957476541,0.0654590198645367,0.0678019718488622,0.0212704392152665,0.0569245264963385,0.176607245655734,0.0272534501565307,0.138783200119715,0.115629400993648,0,0,0,1.84093576526755
"TCGA-A8-A082-01A",0,0,0,0,0,0.138513183606792,0,0.00175966223387506,0.0201455358173786,0,0.12820654763358,0,0.0428739867042348,0.0282037790406604,0.0416395402950134,0.420707140848012,0,0.0349980785658209,0.0888472391654882,0,0,0.0541053060891452,1.93348902674313
"TCGA-A8-A085-01A",0.024034858335623,0,0,0,0,0.128838524341085,0,0,0.0531311030855393,0,0.0798324751367819,0,0.00889094992431145,0.207357704671029,0.00929825676192209,0.262720412499051,0,0,0.225895715244658,0,0,0,1.81850512726663
"TCGA-A8-A08B-01A",0.062553699180155,0,0.141540978864847,0.0205715130062326,0,0.124872004445645,0,0.106157886663596,0,0,0.0194599759664892,0.0462002129018924,0.00465457453347569,0.0937202954644874,0.156430011119981,0.082274926648626,0,0.0642579347236262,0.0773059864809482,0,0,0,1.83263098299264
"TCGA-A8-A08C-01A",0,0.0307425655186046,0,0.0465254750312602,0,0.101033383228541,0,0.0436196665117066,0.0270377560139434,0,0,0.0856518133878266,0.0273364942652286,0.0864486640630392,0.121522369065359,0.204718979664402,0.0405735892442167,0.0803967925370219,0.104392451468851,0,0,0,1.81882247578253
"TCGA-A8-A08F-01A",0.00217281217648704,0,0.0269628883616779,0.0585676008085627,0,0.18282632269132,0,0.103773367151211,0,0,0,0.100900339918591,0.0874404585550606,0.0891949585341374,0.155632122742227,0.135976841475223,0.00995953132740513,0.0232799249971524,0.0220373570954125,0,0,0.00127547416553268,1.81534017843882
"TCGA-A8-A08G-01A",0.0387070161801963,0,0.0570854220019989,0,0,0.224608714780667,0,0.0869250242954704,0.00306965705651621,0,0.000352430961449367,0.0129613369189171,0.0311882018756148,0.109354771827047,0.119699648606627,0.169022312074515,0,0.0362554072908884,0.101201996224585,0,0,0.00956805990550812,1.83323820936145
"TCGA-A8-A08J-01A",0.0660122018907434,0,0.110939233157521,0,0,0.214435324100135,0,0.0154124237544248,0,0,0,0.0815009535269247,0.00714022945868009,0.116939186926123,0.101294265418462,0.184640645313806,0,0.00910635509931268,0.0846902271160807,0,0,0.00788895423778745,1.80706451537693
"TCGA-A8-A08L-01A",0.116541655051334,0,0,0.0806855124072249,0,0.157104440782488,0.0194738548569695,0.0662827374420306,0,0,0.043919443828787,0.0281216247896262,0.0677302171583945,0.0548082494167163,0.15800222155872,0.116774419307959,0.00398670159402897,0.0318806111344585,0.0546883106712631,0,0,0,1.77175173252431
"TCGA-A8-A08O-01A",0.174547382472889,0,0.0564362182907961,0.0303597208195804,0,0.163198562103519,0,0.02031003724934,0.0330212765681623,0,0,0.0913574847714655,0.0463780579937091,0.0725854195496195,0.115569857840678,0.0710056956498267,0.0203566477972472,0,0.104873638893166,0,0,0,1.83475995795337
"TCGA-A8-A08P-01A",0.0597283901381414,0,0.0382901572338204,0.0673596184860581,0,0.141240571809978,0.0452939954242305,0.028486731270883,0.0227321366971397,0,0,0.0672122714824617,0.0440626875825262,0.115011538748918,0.130175646878033,0.110376244234283,0,0.0479608674632812,0.070038615228916,0,0,0.0120305273213296,1.78677277715912
"TCGA-A8-A08R-01A",0.119524390200743,0,0.0183141120821534,0.0353725036863092,0,0.116917826762517,0.0432635422247299,0.109852396264367,0,0,0.0307718029260133,0.0228069440728075,0.0357972410262851,0.133106048866888,0.194643406759872,0.115001080661462,0,0.024628704465853,0,0,0,0,1.88185603263364
"TCGA-A8-A08S-01A",0.0459457305552499,0,0.00634298080730881,0.0147840374426074,0,0.156185633538103,0,0.0797275659864538,0,0,0,0.0690220356421817,0.0453277304616748,0.110858024775118,0.0842368074373842,0.168777237956239,0.0120106690872408,0.0956690424035969,0.0518163589922059,0,0,0.0592961449146361,1.86021165327824
"TCGA-A8-A08T-01A",0.0201375440742644,0.0278162496923377,0.0501550541206912,0.0219175559948953,0,0.236617502781167,0,0.0313627554746945,0,0,0.00183345076006213,0.0679502561129434,0.0545149810729422,0.105597007697689,0.0558092380785525,0.128954765842184,0.0172539734728923,0.0320369501117676,0.148042714712917,0,0,0,1.84379559364594
"TCGA-A8-A08X-01A",0.0949121543440657,0.000276383580327898,0.0396200997654936,0.0411197551216554,0,0.182419856987968,0,0.0205458577646141,0,0,0,0.0850091799108051,0.0424759455413391,0.129295214852523,0.131551382499934,0.071721539126374,0,0.055820051611856,0.103259881849363,0,0.00197269704368119,0,1.79367557165002
"TCGA-A8-A08Z-01A",0.0464724260002581,0,0,0.0374358085034815,0,0.298448722492884,0,0,6.72765559706875e-05,0,0.0437257800496215,0.0197736813565962,0.0597300415652187,0.157681525792156,0.050151065007545,0.154092513549438,0,0.0298369627158186,0.0893002958063554,0,0,0.0132839006046562,1.87363462790902
"TCGA-A8-A091-01A",0.0769398001804719,0,0.0872953500376402,0.067016438591521,0,0.157297916255319,0,0,0.0213896995329585,0,0,0.0509467769630249,0.0391934278709105,0.0545969951788878,0.0657260570477156,0.208364022594726,0,0.0346002425116996,0.136633273235125,0,0,0,1.92464898186958
"TCGA-A8-A092-01A",0,0.0380556070908786,0.00765529693459451,0,0,0.113363816701593,0.0376149494769661,0.016122817599709,0.00313093017781524,0,0,0.0421015746235855,0.0100869721258299,0.129742125905052,0.104747100252389,0.275065571990897,0,0.0463224131875265,0.172740520099515,0,0,0.00325030383364892,1.79186219069803
"TCGA-A8-A093-01A",0.125353387226292,0,0.149764877333516,0.0745479079016549,0,0.106127228389064,0,0.0205221949463395,0,0,0,0,0.0249718954087697,0.130829959765837,0.0197093009328493,0.116343626688328,0.0688214840720705,0.0246905019628903,0.123489560820046,0,0,0.0148280745523437,1.85026340040318
"TCGA-A8-A095-01A",0.081351158495006,0.0021875014203815,0,0.117570854344235,0,0.23946420032086,0,0.0382161532242307,0,0,0,0.0502089637478344,0.0355199265929067,0.132958487614407,0.0828126436264342,0.0330320748810529,0.00599387853501055,0.0652909484165425,0.115393208781098,0,0,0,1.82417815815444
"TCGA-A8-A097-01A",0.0966195959920434,0,0,0,0,0.237493901112046,0,0.0777954344541762,0,0,0,0.0229885769311668,0.0338681016286854,0.130699420457882,0.110837650836913,0.168928519753447,0.00593704797900643,0.0340823759138582,0.0807493749407755,0,0,0,1.78638143534573
"TCGA-A8-A099-01A",0.0336378866932416,0,0.0073978579733233,0,0,0.267053442780938,0.000541101503276276,0.0662489285110209,0,0,0.0253963237090926,0.0113537630940879,0.0341003214079084,0.0531912028366621,0.133889925042411,0.164471732796225,0.0601653872223119,0.0232865785326497,0.119265547896851,0,0,0,1.91068828777066
"TCGA-A8-A09A-01A",0.105730675029468,0,0.0593190225043016,0.0625770262761998,0,0.206959382966033,0,0.00372819163145202,0,0,0,0.0958114762072945,0.0383939170813886,0.112841843077556,0.149780472262201,0.0332473813755883,0.00339995427920723,0.0176253206473365,0.110585336661974,0,0,0,1.75883096556835
"TCGA-A8-A09B-01A",0.0115054286769425,0,0,0.101988239845674,0,0.233085323681955,0,0.0374902957897456,0,0,0.0121575536828814,0.0369077479536615,0.0491847686658511,0.0536871935788937,0.118432992820345,0.180631458786574,0.029351260521862,0,0.106034363215902,0,0.0295433727797136,0,1.82383588105617
"TCGA-A8-A09C-01A",0.0062572233908146,0,0.00593483547792698,0.0472466552736199,0,0.160010766500178,0,0.057167404549221,0.0175464983289279,0,0,0.0741250229548586,0.0752756875741123,0.0695333565493017,0.0675034200877704,0.206550043771939,0.029198206634885,0.0618417412634911,0.121809137642953,0,0,0,1.75009567242978
"TCGA-A8-A09D-01A",0.0159121586347646,0,0.0422027194070856,0,0,0.253130547957457,0,0.0156141108525462,0,0,0.0234522593640841,0.0485195188691689,0.0461610775756894,0.0987928611531701,0.150567689713122,0.176093598867237,0.0281562748362845,0.0151210971383612,0.0862760856310293,0,0,0,1.82485890172266
"TCGA-A8-A09E-01A",0.0364919815710484,0.00193813265587852,0.0521243276941843,0.0474012775357325,0,0.110618860768864,0,0.0607798946030623,0,0,0,0.106431781798432,0.0297546545979508,0.0958865334228559,0.102628408678411,0.112964847433619,0,0.0592099320033746,0.13456300036628,0,0.0492063668703057,0,1.84494700292699
"TCGA-A8-A09I-01A",0.0683425564809276,0,0.0183963534025216,0.0809042871375481,0,0.150285667293351,0.0193528161915172,0.0820925388815422,0,0,0,0.0949329318385556,0.021714422659175,0.0112022149490746,0.130950458932402,0.196145311776642,0,0.0635904445685536,0.0273728654153221,0,0,0.0347171304728675,1.85304621627495
"TCGA-A8-A09K-01A",0.0252693842589593,0,0.0739034435501424,0.151460528469987,0,0.0844189573341538,0.0464699557064821,0.0519223438542481,0,0,0,0.0745427065044137,0.0525045962582139,0.0453477548890564,0.108554613533095,0.104135416798048,0.00503687062702764,0,0.176433428216172,0,0,0,1.78214615153457
"TCGA-A8-A09M-01A",0.108893346550807,0,0.0617980122293079,0.080250887743842,0,0.121887757121999,0.0119750890234347,0.0655802802045178,0.0261603486579662,0,0,0.0481914149517146,0.0271357077688011,0.0911155087741695,0.12452918347011,0.123307330108445,0,0.0514085430194973,0.0577665903753869,0,0,0,1.8028213414274
"TCGA-A8-A09N-01A",0.015783693067988,0.0119758508637449,0.030195698630091,0.0751450221245983,0,0.071277238302491,0,0.088091725589841,0,0,0,0.144173713279838,0.0369369856295178,0.0407800170798151,0.13663865281874,0.0952780508235568,0.0185008523869724,0.0143666205143147,0.22085587888849,0,0,0,1.82571472416708
"TCGA-A8-A09Q-01A",0.131487116379722,0,0.00220811157746897,0.0295024943990401,0,0.163845843011624,0.0149049679667231,0.0923626646046131,0.000150875394839484,0,0,0.0326477392820944,0.0459312914265841,0.0938861462690386,0.118535058098186,0.161888165335089,0,0.01386646669494,0.0987830595600371,0,0,0,1.81192583543245
"TCGA-A8-A09T-01A",0.010206784788373,0,0,0.0431431231896951,0,0.290075334256019,0,0,0.0251157485597729,0,0.071831336830441,0,0.00943654408221802,0.00647981969110154,0.147880155112859,0.280302605708282,0.00218143347651061,0.00179636282544613,0,0.041106196861708,0,0.0704445546175738,1.87903702698342
"TCGA-A8-A09V-01A",0.0349910633646245,0,0.155151103245896,0,0.0280605268299486,0.181007943561018,0,0,0,0,0,0,0,0,0.0720407868871991,0.214313237506808,0,0.00989318112136862,0.270011683984229,0,0,0.0345304734989089,1.99587097895039
"TCGA-A8-A09W-01A",0.125521577514182,0,0.0264525507032978,0.00638960171749409,0,0.217901436367855,0,0.00339190979368265,0.00339653715012169,0,0,0.0402326126923245,0.0116382710193734,0.0143138567255277,0.106891680558965,0.223390992468633,0,0.0277371531328575,0.184230281586111,0,0.00851153856957492,0,1.85049758265014
"TCGA-A8-A09X-01A",0.0907081499658435,0,0.0393178931037306,0.108042561252204,0,0.132361751262295,0.0235003724088713,0.0249408986362489,0.0310240312559681,0,0,0.0639416542756125,0.0363403964250795,0.0611390343239983,0.101505020675198,0.122241432903597,0,0.042375590877618,0.122561212633735,0,0,0,1.75277847102246
"TCGA-A8-A0A1-01A",0,0,0,0.0515010852253837,0,0.137916598181552,0.0156845372385313,0.0885633008843408,0,0,0,0.0797777971569985,0.0664840526053762,0.133042410932635,0.134418676719559,0.102227627225901,0.0337559693673183,0.0456707472870375,0.110957197175367,0,0,0,1.87228042191605
"TCGA-A8-A0A2-01A",0.0969518952371947,0,0.121237468888525,0.0589285604877843,0,0.231417414708685,0,0.0189601784215745,0.0117009224832676,0,0,0.0831060284232222,0.00944131853619872,0,0.0858225679514316,0.115519946743024,0.00253850439323671,0.0347983480462292,0.109260143531096,0,0.0203167021485305,0,1.87838431382142
"TCGA-A8-A0A4-01A",0,0.00355470831076498,0.0901279954809735,0,0,0.12399460089425,0,0,0.0129597360243612,0,0,0.118304959862292,0.0386869456226692,0.055251100135323,0.062063149402214,0.201345480967258,0,0.0753353524047392,0.212599563743501,0,0.00577640715165368,0,1.81795188749339
"TCGA-A8-A0A6-01A",0.131102631334089,0,0.0217574174515394,0.0856871466813113,0,0.131069921195785,3.17732716376162e-05,0.103876534143129,0,0,0.00565253586300546,0.0310313193135613,0.0374113389281487,0.0332148856711844,0.15761847149085,0.122293224842285,0.0188836700744643,0.0469036796436043,0.073465450095406,0,0,0,1.81945719161591
"TCGA-A8-A0A7-01A",0.0980371584446747,0.00181760338003058,0.107461596497087,0.138528391753274,0,0.0741128940790902,0.0188283143681893,0.0499552685100612,0.0297727670784351,0,0,0.0576070370747557,0.0378047394663357,0.0455568065229029,0.113316929608709,0.107146902701092,0,0.0466411463303386,0.0734124441850234,0,0,0,1.85407599507224
"TCGA-A8-A0A9-01A",0,0.00485640110388115,0,0.033203600602641,0,0.23472949337654,0,0.0736776559496712,0,0,0,0.0666212350104417,0.0354970033185726,0.16563254569403,0.111282402711737,0.120815501822458,0,0.0662931196909331,0.0873910407190944,0,0,0,1.83149437305198
"TCGA-A8-A0AB-01A",0.154054149043242,0,0.123249449631977,0.0130100403954197,0.0025056131595734,0.136076927363319,0,0,0,0,0.0588303828358374,0,0.0199537352608349,0.120397468251356,0,0.1303554043529,0.0227012474271296,0.0287233836338123,0.188135262807632,0,0,0.00200693583696734,1.95409146525169
"TCGA-A8-A0AD-01A",0,0.0149221707094306,0,0.0746282425415906,0,0.261458471635872,0,0.00753306066643178,0,0,0.0566415097409094,0,0.0789650217315928,0.0199656799231831,0.0500590868621889,0.229711308818556,0,0.0416728934391866,0.107956364259123,0,0.0255687783743433,0.0309174112975932,1.96210114321841
"TCGA-AC-A23C-01A",0.146551249737836,0,0.0852566920854634,0.0648465018267,0,0.176224851353212,0,0.0479541945681962,0.0285399633208025,0,0,0.0600112378696899,0.0278220189969491,0.0701360270107663,0.0867499704223531,0.0743212662821765,0,0.0577188115466192,0.0738672149792362,0,0,0,1.85247104104964
"TCGA-AC-A23E-01A",0.0480163189549056,0,0,0.00367844077038085,0,0.1965854200857,0,0.064442858372378,0,0,0,0,0.00361162752063986,0.0938509726261228,0.0218047951626682,0.282952445437742,0,0.0765478229413697,0.153882339534441,0,0,0.0546269585936519,1.87921711036147
"TCGA-AC-A23G-01A",0.0422893681721208,0,0.00893643605328227,0.068000277320949,0,0.204443215755086,0,0.0618396189595999,0,0,0,0.0782826544515112,0.0602364699089627,0.127552668106023,0.0423456895832961,0.073501686653379,0.0417493126838924,0.0839655483211067,0.106857054030791,0,0,0,1.8701515503098
"TCGA-AC-A23H-01A",0.0982970258717964,0,0.0426778237569943,0,0,0.233233730262399,0,0.0782786668795294,0,0,0,0,0,0.172251949948423,0.0995152026035921,0.109401166654153,0.0309796394267338,0.0591677572911232,0.0586692937595013,0,0,0.0175277435457539,1.83097591360521
"TCGA-AC-A2B8-01A",0.0394300833228488,0,0.0119742780749775,0.078437356773074,0,0.239133320356528,0,0.036835725728193,0,0,0.0196774441071817,0.0530875604493065,0.0660389069343529,0.0739900938125102,0.0868375616463643,0.111801261857493,0,0.0629108403246502,0.107676959408663,0,0,0.0121686072038571,1.89321208216271
"TCGA-AC-A2BK-01A",0.100674783593,0,0.0798705426911148,0.133240211151109,0,0.177903841246116,0,0.106240414531108,0,0,0,0.0675683795887516,0.0156436194874394,0.0490717779028835,0.111054413321923,0.119244221021882,0,0,0.0303242324250448,0,0.00916356303962885,0,1.9424130832272
"TCGA-AC-A2BM-01A",0.00621901924114335,0.0562260438213036,0.0702497760222241,0.0435566937195931,0,0.19200140151887,0,0.0926723137978381,0.0142609172909006,0,0.00729197241507354,0,0.0200681736751856,0.0444174866332109,0.118424197929729,0.120603907138123,0,0.0872453204847473,0.106325909958751,0,0.0121436959341793,0.00829317041912736,1.84067274410774
"TCGA-AC-A2FB-01A",0.141368556549403,0,0,0.0754476543113881,0,0.162541542162422,0.0222374596333432,0.0647392336628689,0,0,0,0.0602764080290951,0.0560510931886371,0.04312156147274,0.0994182285057316,0.0661208091846171,0,0.0846143067133423,0.124063146586411,0,0,0,1.88915907798307
"TCGA-AC-A2FF-01A",0.167037443856538,0,0.0370159287184797,0.0769628264304958,0,0.190990700355838,0,0.045506920421578,0,0,0,0.0410154079192664,0.0412801496890059,0.0751090275984617,0.0987708739865358,0.0499542909176493,0.00674544110062312,0.0633633374639719,0.106247651541556,0,0,0,1.80300173335305
"TCGA-AC-A2FG-01A",0.108477868367438,0,0.137227062561895,0.0607147099953916,0,0.247407922971796,0,0.0519060451708196,0,0,0,0.0251216793562515,0.0451060739052596,0.0761367171632304,0.0242888201234886,0.0553373639754476,0.0165396932922103,0.0470779278292681,0.0956384353426715,0,0.00901967994483184,0,1.94213883748084
"TCGA-AC-A2FK-01A",0.154035874743368,0,0.0838717044848154,0.0475846978423312,0,0.11058804565984,0,0.104515054894845,0,0,0,0.106708983976605,0.0517754710135838,0.0952291990491605,0.052962470542222,0.0357896928426989,0,0.043293950917931,0.1136448540326,0,0,0,1.93344085139272
"TCGA-AC-A2FO-01A",0.134468328114778,0,0.0675475999935996,0.0705390662216176,0,0.253691358866425,0,0.018498897154293,0,0,0,0.0629265574318025,0.0667645993059588,0.0397537535867452,0.0859959967544473,0.0673119731305205,0.00252136485078306,0.0367919558579769,0.0781412587141637,0,0.015047290016889,0,1.86505456770571
"TCGA-AC-A2QH-01A",0.00355070078437571,0,0,0,0,0.255312602983645,0,0.0211588332074815,0,0,0,0.0667133394098766,0.00942093136422643,0.144733653911447,0,0.223578473415659,0,0.125015019212728,0.0666371751063104,0,0,0.0838792706042497,1.79079555378074
"TCGA-AC-A3OD-01A",0.0846764543403977,0.00777946728182642,0,0.128087305279033,0,0.186869612086444,0.0247619895439378,0,0.0138641115519295,0,0,0,0.0770183340574486,0.117731234237616,0.124679575287827,0.0669582558494053,0.0264205882845667,0.0423533212528742,0.0869748369972246,0,0.0118249139494695,0,1.81259358349571
"TCGA-AC-A3QQ-01B",0.19935101887459,0,0.0385194197087917,0,0,0.234874398533841,0,0,0.00389886429654322,0,0,0.0412860418894812,0.0428562375446554,0,0.107564436364561,0.0946147572032018,0,0.0497218329420109,0.145070639504127,0,0.0315302546215309,0.0107120985166664,1.80752613151286
"TCGA-AC-A3W7-01A",0.0709863131137225,0,0,0.0220634111753063,0,0.261187846667878,0,0.0287641647684149,0.00252351103340993,0,0,0.0635022632163926,0.0421825152729841,0.0661248887477247,0.140379633055077,0.140569679680435,0,0.0251420931780335,0.136573680090621,0,0,0,1.9295720363841
"TCGA-AC-A3YI-01A",0.10149958963761,0,0.0733421077900463,0.0277062219192953,0,0.224348388451535,0,0.0262306379142572,0.00258934409397757,0,0.0482103348534847,0.00714794862290717,0.0935300128963046,0.0793463993418114,0.0960351513939136,0.038549221565861,0,0.0837903386051244,0.000569463904972134,0.0740805090534043,0,0.0230243299554957,1.84965976714694
"TCGA-AC-A4ZE-01A",0,0,0.0760873504793911,0.133450865595934,0,0.212492682315552,0,0.00717991545016497,0,0,0,0.0860976481111896,0.0616725835293019,0,0.09044993995161,0.153517296585511,0,0.00836375512772482,0.170687962853621,0,0,0,1.91313038170669
"TCGA-AC-A5EH-01A",0,0.00700039732076484,0,0.00344303122216535,0,0.159497991487756,0,0.151019438632315,0,0,0,0.114335758400395,0.0131442441249248,0.103647440640196,0.0803612819349862,0.176510284784371,0,0.0880784234481227,0.102961708004003,0,0,0,1.83838681694761
"TCGA-AC-A5XS-01A",0.056856853367327,0.0570471015585305,0.0230176670084669,0.0659439934836644,0,0.143926307962635,0,0.0799609256195108,0,0,0,0.0828215481651597,0.0329962881618565,0.0314938462849175,0.0876371833298886,0.151953482335578,0,0.0797881497998362,0.0897751113596333,0,0,0.0167815415629962,1.860014256168
"TCGA-AC-A5XU-01A",0.0394667256645471,0,0.145246388231583,0.070485313435093,0,0.206695645901285,0,0.0274099350287497,0.052710241953532,0,0,0.031931699477304,0.016799919321098,0.130311266095797,0.0980473740377444,0.0799782885324575,0,0.0196054092800987,0.0813117930407109,0,0,0,1.86805723864488
"TCGA-AC-A62V-01A",0,0.0113810007391767,0,0.0082403373848716,0,0.167962707208197,0,0.0241900589633872,0.0667237731533333,0,0.000656099503601134,0.0254180059207003,0.0728022173078077,0.205262185079077,0.0153545240638575,0.161877363176438,0,0.0111035698886205,0.229028157610932,0,0,0,1.74177253311083
"TCGA-AC-A62X-01A",0,0.00894520073739806,0.00678138219430361,0.0408672112471577,0,0.0774961998543073,0,0.118623274862214,0,0,0,0.0676061972269311,0.0940516157196169,0.165845209036751,0.0955513493592112,0,0,0.269853578197108,0.0543787815650017,0,0,0,1.97453629103066
"TCGA-AC-A62Y-01A",0,0.0219898621661918,0,0,0,0.205113327754935,0,0.116584132411322,0,0,0.0502826483277432,0.00379355060872084,0.0450595340016384,0.193253423416528,0.104782416006552,0.119750906426961,0.0260027384623606,0.0595536867666319,0.017315672147126,0,0.0199501785367438,0.0165679229665452,2.00907387830359
"TCGA-AC-A6IV-01A",0.0895753441561162,0,0.0368313755588748,0.0424103566560678,0,0.177869195164655,0,0.0772072106955808,0,0,0,0.110642532550668,0.0485127845938733,0.0480146717572686,0.0790507289559503,0.0894098968649659,0.00130507150259449,0.0529736740456627,0.118375510226134,0,0,0.0278216472715881,1.84209294720824
"TCGA-AC-A6IW-01A",0.0778442933322747,0.00297604957355946,0.00608496956942457,0.0916092558305935,0,0.0734055121338519,0.019286343266585,0.107203842108042,0.0565725655415266,0,0,0.0612881284828566,0.032231893763245,0.0106776158356099,0.184569896915967,0.123670148632619,0.128234434502411,0.0243450505114335,0,0,0,0,1.8873130372778
"TCGA-AC-A6IX-01A",0.122165404372656,0,0.100226473504403,0.0328604266446997,0,0.15744108834063,0,0.0731406277373546,0.00795791790505943,0,0,0.060418691510652,0.0536197010449717,0.0149277021635585,0.0892597088055161,0.128571841776927,0,0.0555425642774927,0.0911652916503793,0,0.0127025602657,0,1.8184139243764
"TCGA-AC-A6NO-01A",0.0687748720381257,0.00684964537605745,0.0612839195596274,0.0495529807419595,0,0.112731565625607,0,0.115508845243847,0.0173808267189837,0,0,0.0736204567619073,0.0599300840816074,0.0966342775623711,0.0890358796345777,0.117759739117763,0.00129058209728919,0.033633956128107,0.0960123693121699,0,0,0,1.87539333911143
"TCGA-AC-A7VB-01A",0.0461801442609175,0,0.102251144931235,0.213757776490526,0,0.005541978348017,0,0.0278937743396951,0.0271563262842888,0,0,0.0678969015896225,0.071542663303856,0.0948252540801765,0.0721250766273976,0.12120213768162,0,0.00367583729366427,0.125091749850072,0,0,0.0208592349189117,1.8860894880002
"TCGA-AC-A7VC-01A",0,0.00103973612471842,0,0,0,0.206475256060849,0,0.0153234094840054,0,0,0.053833893151229,0.0143473949398821,0.059479926897497,0.330063558825212,0.100584932496339,0.139093522816037,0.0645075942979242,0.0152507749063068,0,0,0,0,1.81071608528274
"TCGA-AC-A8OP-01A",0.132569175322186,0.000702943733163101,0.0321984955735125,0,0,0.240092698183737,0,0.120750409987097,0,0,0.0385051325982409,0.0166470039982115,0.0707204483826094,0.0751652105754767,0.0951685062139145,0.0929260931552768,0,0.0253011747074765,0.0592527075690985,0,0,0,1.78184880528834
"TCGA-AC-A8OQ-01A",0.0734914475084578,0.0421042432928046,0.0804860794535908,0.0578540149275137,0,0.0570923779943594,0,0.126552090768493,0.0217630539009979,0,0,0.10894032053677,0.036448160820334,0.0879811430703431,0.11924304123257,0.0928774453043479,0,0.0364309874295842,0.0587355937598341,0,0,0,1.74952691277119
"TCGA-AC-A8OR-01A",0.00604349455423208,0.0104072018665911,0,0,0,0.169802848425142,0,0,0.0523839398309781,0,0.17564703884252,0.00428479099766756,0.0340920934086343,0.093362745927208,0.0544348103873838,0.330624881396738,0,0,0.0574644192311909,0,0.00022133449919074,0.0112304006325227,1.93638159496879
"TCGA-AC-A8OS-01A",0.0769109712589251,0.0452677941024218,0.0412559344371133,0.0791782148363992,0,0.154890128839731,0.0074472794757367,0.0645580586981208,0,0,0,0.0646984399790307,0.0588189100982759,0.0510744981468114,0.0914410333920396,0.0641750388650282,0,0.0475772874152644,0.152706410455102,0,0,0,1.83872679413519
"TCGA-AN-A03X-01A",0.0143869886822428,0,0.0210111186463934,0.0112683383710062,0,0.222518583064955,0,0.0526949933117688,0,0,0,0.0301444514832312,0.024130884101054,0,0.0747792127030152,0.206598063054936,0,0.0815652453912078,0.216257278463487,0,0.0355400095848575,0.00910483314184434,1.78647668955483
"TCGA-AN-A03Y-01A",0.0470329200623477,0.0468658448488934,0.0202184191210354,0.113199080677044,0,0.137073460596005,0.00993456095544141,0.03443976652945,0.0371884615157131,0,0.00934654659333543,0.0440010705968816,0.0234483225242861,0.0759398373616925,0.153981647570084,0.10706416341158,0,0.0107142655389144,0.129551632097296,0,0,0,1.69293264263225
"TCGA-AN-A041-01A",0.0305421917166994,0,0.0950432702221603,0.0163054897796054,0,0.184299687947823,0,0.0288163030613448,0.0117897624041581,0,0,0.10342109436101,0.0740919395123568,0.150298922206777,0.0836374640955881,0.0979952688317843,0,0.0283457084214151,0.0954128974392776,0,0,0,1.84699378022981
"TCGA-AN-A046-01A",0.0325172959237954,0.0092651719611684,0,0.0884465118971979,0,0.235397662968802,0.0100869658720832,0.104364346525959,0.00116941439158191,0,0.00377836625388045,0.0540499650411983,0.0451553412572244,0.0441206322786902,0.161368062887282,0.0775388678261526,0.041006837353417,0.0529280618302828,0.0388064957312839,0,0,0,1.73884506932989
"TCGA-AN-A049-01A",0.160965800103391,0,0.0137004686211972,0.0313044403205765,0,0.16637386361254,0,0.0670177697628943,0,0,0,0.013569188966881,0.0436039343707397,0.0400888402705436,0.139183869552431,0.173670606967362,0.0376085384879404,0.0471446114998758,0.0657680674636269,0,0,0,1.79237937249502
"TCGA-AN-A04A-01A",0.0849414739519678,0,0.0460989676009445,0,0,0.268894182002339,0,0.0195496705118746,0,0,0,0.0616667674885574,0.019643396981494,0.107755184625745,0.125868497968287,0.126578504198229,0.0156764109648354,0.034205191503566,0.0853150293501078,0,0.00380672285205324,0,1.79890963192589
"TCGA-AN-A04C-01A",0.0695481111152628,0.000565643754415921,0.0137419176742225,0.0433180237411194,0,0.151837111163218,0,0.149713490827818,0,0,0.0691571758421371,0.0169935212015002,0.0548958644710281,0.0512463106322371,0.117302828047422,0.14969219813878,0,0.0539716973999754,0.0580161059908627,0,0,0,1.71311253004174
"TCGA-AN-A04D-01A",0.0805903925361163,0,0,0.040271324922028,0,0.12078538970103,0,0.191118161316859,0,0,0.015137664983491,0.0759402107230346,0.0683574916582131,0.0453081105647158,0.0805443343914484,0.14517459637876,0,0.0576936906205429,0.033318571651621,0,0.0457600605521402,0,1.80736448362422
"TCGA-AN-A0AJ-01A",0.0422370455914128,0.0424684585056484,0,0.0861569226239726,0,0.117062555941411,0.0490855417277334,0.0770546618806738,0,0,0,0.0365306187701885,0.0504912760094794,0.0701252386714761,0.147603677429693,0.123338470867879,0.0214406619071906,0.0424205497354923,0.0939843203377479,0,0,0,1.75103206780598
"TCGA-AN-A0AK-01A",0.0493976378075546,0,0.0945944575130353,0.0236562597881946,0,0.192097804564295,0.00298796684311356,0.0694560227041076,0,0,0,0.0517866067668455,0.0409085388831004,0.10223723880616,0.180787907076153,0.158197703388665,0,0,0.0338918558587756,0,0,0,1.79162805444324
"TCGA-AN-A0AL-01A",0.197574592766834,0,0.0269631903999967,0.00530258074278417,0,0.147022313861343,0,0.117274695137647,0,0,0.0366816495794011,0.0560324529733277,0.0406689313187308,0.0698643906015173,0.100063329767436,0.0730736064821164,0,0.061966667617036,0.0675115987518297,0,0,0,1.84154677960747
"TCGA-AN-A0AM-01A",0.042386141088236,0,0.0258069670597421,0.0453329446642541,0,0.124694683031258,0,0.180082910786223,0.0175991445072847,0,0,0.0765777395248013,0.0274584508912683,0.10390283732092,0.156246329179056,0.103698897249637,0,0.0683458914024815,0.027382977723095,0,0.000484085571743519,0,1.81123766367926
"TCGA-AN-A0AR-01A",0.069942483795264,0,0,0.100328973386824,0,0.0876496875380289,0,0.0718792357195951,0.0743914085691739,0,0,0.135095228126487,0.0550362155676997,0.134547516018162,0.0327268368893686,0.0766137933788829,0.0471628552796281,0.0486122507108244,0.0593232502762601,0,0.00669026474380107,0,1.76247579099624
"TCGA-AN-A0AS-01A",0.0252988970348678,0,0.000963718588603203,0,0,0.168069388329421,0,0.0259314840495615,0.0386785127245483,0,0.0167836780880253,0.058083783400934,0.00223100021552492,0.222299046315859,0.0686333723082582,0.180284199201042,0,0.0405358686614319,0.131470007975036,0,0,0.0207370431068867,1.84445689017204
"TCGA-AN-A0AT-01A",0.0936074321171276,0.0329157462259905,0.0116138227924735,0.0581137184265695,0,0.20669022911157,0.0339115189829817,0.081992053266118,0,0,0,0.025792800941232,0.0390573164571822,0.109108856771329,0.11383890970306,0.105258353468018,0.0211193886805695,0.0669798530557797,0,0,0,0,1.74713984750048
"TCGA-AN-A0FD-01A",0.0657946722671811,0,0.0824879789323758,0.0265452185224673,0,0.202837508322001,0,0.105376832726124,0,0,0,0.0540054589125739,0,0.131970323399748,0.160847513567416,0.080794460737199,0,0.0147906739381332,0.0736951631440882,0,0,0.00085419553069354,1.83675801123188
"TCGA-AN-A0FF-01A",0.125068784261553,0,0.0287434744981515,0.0252929831862299,0,0.154907627169007,0,0.0763606735439218,0.0127623359768003,0.0109150777308677,0,0.0281931796630635,0.0269665235166651,0.105960559673817,0.0702883507345093,0.189388850815364,0,0.0630870069260837,0.0820645723039663,0,0,0,1.93314876792143
"TCGA-AN-A0FJ-01A",0,0.0230943680442354,0,0.0705566587214706,0,0.175998463981438,0,0.106261070669197,0,0,0.0305253403248026,0.0703520190124864,0.0714299934179993,0.16027181677338,0.101714822224546,0.0301303316822621,0.0388898665293896,0.0556431068631927,0.0651321417556008,0,0,0,1.93838680205726
"TCGA-AN-A0FK-01A",0.0636937731082486,0,0.111419420800772,0.0330426061613256,0,0.17320817809744,0,0.109653502714112,0.00418014396127404,0,0,0.0543058299354823,0.0244471324134672,0.1118972013088,0.111202193566224,0.137429582995617,0,0.000869635327115838,0.0646507996101211,0,0,0,1.93711543678432
"TCGA-AN-A0FL-01A",0.0867575061297153,0,0.00785557321460825,0,0,0.214884338848966,0,0.0312636644071764,0.00359517107555317,0,0.0251433368565161,0.0164739012182614,0.0700367027014273,0.225244175364479,0.0422317062679854,0.128110491477634,0,0.127184764406078,0.0207372501259986,0,0.00048141790560106,0,1.74720619549197
"TCGA-AN-A0FN-01A",0.133406358929561,0,0,0.0684917586870642,0,0.21417715889016,0,0.0846696279408327,0,0,0,0.0737235974883217,0.0402937371479576,0.0447900006447888,0.0970985804136827,0.0821519001101584,0.0160239136146629,0.0562862584932812,0.0863365812664843,0,0.00255052637304461,0,1.84864068009156
"TCGA-AN-A0FS-01A",0.0817616497911776,0,0.11302925844111,0.0260988837455102,0,0.178927773644442,0,0.0204283180433832,0,0,0,0.0262504038437093,0.0313937418804907,0.00372795521186264,0.0809947270327534,0.273723029854869,0.00582716129819542,0.00543982460836669,0.15239727260413,0,0,0,1.96140337852482
"TCGA-AN-A0FT-01A",0,0.00836144565396632,0,0.0278207409867772,0,0.261857484265975,0,0.0566129761660751,0,0,0,0.110655949997383,0.0566897880062291,0.0481200791643313,0.116046256418589,0.152559511177549,0.0129835524438006,0,0.134060799701963,0,0.0142314160173606,0,1.74279338378666
"TCGA-AN-A0FV-01A",0.00325238185247165,0,0,0,0,0.187891071686629,0,0.0323873655593316,0,0,0,0.0556005985006991,0,0.219967616409161,0.0964637497237091,0.205819480477961,0,0.00852203408406336,0.161558270701587,0,0,0.0285374310043876,1.83452474885109
"TCGA-AN-A0FW-01A",0.0433767205946899,0.0212731090106889,0.0267988606201462,0.0969509709936259,0,0.14743292292425,0,0.0226352088291326,0,0.00294522047469041,0,0.0624798463691458,0.0606829477658058,0.0314889547184556,0.132382505157656,0.186181417809605,0,0.0444734182886257,0.120897896443482,0,0,0,1.72096250540437
"TCGA-AN-A0FX-01A",0.140580938520323,0,0.0221238583275753,0.00122038439032783,0,0.18399374458042,0,0.0424370679673986,0.011787868063565,0,0.0367448477443346,0.0283259995543576,0.0554454619453337,0.146250400161545,0.113507396036763,0.10853767088899,0,0.041165262329038,0.0678790994900284,0,0,0,1.80379633842063
"TCGA-AN-A0FY-01A",0.020445651122928,0.00526016106194063,0,0.0167383162022744,0,0.20303957855533,0,0.0856850257618898,0,0,0.0367147530046094,0.0577562112173999,0.078742961954266,0.114167886225403,0.128075809014841,0.136400757373902,0.0410802550323485,0.0353280802687816,0.0405645532040859,0,0,0,1.88283913743714
"TCGA-AN-A0FZ-01A",0.150646644689652,0,0.0268524317229985,0,0.0683616034949654,0.0707539392248215,0,0.0105922181549919,0,0,0.0580176604222001,0,0.0077707028195594,0.231907641640607,0.0659877997464939,0.209458862565207,0,0,0.0996504955185033,0,0,0,1.86188486861394
"TCGA-AN-A0G0-01A",0.0562586896677952,0,0.0797245991117847,0.00594750520492303,0,0.169985458696779,0,0.0845109418065239,0,0,0.0522254887131749,0.032783557355769,0.048037182325016,0.152174102523325,0.139933255451545,0.102476874000481,0.0128602980745261,0.013806006982313,0.0492760400860433,0,0,0,2.00330207829328
"TCGA-AN-A0XN-01A",0,0,0,0,0,0.338733626037003,0,0.0298711899257263,0,0,0.049219691725469,0,0.0398436818553736,0.11633021337448,0.0667165143159664,0.231020224849468,0.00458056167877914,0.102770798175866,0.00495740433482117,0.0101891213011771,0,0.00576697242586999,1.90236328179297
"TCGA-AN-A0XO-01A",0,0.00432769489750912,0,0.0301947900056594,0,0.132111309171507,0,0.0326932763117535,0.0424747577412516,0,0,0.150762686001658,0.00234588175804006,0.217750350359842,0,0.0241435788090152,0.0303158806120294,0.206033046072178,0.11623219474943,0,0,0.0106145535101261,1.83965545446866
"TCGA-AN-A0XP-01A",0.0327821308234771,0,0,0,0,0.195335073439025,0,0.0132635316757233,0,0,0,0.0459027656605315,0.0187703134712904,0.0594483964127672,0.139816178659494,0.20555293990747,0,0.0735966655584392,0.193389847015102,0,0,0.0221421573766793,1.93780289341186
"TCGA-AN-A0XR-01A",0,0.0320875320998505,0.016101726722485,0,0,0.0556078307676752,0,0.0931400347005348,0.0294778979097388,0,0,0.105762975260717,0,0.23436007889639,0.0666410746212675,0,0.051000610476877,0.108629333772036,0.203720280586182,0,0,0.00347062418624557,1.91088673084398
"TCGA-AN-A0XS-01A",0.0880977120720523,0.0247243851289982,0.0934786604269862,0.0989285526974285,0,0.148231703875302,0,0.0543559132948742,0.0319487287266524,0,0,0.0424800985617331,0.0456193811798308,0.0475197451316901,0.106327845972977,0.0831964725754419,0,0.0509604701826403,0.0841303301733928,0,0,0,1.84806623400606
"TCGA-AN-A0XT-01A",0.00533946687160116,0.0632891394362034,0.0891789814013639,0.00584833534846532,0,0.139560798479969,0,0.0851053453334992,0,0,0,0.0694139938574455,0.0554033687544083,0.0712895731853182,0.114690941409494,0.101446856985663,0,0.026649442938401,0.172783755998168,0,0,0,1.89254856534439
"TCGA-AN-A0XU-01A",0.0344827014039924,0,0.0563763826928924,0.0300884559220775,0,0.197110594091519,0,0.0816868596755758,0,0,0,0.154303780438971,0.0231485156060013,0.0887769496357446,0.152281133325893,0.0835208542594158,0.0567197531070345,0.0257230505082416,0.0157809693326412,0,0,0,1.85719571059301
"TCGA-AN-A0XV-01A",0.156626075070997,0,0.0408644586738395,0.0556314780604005,0,0.152073498719306,0,0.0853138263796711,0,0,0,0.0634067417455327,0.0153809662343436,0.062406021819819,0.121313552890072,0.0781834013410475,0.0290807677717411,0.0382372031787987,0.10148200811443,0,0,0,1.81847320476826
"TCGA-AN-A0XW-01A",0.0937874996127524,0,0.0261865714684455,0.0686826087436072,0,0.120974635696759,0.0151623269777988,0.107368510247943,0,0,0,0.0936764527887473,0.0337394971760946,0.0353426980520163,0.158846581263663,0.109565308852128,0.00194622764290529,0.0289609282993215,0.0848930263219626,0,0.0208671268558546,0,1.83227993231525
"TCGA-AO-A03L-01A",0.158368679730077,0,0.0713183303351085,0.0575277760974805,0,0.152468398741351,0,0.0663982633243031,0,0,0,0.0797485536551115,0.0370630506151236,0.048412216353944,0.091593223830339,0.0817033183830755,0.000612954107735121,0.0484285691607851,0.106356665665566,0,0,0,1.83629203363304
"TCGA-AO-A03O-01A",0.111318823222121,0,0.0497548656520004,0.0406224021469408,0,0.137864927045465,0.0113387121214522,0.091026216137683,0.0111476331802616,0,0.00179470348533171,0.0579531768506921,0.0415821010810574,0.0885366875307641,0.151511322197695,0.103330415570801,0,0.0397386546394225,0.0624793591383126,0,0,0,1.78182416712201
"TCGA-AO-A03P-01A",0.0463383939160679,0,0.0261305231490457,0.00541860103688559,0,0.188090012337825,0,0.090031600056018,0,0,0,0.0642440715665105,0.0230587925277319,0.108653562733171,0.134127311879301,0.110699371414405,0,0.0582935738147878,0.144914185568251,0,0,0,1.73722274640686
"TCGA-AO-A03R-01A",0.16757850497556,0,0.0683266973412987,0.116678424667116,0,0.120914194380575,0,0.0827029866771844,0,0,0,0.0403548098482716,0.0668221172498212,0.0240270377049169,0.131435327574151,0.0942190720904752,0.00187906195614635,0.0702591811341357,0.0148025844003479,0,0,0,1.68592814125103
"TCGA-AO-A03T-01A",0.0745029544761077,0,0.00498220956092368,0.0709701608156385,0,0.183055780546881,0.00848186463174469,0.0658934514786477,0.0103943015187451,0,0.00235894026063592,0.0769995733299011,0.0603663171362162,0.0900609799318247,0.148479666979094,0.0757771874864068,0.00472175470955733,0.0505390986986809,0.0724157584389954,0,0,0,1.6439890229741
"TCGA-AO-A03V-01A",0.225629726093575,0,0.0979083587695743,0.0477418922420473,0,0.121267009856898,0,0.0743549981087419,0.00189847913941996,0,0,0.0698539674289848,0.0235596005064216,0.0549933778247883,0.0842173603723433,0.0913665341452733,0.00316643535758299,0.0527749435042666,0.0512673166500829,0,0,0,1.85381605627941
"TCGA-AO-A0J2-01A",0.116327306107382,0,0.0334316730417719,0.114909785818205,0,0.0671164335660932,0,0.147087428498962,0,0,0,0.127347530092107,0.0263421274070485,0.0622295601194757,0.143527805492375,0.0791949224507187,0.0168544965237499,0.0326768427233543,0.0329540881587563,0,0,0,1.81299478278884
"TCGA-AO-A0J3-01A",0.0819351879116073,0,0.0349044528963552,0.0404904907158928,0,0.154867164671979,0,0.014483318251352,0.0171521612841177,0,0,0.12479995838057,0.011777280145969,0.0237829974990222,0.105106054519161,0.19711967087705,0,0,0.193581262846925,0,0,0,1.7581055855564
"TCGA-AO-A0J4-01A",0.20203708469799,0,0.0591120418280315,0.0365529349419198,0,0.163650378167051,0,0.0733450197745754,0.0221361420845351,0,0.0148836793918631,0.0124504512568405,0.046951855388796,0.075531113706518,0.148422381381482,0.0742589374478053,0,0.064143445663199,0.00652453426939303,0,0,0,1.79934233383221
"TCGA-AO-A0J5-01A",0.0583408489762841,0,0.0992773872442975,0.0149002239131154,0,0.178826688036025,0,0.061488066771014,0,0,0,0.0143336501632003,0.0255285816986719,0.0553855786068046,0.108723562465602,0.20152815568027,0,0.0222434012253427,0.142112496315456,0,0.0173113589039168,0,1.91470401503124
"TCGA-AO-A0J6-01A",0.0492269883143396,0,0.0157192399972273,0.116576273049992,0,0.118427462633386,0.0193902975184106,0.134972154491513,0.0207502010080469,0,0,0.14148586205197,0.0390625429182045,0.0684790045399377,0.133710872660871,0.0469647472831292,0,0.0919298230305132,0,0,0,0.00330453050246093,1.96849814026896
"TCGA-AO-A0J7-01A",0.0955004601385992,0,0.0179136280943988,0,0,0.138160777050656,0.0246320091168355,0.0757142723038394,0,0,0.0551784667832511,0,0.0257013913791445,0.143884258281716,0.0940167894960727,0.07636015422566,0.0954169403877601,0.00225052245029905,0.155270330291768,0,0,0,1.7716387028425
"TCGA-AO-A0J8-01A",0.0981306474837031,0,0.000376015944199238,0.0414558654759682,0,0.162397240215218,0,0.0696844155315078,0.0148640025384337,0,0.00240118058801568,0.0266993623012882,0.0468821254108296,0.116583757778477,0.114832877674829,0.0735882468517275,0.0495220226561359,0.0484873147278369,0.134033837086341,0,0,6.10877354887417e-05,1.84304296972168
"TCGA-AO-A0J9-01A",0.140936140812755,0,0.0175357243065535,0.0616832652349179,0,0.143612605770863,0,0.0566370191914155,0.0382664152496681,0,0.0357595532041312,0.0264308603937959,0.042325175742942,0.0858850338042094,0.0620498842761298,0.126197180229338,0.0428932375045831,0.0305895023101697,0.0891984019685281,0,0,0,1.70050363964512
"TCGA-AO-A0JA-01A",0.101163640287376,0,0.0510926800109303,0.0200317800106494,0,0.207624086306239,0,0.0496129189527594,0,0,0,0.0977731561293188,0.00731852866575542,0.0697986165716297,0.0839282765705909,0.13250531271352,0,0.0540228902328889,0.118237235466077,0,0,0.00689087808226557,1.87789988354383
"TCGA-AO-A0JB-01A",0.101355759617338,0,0.0158503823913091,0.0450838827395684,0,0.147560407126741,0,0.093792594192762,0.0261047146635113,0,0,0.0567663951583294,0.0505643613406962,0.115611932174502,0.118120195011298,0.108511984032502,0,0.0305361520731463,0.0901412394782973,0,0,0,1.5098645212851
"TCGA-AO-A0JC-01A",0.244860334790012,0,0,0.105831848805171,0,0.15061635668514,0.0305358795036227,0.0705134125675951,0.0204265947108,0,0.0108251731458706,0.0244083659115178,0.0100419026717529,0.024912073558471,0.0859158470590535,0.100902400503602,0.012093524477231,0.0400198948218161,0.0680963907883437,0,0,0,2.02533622190731
"TCGA-AO-A0JD-01A",0.106884574725848,0,0.00456973602423676,0.0557792053833839,0,0.150443395845012,0.00295763869131346,0.103508844518477,0,0,0.0298134255889735,0.00660101702201576,0.035824815291683,0.0249867329279548,0.167406815142999,0.126645667513164,0.0717568108072111,0.050230183899962,0.0612147428245173,0,0,0.00137639379324806,1.73797430521032
"TCGA-AO-A0JE-01A",0.086507671461333,0,0.0628122346248293,0.0603485044660529,0,0.148518353991348,0.0090551588731128,0.0994960804671033,0.0419654072435576,0,0,0.0452915132259474,0.0226752158222252,0.0352511861633296,0.124353776157744,0.0841822889558322,0.018967435128794,0.0672086414622078,0.0797178109803685,0,0,0.0136487209762139,1.7936100116201
"TCGA-AO-A0JF-01A",0.0600943773582224,0,0,0.0968170615686656,0,0.146678287954176,0,0.0540195739401829,0.0186198142528966,0,0,0.0548328676682553,0.056108732513157,0.0349886847387118,0.10673123787091,0.113848031393672,0.0670565107591065,0.0430074921681621,0.147197327813882,0,0,0,1.83527926799784
"TCGA-AO-A0JG-01A",0.0928084411283687,0,0.0188138766039468,0.11435993047209,0,0.143961103147826,0.0104490652763196,0.0998344401856598,0,0,0,0.0690812800403365,0.078244167899111,0.107022885581104,0.122212848609253,0.0261587071884557,0.0054533313349815,0.0395178720430696,0.0670938652947863,0,0.00498818519469222,0,1.83201603147712
"TCGA-AO-A0JI-01A",0.164051031140219,0,0.0617922621144494,0.0692064137107929,0,0.134065788321975,0,0.0401962992044922,0,0,0,0,0.0302798222460145,0.0574103951570661,0.12749789347416,0.031040350619141,0,0,0.272596110543881,0,0.0118636334678092,0,1.89380662424715
"TCGA-AO-A0JJ-01A",0.0851953892291754,0.0384315227246483,0.0933862948184693,0.0980269328161912,0,0.155127962569596,0,0.0708126305054567,0.00551382005345275,0,0,0.0175965120227822,0.0616216848574163,0.00682153130741664,0.104261075137482,0.111149272002587,0,0.0568448588545303,0.0890621426383938,0,0.00614837046240175,0,1.95381356481023
"TCGA-AO-A0JM-01A",0.127768789761636,0,0.0299252887696574,0.0173426182370572,0,0.158437041902946,0,0.0832926488678861,0.00183352322174616,0,0,0.0312274480482447,0.00913597418201111,0.155029797648117,0.0915364812935336,0.124815552564746,0,0.0729835459897995,0.0825062470502739,0,0.014165042462345,0,1.76877246314996
"TCGA-AO-A124-01A",0.155305699248532,0,0.00750355776384859,0.0533635261402138,0,0.212360923783481,0,0.0768764409070678,0,0,0.00198231918103112,0.0621337676376676,0.071183205967308,0.0970772111907652,0.0623772244679266,0.0421149702246117,0,0.152497800369696,0.00522335311785086,0,0,0,1.86775066362684
"TCGA-AO-A128-01A",0.0467018728714877,0.0179564750757083,0,0.106031369386783,0,0.14644081686658,0.0260699598616612,0.13457245644916,0,0,0,0.084365237200219,0.0261304724007811,0.0912166858048989,0.1889366010221,0.0937058156285866,0,0.0344948197968568,0.00337741763517684,0,0,0,2.01904651546878
"TCGA-AO-A12A-01A",0.130312897680985,0,0.0647785110743618,0.0827610509099675,0,0.10476447654401,0,0.0858083515878657,0.0456832280157611,0,0,0.0644677255846396,0.0396560837729654,0.0587958073990352,0.0795720590837095,0.0767276566586343,0,0.0834367200464424,0.0756361894595191,0,0.00759924218210372,0,1.90902404782871
"TCGA-AO-A12D-01A",0.0586115394665424,0,0.098137350929274,0.0541175458797149,0,0.165058949100778,0.00464862861660585,0.0963907230761148,0,0,0,0.0581224088151497,0.0283067095889283,0.064464256180767,0.149714722599593,0.102356255927549,0,0.0379426026953113,0.0821283071236711,0,0,0,1.87503699301533
"TCGA-AO-A12F-01A",0.0205044836217613,0.0226992288062467,0.0341788850129783,0.000489589614920218,0,0.248238503398367,0,0.111542247555264,0,0,0.030763326079996,0.0488341278821664,0.0839133642623034,0.0703108533297143,0,0.163367703550213,0,0.0608467208344679,0.0793803513592603,0,0,0.024930614692341,1.82592034053289
"TCGA-AO-A12H-01A",0,0.020561119440665,0.00624585436847425,0.0542801736136189,0,0.110953285654336,0,0.0643654108581845,0,0,0,0.147556800431446,0.00512221877719351,0.0345220652431997,0,0.393028644204256,0,0.0457415782994049,0.103303388805391,0,0,0.0143194603038311,1.91007072685453
"TCGA-AO-A1KO-01A",0.134332784925352,0,0.0999163139156091,0.0624547154349654,0,0.302332672371522,0,0.0246945965954778,0,0,0,0.0556121950407195,0.0273610145368765,0.0423204063208212,0.0136882702648223,0.109402938532987,0,0.0817332774381476,0.0461508146227,0,0,0,1.8470807905237
"TCGA-AO-A1KP-01A",0.0449505781206592,0,0,0,0,0.234444988772643,0,0.141510271447682,0,0,0,0,0.0236624296867344,0.0948173962844058,0.0828398134748894,0.104573203878401,0.0368764780392248,0.169388028423707,0.0331114128209705,0,0.0338253990506836,0,1.82410329876972
"TCGA-AO-A1KR-01A",0.0520928778964278,0,0.0303264827715776,0.195183831715003,0,0.0722571177331759,0.0354591426251202,0.133434726660511,0.00802959908283637,0,0.0168492758859034,0.089180630517062,0.042753773896786,0.0676392223985227,0.100362483766935,0.0228556618984305,0,0.0686023306802898,0.0508035050458336,0,0.0141693374255852,0,1.73372061799685
"TCGA-AO-A1KS-01A",0.023168305705155,0.00245899282839994,0.0017421621831325,0,0,0.285404880034036,0,0.0943347549871644,0,0,0,0,0.0623890650694526,0.073246495099086,0.0708721414738575,0.104563250822169,0,0.163104146955795,0.114572151056764,0,0.00414365378498842,0,1.83973116992324
"TCGA-AO-A1KT-01A",0,0.0622887495106305,0,0,0,0.254463150628522,0,0.0965553935483028,0,0,0,0,0.0179504596733518,0.0665404934534742,0.0407293036419993,0.229420162776528,0,0.134627649600754,0.0354120508524143,0,0.0387359127953054,0.0232766735187174,1.87399839399321
"TCGA-AQ-A04H-01B",0.0521545911576543,0.0051406279640923,0,0.0280013584019778,0,0.142151970126839,0.00646641965648933,0.106797436827182,0,0,0.108957926704093,0,0.0576809431351437,0.112212734756441,0.116518552119456,0.156097366267477,0,0.0220711778449045,0.085748895038251,0,0,0,1.77388900107992
"TCGA-AQ-A04J-01A",0.218642230112888,0,0,0.0408462447669218,0,0.154856521689778,0.0314331695623068,0.0787137049294448,0,0,0.000944369248466497,0.0256972592988557,0.0596368750432179,0.0897790067574974,0.0995279864935789,0.04031840051229,0.00296594132435957,0.0775040469532613,0.0791342433071327,0,0,0,1.77415796482195
"TCGA-AQ-A0Y5-01A",0,0,0.00538748448207997,0,0,0.142438230285494,0,0.00466014820115153,0,0,0.0661161609157127,0.0471274404884716,0.037336081128677,0.134388790526029,0.0680834073138831,0.210639420985526,0,0.0811245692038563,0.146492008034782,0,0,0.0562062584343368,1.82720418593941
"TCGA-AQ-A1H2-01A",0,0.0123001265068987,0,0,0,0.168754255381768,0,0.0455915073454477,0.00665347862303416,0,0.0296162819163255,0.00718799760000483,0.0261842788524953,0.00811362954339934,0.159776654590451,0.337804177514904,0.00170641790246806,0.0160367498900598,0.163662010465962,0,0.00694578694059214,0.00966664692618937,1.89482418558369
"TCGA-AQ-A1H3-01A",0.128356593723777,0,0,0.0928316711289542,0,0.17375662995003,0,0.0904965504472958,0.0312292232774957,0,0.0195878751653151,0,0.0603678536726236,0.0216493057268097,0.0855271838520233,0.118415205332198,0.0241346339466883,0.0999120450560922,0.0523882571046289,0,0.00134697161606823,0,1.86735329843506
"TCGA-AQ-A54N-01A",0.0106387951376651,0.00124382614519344,0,0.140932015159257,0,0.13185727330536,0,0.207689353591563,0,0,0,0.118509693168595,0.0272270692571102,0.0921550436970149,0.102486073322088,0.0526134307566219,0,0.0423617668446051,0.069065129740386,0,0,0.00322052987454078,1.89732441180347
"TCGA-AQ-A54O-01A",0.182752839064674,0,0,0.00318560196266913,0,0.0339716206032925,0,0.194929946653865,0.0561874591768179,0.00106677914661097,0,0.0330094199405969,0.03388546628221,0.119393927255818,0.101812935129812,0.0930357706546217,0.0109243583538495,0.0476587752950119,0.080543694193922,0,0.00764140628622796,0,1.85058594370012
"TCGA-AQ-A7U7-01A",0.116610997951009,0,0.0354233189249774,0.122308365175668,0,0.122868996078503,0,0.101658883920985,0,0,0.0001586313835384,0.0747940260350828,0.0531675627154546,0.0387309285196664,0.103556352596087,0.0861946276047388,0,0.0632902663142656,0.0812370427800244,0,0,0,1.92040954036465
"TCGA-AR-A0TP-01A",0,0,0,0,0,0.281414065566705,0,0.00349251947338897,0,0,0,0,0.0467824267525814,0.504867363771144,0,0.0120058856361103,0,0.0722893680342893,0.0640855807157579,0,0,0.0150627900500236,1.85883655490494
"TCGA-AR-A0TQ-01A",0.154999420404732,0,0.0904054215084149,0.0710418621107172,0,0.167259831531116,0.0127121497819063,0.0538777274278613,0,0,0,0.0542481658316339,0.0209346378836912,0.0588903227956415,0.0968899966368713,0.101108748497092,0,0.0512178588754041,0.0664138567149177,0,0,0,1.79996252693687
"TCGA-AR-A0TR-01A",0.208685807965053,0,0.0399133528300796,0.0941644439522823,0,0.0407978852459541,0,0.0111326632988821,0.0695147957129441,0,0,0.061072547994564,0.0228891095001963,0.0425087606377322,0.137602953378934,0.111443652914939,0.00762969437561912,0,0.15264433219282,0,0,0,1.89354981101585
"TCGA-AR-A0TS-01A",0.2247796279059,0,0.0360751770188936,0.0289359784791588,0.00318380852643361,0.107618994918076,0.0300641300521846,0.0562155155873625,0,0,0,0.0690409895172888,0.0516795400778009,0.0584984749120719,0.123199019422226,0.111902846855741,0,0.0326913095249925,0.0661145872018696,0,0,0,1.82648708957486
"TCGA-AR-A0TT-01A",0.120760080694618,0,0.0951740201007643,0.0290317653354188,0,0.138732739688274,0.0405420787667832,0.0680329180431704,0,0,0,0.0718514286755584,0.0296244257317116,0.0933249164819353,0.107259487631825,0.0738885998855381,0,0.0485001711347505,0.0832773678296527,0,0,0,1.91315453216665
"TCGA-AR-A0TU-01A",0.0344225218143147,0,0.00544065665164832,0.0916346044662011,0,0.126031833193812,0.0680605680766943,0.105151421488005,0,0,0,0.062799785261889,0.034396427145699,0.070762114309534,0.157168422467929,0.10743626218344,0.0270451866348303,0.100753391332336,0.00290267614542998,0,0.00599412882823676,0,1.83174583302865
"TCGA-AR-A0TV-01A",0.0768053272164568,0,0.0635674309090657,0.111594286463529,0,0.0627393673289584,0.00382123879541984,0.100743841482773,0.0165283401146917,0,0,0.0690509310605794,0.0674716012237632,0.108958602297623,0.143835956112138,0.111329205649218,0.0121145815572063,0.0425379222060369,0.00890136758254071,0,0,0,1.82520058195512
"TCGA-AR-A0TW-01A",0.0737776882045765,0,0.11747035785456,0.110956559644339,0,0.0636038467926118,0.0189684795161201,0.0949241436386066,0,0,0,0.0797115032589985,0.0204724242407743,0.0464961192047667,0.142916161001497,0.107706305090262,0,0.0185244369988628,0.0993700857770438,0,0,0.00510188877698056,1.84146506347023
"TCGA-AR-A0TX-01A",0.142502129660046,0,0.0193199567051883,0.0737233167711072,0,0.0992113503424062,0.0296608770709495,0.0854703466873968,0,0,0.0266086062704538,0.0425553573102486,0.0433479030525431,0.0406198913988038,0.141916987056561,0.11527847435481,0.0216893094868895,0.0310565669773891,0.0870389268552073,0,0,0,1.80649505032212
"TCGA-AR-A0TY-01A",0.1227789416353,0.0127371231674634,0.0776006643068609,0,0,0.171437806591822,0,0.0685032783299929,0,0,0.016270268964459,0,0.0250368004980343,0.172954483131656,0.0618063917802337,0.132926329282828,0,0.0279886825010125,0.109959229810338,0,0,0,1.74588585949752
"TCGA-AR-A0TZ-01A",0,0,0.000776984790482125,0.0269865679539712,0,0.39501927369169,0,0.0563516934516591,0,0,0,0.0633981419399576,0.0500715242193187,0.0565455551438251,0.0601705441872827,0.154630960004294,0.00562649439127289,0.0705463530137198,0.0598759072125266,0,0,0,1.9066311155088
"TCGA-AR-A0U0-01A",0.0882058922982206,0,0.0956607175948758,0.0871460975354951,0,0.144102692371836,0.0190286888447355,0.123280938798357,0,0,0.00956884773234999,0.0444713091293696,0.0297067217931365,0.0256550950275168,0.137240502541713,0.102881009941302,0.000550777737965043,0.0797529740483163,0.00924065299531866,0,0,0.00350708160949199,1.95203501198556
"TCGA-AR-A0U2-01A",0.0456510940454608,0,0.043732495174951,0.0406626271578536,0,0.220233779082047,0,0.110556767398413,0,0,0,0.0729107318326319,0.047647273096563,0.0675134403544171,0.13203655341314,0.10681030661977,0,0.0271522412927945,0.0850926905319587,0,0,0,1.79571930439833
"TCGA-AR-A0U3-01A",0.101444881558498,0,0.0275094501231955,0.0144656630394597,0,0.17177395682671,0.0332950486916628,0.0880419692906315,0.00396495976376637,0,0.0192677357728586,0.0104092680466369,0.0211588868564131,0.097175699073516,0.115398270550443,0.121150432386434,0.0231693222071552,0.0511404455755589,0.100634010237061,0,0,0,1.82716979876361
"TCGA-AR-A1AH-01A",0.189628261727511,0,0.0494434215012329,0.0914475798643514,0,0.242245891684494,0,0.0330956321866211,0,0,0,0,0.0512737966725233,0.161980621173735,0.0649262991615681,0.06803062091006,0,0.0172086450379611,0,0.028693055505992,0,0.00202617457395039,1.94602674713499
"TCGA-AR-A1AI-01A",0.104219569329821,0,0.0785853871928568,0.0874001512044936,0,0.095565400351992,0.0642372205201984,0.0891584003584353,0,0,0,0.0550120622741336,0.0696335307691537,0.0667816817112479,0.0927177316433437,0.0749296679281858,0.0243545990555787,0.0652727168677354,0.0321318807928239,0,0,0,1.92280957994378
"TCGA-AR-A1AJ-01A",0.134323079947199,0,0.00287636397053857,0.0652860904720955,0,0.113498153230716,0.0405159503278383,0.119643943432355,0,0,0.0271172974792705,0.0220378857076481,0.0535197941284903,0.0259460256917029,0.119188692207325,0.119546001707391,0.0476591586346407,0.0801582325894562,0.0264086230948118,0,0,0.00227470737852069,1.84109806743593
"TCGA-AR-A1AK-01A",0.0495024949594002,0,0.0172082795189578,0.0908176410424062,0,0.104075267909575,0,0.11838861931066,0,0,0.0140904598845862,0.0676103038261455,0.0375844954680376,0.061669782700215,0.129362688780176,0.148409446846374,0,0.0572288581014721,0.101630668438699,0,0,0.00242099321329585,1.92223574871434
"TCGA-AR-A1AL-01A",0.0787403966562247,0.0188039460340446,0.0524523577692973,0.0185676960278494,0,0.278397846726812,0.0208847194606559,0.0190670491387541,0,0,0.0739885523156835,0,0.0757522451418245,0,0.0839313818628597,0.122388621939286,0.0515764630786385,0.0201943475737454,0.0852543762743242,0,0,0,1.91919091700835
"TCGA-AR-A1AN-01A",0.0933188569787589,0,0,0.0037269733022224,0,0.166061089591335,0,0.0370298907202198,0,0.00400337306061562,0,0.0648495183755921,0.0256959481980041,0.184890576384494,0.13694162295625,0.060990652868259,0.0766666084315157,0.0224269329722065,0.123397956160527,0,0,0,1.7753686994457
"TCGA-AR-A1AO-01A",0.0778044852056416,0.0540169644411472,0,0.0562641618622689,0,0.191709273003772,0,0.0351021660277458,0,0,0.00482065184092357,0.0379547923568891,0.0540979301515329,0.110424246657518,0.110362202764695,0.0967183081180802,0.0278945763907653,0.0728743283829318,0.0550470256276427,0,0,0.0149088871684454,1.8550748090201
"TCGA-AR-A1AP-01A",0.133139962432107,0,0,0,0,0.146296733507567,0,0.104032200852704,0.0159590193555398,0,0.0251119524171374,0.0286191557052548,0.0531784200209379,0.0828467864906967,0.111701792810787,0.140919242956227,0.0375918732493893,0.0614386171582007,0.045495310813097,0,0,0.0136689322303531,1.82646200799874
"TCGA-AR-A1AQ-01A",0.0958198919962107,0.0240151206005266,0.101899276806078,0.0874877220503399,0,0.0926003071160809,0.0614742472367666,0.117151562133923,0,0,0,0.0292238348740796,0.0418834916525816,0.0399134428108063,0.112611369020486,0.0991237099493661,0.0416995334870227,0.0488606073050198,0.0062358829607121,0,0,0,1.81112939181075
"TCGA-AR-A1AR-01A",0.0678226920245101,0.0232939706016321,0,0.0325435954137365,0,0.179620976845666,0.0626749517548438,0.0732930301675794,0,0,0.0399531805920586,0,0.099115422395106,0.0775075438134021,0.140947834352961,0.114945505593571,0.0149927590110351,0.073288537433898,0,0,0,0,1.8311169521508
"TCGA-AR-A1AS-01A",0.0219600482154466,0.00136480230432904,0,0.0510174788707457,0,0.111315038303807,0,0.0905839720716458,0,0,0.0739426263324905,0,0.014600994861269,0.195358897196314,0,0.246885538461779,0,0.0996769134041463,0.0440078029005994,0,0.022255852797338,0.027030034280089,1.85101878230026
"TCGA-AR-A1AT-01A",0.128924946206963,0,0.00824728587879669,0.0945813316513824,0,0.0929179833199026,0,0.104277336236845,0,0,0,0.108414480201815,0.0452335096911862,0.0555833303254606,0.11098219275176,0.121180253373433,0,0.0504672236905898,0.0791901266718665,0,0,0,1.82394559793113
"TCGA-AR-A1AU-01A",0.0505401430402704,0,0.110446345029278,0.0280049303551519,0,0.182918294365182,0,0.0172424804229236,0.0130445180520766,0,0,0.0745945961879636,0.0577646368751982,0.14182201265384,0.106131137345735,0.0816225765558704,0,0.0396151331707805,0.0962531959457301,0,0,0,1.8610602501812
"TCGA-AR-A1AV-01A",0,0,0.000434238358388616,0,0,0.181169242218722,0,0.0137109519963257,0,0,0.0227704278974108,0.0416720504916575,0.0511574409585155,0.27311823713433,0.0760545940958594,0.176446756201968,0,0.00917092265562274,0.1542951379912,0,0,0,1.93805831956632
"TCGA-AR-A1AW-01A",0.181459567074443,0,0.0815799836257592,0.0751064797366078,0,0.108546990093968,0.0374358475382103,0.0562340823258489,0,0,0,0.0570551359976369,0.0401653848327968,0.0667723537645155,0.131686355820289,0.0930866020357019,0,0.037669420387631,0.0332017967665922,0,0,0,1.95433387996167
"TCGA-AR-A1AX-01A",0.1777905260593,0,0.00768530571606869,0.0359453359373582,0,0.153648172763538,0.0194102121300128,0.0781792603930884,0,0,0.0273483212410458,0.0239120878813693,0.0603209736443241,0.0707716691043926,0.107259541996652,0.0409013875522372,0,0.0530381111932263,0.143789094387386,0,0,0,1.87262671989275
"TCGA-AR-A1AY-01A",0,0.0269506098151259,0.0138641559510479,0.0528526907446865,0,0.180535265118834,0,0.0699372809048677,0,0,0,0.139859876002962,0.0868602792760711,0.170671893876071,0.126906148736225,0.050513399483015,0.0203938577076968,0.0132049087971855,0.0473197402012529,0,0,0.000129893384957798,1.86666447370486
"TCGA-AR-A24H-01A",0.0561383789705755,0,0.00592071097261272,0.0826236790207087,0,0.196880139485203,0.00170099633448589,0.123962416863218,0,0,0,0.05449430191194,0.0453813145193679,0.0577534837904054,0.106843648295973,0.144299710293928,0,0.0509320685304237,0.0704513881967295,0,0.00261776281442826,0,1.79195217041788
"TCGA-AR-A24K-01A",0.0646715375622043,0,0.0312871093630611,0.124342585805264,0,0.214188591495211,0,0.0828868167634916,0.0015241119260418,0,0.007911623918206,0,0.0239008310181861,0.00945753290424153,0.0191184807047075,0.29584670672973,0,0.1090261506912,0,0.0113445547827306,0.00239320757265099,0.00210015876307357,1.79250214250016
"TCGA-AR-A24L-01A",0.136637185914516,0,0.0788619278094648,0.0156026435803925,0,0.203950202002108,0,0.00992504812514282,0,0,0,0.0469272027665629,0,0.0984823458211705,0.0768578226993765,0.152160504738633,0.00631568120543762,0.0201840410416779,0.151727172392901,0,0.00129514666497559,0.00107307523763968,1.90842451192423
"TCGA-AR-A24M-01A",0.176362206453575,0,0.0530260967195136,0,0,0.218066593773619,0,0,0,0,0.00858815927831116,0,0,0.0475435399838197,0.0505384882791874,0.182721949379416,0,0.0487895032162222,0.174494120019811,0,0,0.0398693428965243,1.96891585445372
"TCGA-AR-A24N-01A",0.0822748254678794,0,0.13453832616958,0.0103914605560974,0,0.182344987501784,0.00481561901558831,0.0870861718789992,0,0,0,0.0219452544246757,0.0117527699101454,0.0882979541461374,0.0798606591183413,0.121391427192803,0,0.0595279393728199,0.077833214694973,0,0.0379393905501766,0,1.83960538942768
"TCGA-AR-A24O-01A",0.150627406190671,0,0.0632284455416083,0.0742376738802708,0,0.174745513815863,0.0121340356459956,0.0590276994140514,0,0,0.0244221817243399,0,0.0506639691259697,0.0277556448863619,0.0937387720508371,0.113268774120522,0.00233311804865756,0.0611585319999707,0.0901534855308178,0,0.00250474802406296,0,1.91479305437104
"TCGA-AR-A24P-01A",0.251979957797041,0,0.0655645133653773,0,0,0.122538670562857,0,0.101755477307672,0.00837310404160625,0,0,0.0225571375288036,0.0269159043465024,0.058727453012706,0.0896039387736076,0.101089172135888,0.00501684619677269,0.0724292268605239,0.0527239163223572,0,0.0207246817482854,0,1.87455032526117
"TCGA-AR-A24Q-01A",0.109108896977387,0,0.10247626294462,0.0897733558825023,0,0.192468051608762,0,0.057180103708577,0,0,0,0.0244130384617366,0.0436692993555175,0.109559686347102,0.111315522710636,0.0441116185588217,0.022374905051243,0.0359469847572608,0.0576022736358335,0,0,0,1.74108478626525
"TCGA-AR-A24R-01A",0.0966490634957745,0,0.0335934834128271,0.0157173288788514,0,0.203271031743581,0,0.0630321410336693,0.0173497454572277,0,0,0.0544167223889709,0.0500027741907017,0.0746219324626563,0.135369592460084,0.0831737559206113,0.0240688189354283,0.0568999537916903,0.0918336558279268,0,0,0,1.78431225555869
"TCGA-AR-A24S-01A",0.0968501130021062,0,0.0324456506379246,0.0264325658350482,0,0.202440309634742,0.0325754462997996,0.0269127333281759,0.00913138714150579,0,0.0109882105564443,0,0.0567989189711065,0.078592295088959,0.11395809694862,0.139861423656531,0.0548062367280853,0.0472853064467513,0.0700139579162447,0,0,0.000907347807955548,1.82617402263097
"TCGA-AR-A24T-01A",0.11343894729892,0,0.0583950586307982,0.0334754781789033,0,0.130317629958464,0,0,0,0,0,0.0934325045703533,0.036372370864686,0.0156612537956313,0.0722862043700583,0.17311386135743,0,0.0396789798728364,0.218186297700625,0,0.0156414134012957,0,1.93155407214836
"TCGA-AR-A24U-01A",0.107110848197629,0.00388509155443611,0.017874738196075,0.0403660399560425,0,0.159719773889034,0.0544753848195664,0.0989683579493625,0,0,0.0435577992773992,0,0.0511614474541076,0.0578708309032045,0.106217730857546,0.134195346661382,0.0108210100548576,0.0555663240255042,0.0582092762038543,0,0,0,1.83173507377233
"TCGA-AR-A24V-01A",0.0977815849267665,0,0.000773915468895983,0,0,0.217094526836074,0,0.0373455366591691,0,0,0.0196807797012851,0.0407584909779055,0.0235723267639655,0.0326311001847176,0.114758377746678,0.222572084850432,0,0.0269532059471692,0.12560438175364,0,0,0.0404736881833017,1.89996341618129
"TCGA-AR-A24W-01A",0.169785207593773,0,0.0907819326436726,0.00314129224117832,0,0.325900137470739,0,0.0402006709133932,0,0,0.0263473837999216,0,0.0408010895015826,0,0.00436687776858637,0.0584197106883316,0,0.0743956525318495,0.0927231640310423,0,0.0731368808159302,0,1.9822620537589
"TCGA-AR-A24X-01A",0.209567174005352,0,0,0.0729900513240659,0,0.181222273536488,0,0.130306566211055,0,0,0,0.0543839941094166,0.0306749937147659,0.0276390562336743,0.102382025791275,0.0928234045365016,0,0.0498504266492334,0.0376551525294378,0,0.0105048813587344,0,1.87020628804105
"TCGA-AR-A24Z-01A",0.067859556089157,0,0.0740120728776648,0,0,0.166959892355754,0,0.108135924962905,0,0,0,0,0.0237184982502392,0.14435682803228,0.134967175072734,0.169235010343931,0,0.04304039412192,0.0340966804958088,0,0,0.0336179673976051,1.93329260338853
"TCGA-AR-A250-01A",0.0476045934233164,0,0.0337125612666213,0.0252655043639483,0,0.298525700786248,0.00761043810049581,0.0116164518589968,0.0281738760382537,0,0,0.0334486659097108,0.00424537639726911,0.0720232740539305,0.123712673716963,0.138078765344365,0,0.0507642360145093,0.106492021012559,0,0,0.0187258617128136,1.91144400648543
"TCGA-AR-A251-01A",0.043260359351887,0.0200915805739072,0,0.0809037138247301,0,0.139353034464642,0.0602594574606557,0.115086442038372,0,0,0.0519587982125762,0,0.0702021080545143,0.0721256784377417,0.0913750188009978,0.0981697570775201,0,0.129370375354436,0,0.0255095343625994,0.00233414198542092,0,1.87516710517372
"TCGA-AR-A252-01A",0.0878554459414282,0,0.0913948803416398,0.0641950653596785,0,0.152681321206317,0.0355214601128182,0.048788620455054,0,0,0.00455979330028532,0.0447322978806167,0.0634646677515198,0.0355668388906573,0.120967389400519,0.0904723883123642,0.0305561592856145,0.0475125696600261,0.0817311021014608,0,0,0,1.86434876598968
"TCGA-AR-A254-01A",0.0838412152335114,0,0.0350585990282503,0.0563891444486917,0,0.15719548873068,0.0263855073582557,0.0910226498588121,0.00419628705203244,0,0.0168883386785726,0,0.0525823074168632,0.104756430868972,0.150580430402352,0.132374166789422,0,0.0378999486004709,0,0,0,0.0508294855331138,1.85127834430863
"TCGA-AR-A255-01A",0.0759290242481168,0.0139407824957398,0,0.0498281346449147,0,0.17507850714803,1.11634882214546e-05,0.026250853398149,0,0,0.0252135202687332,0.021587100135249,0.0651816712748551,0.129492700572521,0.11666675687834,0.0881087186244389,0,0.0844725916591125,0.128238475163579,0,0,0,1.82308443598242
"TCGA-AR-A256-01A",0.00266339700170919,0.00978069946530151,0,0.0166339706945169,0,0.230903853472733,0,0.138697158772586,0,0,0.033291765250551,0,0.0388582140203238,0.117558320129127,0.0883330376581693,0.056453693353304,0.0976385175863274,0.160044445432757,0,0.00436090491269389,0,0.00478202224990063,1.78131314378292
"TCGA-AR-A2LE-01A",0.0685486892276719,0,0,0.0573067712409689,0,0.219923674245517,0,0.0145567967481893,0.0239216578316723,0,0,0.0897323478373492,0.0547734550299322,0.0517613467887291,0.122060873707071,0.120742260349614,0.0216600261792658,0.0336058508312921,0.121406249982728,0,0,0,1.83410611419206
"TCGA-AR-A2LH-01A",0.154630838484988,0,0.0742036457663377,0.0780179052652866,0,0.150135602051261,0.0209158513805215,0.0391799323620794,0.00408392902898608,0,0,0.0218587140620396,0.081429008252712,0.033665504473988,0.0868493668267097,0.0868775821685218,0,0.0760218436098246,0.092130276266744,0,0,0,1.87275104856453
"TCGA-AR-A2LK-01A",0.042881227389449,0,0.0726693872182131,0.00778576790251033,0,0.190295322552519,0,0.0413581640140238,0.0103164586416487,0,0,0.063396599082873,0.0582615787170898,0.110443690931587,0.0564996422641989,0.157854729702954,0.0140754088839866,0.0313859425440108,0.142712897764008,0,6.31823909281586e-05,0,1.83820042366958
"TCGA-AR-A2LL-01A",0.074951568616389,0,0.0594852496866717,0.0497747651191493,0,0.125366987022219,0,0.0387356358561617,0.00743259363388335,0,0,0.0568735398098014,0.0503495465476567,0.153850249231568,0.0827057567027638,0.125790521984894,0.0134469713781446,0.0250693082683563,0.136167306142341,0,0,0,1.80129652197251
"TCGA-AR-A2LM-01A",0.0951064754056046,0,0.0376590822912654,0.0820713226508843,0,0.172247013872087,0,0.0754430439959047,0,0,0.00536837379766708,0.0623921393442753,0.0368607808766314,0.0217995364362503,0.0759429340199698,0.111729231451554,0.003997421555203,0.0456912098006338,0.17369143450207,0,0,0,1.93392905390326
"TCGA-AR-A2LN-01A",0.0803753850755582,0.0963850332039651,0.0229715244758186,0.14708341679614,0,0.163468079192375,0,0.0976737067760583,0,0,0,0.0104253255663772,0.0846058935392955,0.0519009254393211,0.0581078910810182,0.0207880000430109,0,0.0809264614103281,0.0847300925249125,0,0.000558264875820906,0,1.92725338727365
"TCGA-AR-A2LO-01A",0.199923759023594,0,0.0269672313846533,0.0870119661031945,0,0.146376262885484,0,0.119891816016815,0.00187900707816929,0,0,0.0604472696028,0.0563205311691763,0.0362375489074377,0.107547200401824,0.0656241348461793,0.0033883850829101,0.0595918988745161,0.0255929055120329,0,0.00320008311121337,0,1.81212767984441
"TCGA-AR-A2LQ-01A",0.0297699890339271,0.000561765224615598,0.158906384520257,0,0,0.198710081007984,0,0.0566103521812733,0,0,0.0505147818914353,0,0.0552276042637405,0.0583394165129315,0.0604468439006668,0.180312326053354,0,0.0821042804412131,0.0684961749686021,0,0,0,1.85249845383571
"TCGA-AR-A2LR-01A",0.061514909627668,0,0.0301115115429305,0.0129536555846387,0,0.188955678411255,0,0.0939940658575226,0,0,0,0.0734864543215215,0.0432521989877916,0.0542821469485785,0.0801887922575387,0.201592354537663,0,0.0128409701124298,0.099752626224933,0,0.0396238388395617,0.00745079674596683,1.84021821707358
"TCGA-AR-A5QM-01A",0.153217562358433,0,0.0913399917950213,0.0227388903057303,0,0.137554434273483,0,0.0185167883210338,0.0524074350658766,0,0,0.0442538258008435,0.0424339555500049,0.101775982002057,0.0775862441551037,0.0879035674851437,0.013702861040276,0.042757420819401,0.113811041027592,0,0,0,1.93650961210591
"TCGA-AR-A5QN-01A",0.175750058402386,0,0.0340725589981071,0.163060317439905,0,0.183768249582593,0,0.0372270950120119,0,0,0,0,0.0757359588636118,0.063678174466131,0.0937512397417375,0.0703458393084448,0,0.0661089709520349,0.0324633800215331,0,0.0040381572115046,0,1.9179845491334
"TCGA-AR-A5QP-01A",0.125981678972136,0,0.126811191835777,0.121554746668814,0,0.155117669709523,0,0.0537691009515976,0,0,0,0.0568415080960319,0.0563786016405169,0.0647372036466246,0.0601496189393127,0.0876649443037793,0.00769161186884204,0.0355512988896717,0.0447149164161966,0,0.00303590806117711,0,1.79596114765156
"TCGA-AR-A5QQ-01A",0.138671391933922,0,0.0896732284770996,0.0740430140979306,0,0.109555511265151,0.0423389739994971,0.0438577662811405,0.0130366082859523,0,0.0230860021604139,0.0333897055402142,0.0438358128572802,0.0354232338687703,0.101535553437016,0.107523413485658,0.0453414673890612,0.0524523783906242,0.0197449451519274,0,0,0.0264909933783418,1.77717533898463
"TCGA-B6-A0I2-01A",0.0770820478324374,0,0.098756911514481,0.122168655218383,0,0.09076539440178,0.000730984259420493,0.121535211366141,0.0137454524754752,0,0,0.118183937890178,0.0207578162099289,0.077711420848167,0.16177471239389,0.0470184073513624,0.0235393553062196,0.00816810520493565,0.0180615877271994,0,0,0,1.82667531998678
"TCGA-B6-A0I5-01A",0.174009806941822,0,0.0146964342855793,0.0754964942598893,0,0.125719072308941,0,0.137856786138201,0,0,0.0168905403418163,0.0202663934647307,0.0470247976019136,0.0821799621600729,0.0856356136145157,0.0595107483439492,0.0573286913274821,0.0310250501324297,0.0723596090786583,0,0,0,1.71152675860975
"TCGA-B6-A0I6-01A",0.0987513828876131,0,0.080582458586082,0.0429824529303664,0,0.276189942993743,0,0.0830083737206529,0,0,0,0.0467637944391595,0.0097330804501591,0.0946094527571411,0.0562385614319604,0.0815763860733477,0.0609868881532689,0.0288983582071132,0.0371478983984051,0,0.00253096897098757,0,1.87980911894469
"TCGA-B6-A0I8-01A",0.135630812504257,0,0.162136042593885,0,0,0.0780095204664547,0,0,0,0,0,0.0450881846959987,0,0.0989030389301313,0.0579320489821112,0.252530559215012,0.00602850431989139,0.0128060297012453,0.150935258591013,0,0,0,1.89583692717174
"TCGA-B6-A0I9-01A",0.0688705366907312,0,0.103108840983047,0.0112138388375792,0,0.191290091500963,0,0.0525556691960115,0,0,0,0.0481605351996519,0.0223064622462179,0.108813058461122,0.143565131077587,0.128136044541837,0.0119451407107033,0.052876020266612,0.0571586302879368,0,0,0,1.84933678101407
"TCGA-B6-A0IA-01A",0.00560012014227446,0.0197533426797988,0,0,0,0.0145765367222104,0,0.119128802998117,0,0.0164260645915909,0,0,0,0.438074813985682,0,0.0873811205636242,0,0.296769697990447,0.0022895003262548,0,0,0,1.79022769360759
"TCGA-B6-A0IB-01A",0.087730916760642,0,0,0.0585209136562438,0,0.137026942246956,0,0.00819666301110371,0.0389030263791561,0,0,0.126330915384076,0.0415426351055922,0.218031498683205,0.0490672147330844,0.0181175076350826,0,0.0689613388076147,0.147570427597244,0,0,0,1.81760124101407
"TCGA-B6-A0IC-01A",0,0.0441229581277281,0,0,0,0.0840535484478724,0,0.000737574149096835,0.0141916674305431,0,0,0.136660819757981,0.0597333215805427,0.134118943295084,0,0.343988213130329,0,0.148056749571122,0.0343362045097001,0,0,0,1.93993422588032
"TCGA-B6-A0IE-01A",0.151851465316394,0,0.240251534084554,0.0236525985130422,0,0.151084052127934,0,0,0.0204670032651917,0,0,0.0786232852234685,0.0157238758729903,0.0412103018055444,0.0783069702403282,0.0590986158864774,0.00225803013239158,0.0105128230612341,0.12695944447045,0,0,0,1.7850228507657
"TCGA-B6-A0IH-01A",0.105731355119157,0,0.0779964695748136,0.106770275504251,0,0.152777570873661,0,0.0458062978270642,0.0381941202185844,0,0,0.0794784752688775,0.0534063083758047,0.0366090835194079,0.112403588936408,0.0679263735399398,0.00303564791860584,0.020026226546766,0.0998382067766605,0,0,0,1.88514868773744
"TCGA-B6-A0IJ-01A",0.0524395153446769,0.0470315614374695,0.0405507511800718,0.0818771499652981,0,0.147205292175163,0,0.117029945072427,0.00704623672351442,0,0,0.0751381419903066,0.0621582724851815,0.0932490151399143,0.158964222223954,0.0430692063935417,0.045320477800959,0.0289202120675229,0,0,0,0,1.87095521643079
"TCGA-B6-A0IK-01A",0.113031805595905,0,0.0510174005974988,0.0646681456110292,0,0.121748076658436,0,0.102782122503767,0,0,0,0.0472025986518343,0.0466163095086644,0.0720600174352808,0.148098610514684,0.06966660853704,0.0192712532745801,0.053912783096692,0.0899242680145871,0,0,0,1.69144826570201
"TCGA-B6-A0IM-01A",0,0.00569227223555781,0,0.0383211377069822,0,0.199449791354284,0,0.03572840615924,0.0191968193719687,0,0.0113794130914322,0.0613729606549054,0.0386201402033525,0.164822593288268,0.0853429224911785,0.152589822186371,0.0316567526654891,0.0746761448076011,0.0811508237833701,0,0,0,1.85958101854106
"TCGA-B6-A0IN-01A",0.174339692505443,0,0,0.0743075854440509,0,0.194109277268897,0,0.0984758832249234,0,0,0,0.044636577061469,0.044734894405035,0.0977166902630951,0.0833338279644986,0.0598760128857565,0.0390254509109028,0.0263427269811541,0.058212924234597,0,0.00488845685017824,0,1.67609423766789
"TCGA-B6-A0RE-01A",0.137611918499932,0,0.0794495878973624,0.0689126172914679,0,0.156418907994778,0,0.128565295794845,0,0,0,0.0143528716419313,0.00593986401487328,0.200959457297145,0.118679481634474,0.0477411087416238,0,0.0353937819155703,0.00597510727599667,0,0,0,1.9665489894687
"TCGA-B6-A0RG-01A",0.0325910083820869,0,0.0425259911224235,0.0288616457291895,0,0.125566298437433,0,0.0869580640776192,0,0,0,0.148164574594939,0.0341672928298356,0.112052661366944,0.0752578418488363,0.0686974685960959,0.0331999542155195,0.0403101685180301,0.171647030281048,0,0,0,1.77148872770828
"TCGA-B6-A0RH-01A",0.101289567488754,0,0.113837560134295,0.0141097108565542,0,0.107123549102946,0,0.0652789111446043,0.00153553234265532,0,0,0.0995955258880328,0.014071555305943,0.093676132000446,0.121660597833268,0.0492789147559794,0,0.0729677413541275,0.145574701792395,0,0,0,1.78692473652742
"TCGA-B6-A0RI-01A",0,0.0060241853117157,0.0294296766536176,0,0,0.210839108437073,0,0.0400758493058167,0.0416325420276159,0,0.151270039538473,0,0.0366220247092233,0.0785260254973748,0.00600247008381451,0.192310141176163,0,0.0711599368338346,0.0869251935083149,0,0.0302112435286716,0.0189715633882909,1.84714973131957
"TCGA-B6-A0RL-01A",0,0.0401325526028203,0,0.105077634784591,0,0.0718489670583954,0,0.170394705418621,0,0,0,0.108298122716794,0.0231003844679971,0.198922157944544,0,0.0936261086879894,0,0.0814791611964771,0.0841817029522872,0,0.00940824205787724,0.0135302601116058,1.79053604710201
"TCGA-B6-A0RM-01A",0.00729243275641727,0.0464954681211175,0.0484876400018285,0,0,0.261603559936792,0,0,0,0,0,0.0974578118552359,0.0236076785504057,0.0151538237264511,0.0803388496225771,0.132091213523635,0.00828832311032183,0.0294903316975214,0.249692867097697,0,0,0,1.83994227548772
"TCGA-B6-A0RN-01A",0.0851144563144562,0.0387767118427664,0.0102147333499435,0.050824771904104,0,0.332582695812661,0,0.065802352461303,0,0,0,0.0112552579183169,0.0199298343544656,0.00868484085712783,0.0724635928049999,0.124663375397079,0.00478235869527602,0.0383753294949669,0.11927938759237,0,0.0172503012001637,0,1.85168448044326
"TCGA-B6-A0RO-01A",0.0708141471586743,0,0.00937642515210252,0.016736150022499,0,0.220380135993376,0,0.0514333231420329,0,0,0.0436240708627426,0.0183769210891242,0.0279673617412581,0.0783332776228684,0.120030894285231,0.175735424750957,0.0328805179273895,0.0133773778143626,0.0464906316919646,0,0.0744433407454178,0,1.90016503604339
"TCGA-B6-A0RP-01A",0.0369144341727769,0.0324230141195632,0.002685326717741,0.116778389926635,0,0.233115877538958,0,0.103391186828597,0,0,0.0203055536456657,0.0255847757065812,0.0385907178049769,0.038829661640487,0.0581982453635818,0.163819408193182,0.0212504727971685,0.0520669694047299,0.0541727962399123,0,0,0.00187316989944337,1.88589163420972
"TCGA-B6-A0RQ-01A",0.171966193509093,0,0.0528225395727631,0.0846586888304383,0,0.0735050540553127,0,0.0841936564495821,0,0,0,0.0670141131241039,0.0299090776697554,0.0840417466508945,0.0744600384208979,0.101092989699794,0,0.0411570821851654,0.135178819832199,0,0,0,1.9354462249137
"TCGA-B6-A0RS-01A",0.172380948150193,0,0.0234926455865423,0.0894513980779057,0,0.122688606574294,0.00183790892052343,0.104861261797864,0,0,0,0.0412998246250677,0.0271836299587127,0.0936943429398703,0.121143652816742,0.128512619832883,0,0.053095107188625,0.00754718707094736,0,0.0128108664598297,0,1.87102379839497
"TCGA-B6-A0RT-01A",0.155224727120223,0,0.0246924126661737,0.101883157549596,0,0.129876048400191,0.0396702614213923,0.0592297765346692,0.0296027927197668,0,0.0540743354929911,0.0302844564986907,0.0458574294094201,0.057219902671353,0.130890241377707,0.0520393560644389,0,0.0534319536285348,0.0360231484448519,0,0,0,1.89743207567078
"TCGA-B6-A0RU-01A",0.124504247923547,0,0.0269376436782503,0.0283895529172434,0,0.181413956386022,0,0.0856030118137265,0,0,0,0.063559135736905,0.0365929265600176,0.155398845534489,0.11664143814209,0.0688347199671171,0.0159042286431941,0.0207806411884221,0.0754396515089768,0,0,0,1.78115775412696
"TCGA-B6-A0RV-01A",0.140655241696887,0,0.0617142242932326,0.080683860344411,0,0.189456739734808,0,0.0555721980427528,0.0349679662137821,0,0,0.0848233202373949,0.0435216283566956,0.0733628599289648,0.0911732649810993,0.0280610281600436,0.00792197554774041,0.0648388654161889,0.0381242097933771,0,0.00512261725262072,0,1.83604659847154
"TCGA-B6-A0WS-01A",0.145526639591357,0,0.0145187227000298,0.0527098324879434,0,0.148364316362574,0,0.0798166628550024,0.0280406852990185,0,0,0.0705924719869715,0.0440764164610203,0.0777401377496966,0.121529579665161,0.0646102349340684,0,0.0728003524791406,0.0796739474280158,0,0,0,1.86613999951342
"TCGA-B6-A0WT-01A",0.0278887651206162,0,0.102961932106046,0,0,0.205649454334867,0,0.0818064479618196,0.0215706584245797,0,0.0400992860511697,0.0302395224688227,0.0106743693443798,0.0880766143798778,0.0767324382278834,0.107880850112853,0,0.0525487015671372,0.153870959899948,0,0,0,1.91167059668249
"TCGA-B6-A0WV-01A",0,0.00383660778657059,0,0,0,0.244083333314018,0,0.0323766376457253,0,0,0.00041356240389819,0,0,0.227732660198592,0.15009279782817,0.139002248482961,0,0.126067161959571,0.0763949903804946,0,0,0,1.86401596305599
"TCGA-B6-A0WW-01A",0.0687092920473292,0,0.0526818806811736,0,0,0.266256623884436,0,0.052072093333727,0,0,0.0374718237154382,0.0307964344303248,0.0209871595365157,0.0625221974194076,0.13696438726856,0.107498551192412,0,0.032994468900642,0.119981227836599,0,0.0110638597534347,0,1.81843325733071
"TCGA-B6-A0WX-01A",0.19905716152737,0,0,0.0587607593360065,0,0.168942802411046,0,0.0893434371032521,0.0280355051345584,0,0,0.0445267160428533,0.0416309839969939,0.0591192583455025,0.132874957133821,0.0740816915406485,0,0.0590160329413532,0.0446106944865947,0,0,0,1.79510893750442
"TCGA-B6-A0WY-01A",0.102780457856166,0,0,0.0572485054373287,0,0.134783117426108,0,0.107471748448822,0,0,0,0.0484617395122505,0.0463353430797318,0.0791387065061927,0.135424753090114,0.111623034616537,0.00882598619019765,0.0628802572863105,0.105026350550242,0,0,0,1.87584947826594
"TCGA-B6-A0WZ-01A",0.0299285045601415,0,0,0,0,0.0887336454073192,0,0.0604610518065872,0.030028929429451,0,0.00128018370314462,0,0.00524180816456307,0.271773241426186,0.0384334433723362,0.194991587770804,0,0.0852758684702588,0.193851735889208,0,0,0,1.87577305909878
"TCGA-B6-A0X0-01A",0.0317004151033937,0.0034904521567173,0,0.0929070716603938,0.0225129484512492,0.0742363728436741,0,0.0752914862815979,0,0,0,0.144756238325196,0.0561024137519565,0.156422264438889,0.147760146160368,0.062307227163915,0.0362508307421955,0.00905978183890018,0.0860121262151202,0,0.00119022486643379,0,1.89896081280227
"TCGA-B6-A0X1-01A",0.0818777973765289,0,0.0447321432201127,0.0511661977797648,0,0.131617867180321,0.061401641542695,0.145261973562509,0,0,0,0.0827063756458699,0.0139504716982539,0.129184087765976,0.0991181599621287,0.0637778533610891,0,0.0779666338603133,0.012447400358674,0,0,0.0047913966857628,1.97900089371781
"TCGA-B6-A0X4-01A",0,0,0,0,0,0.171045423432948,0,0.0968828034193388,0.0316815585353366,0,0,0.110329962261736,0.0167684407984216,0.0976381985134588,0,0.129948962551242,0,0.160528489288179,0.124797873146965,0,0.0603782880523749,0,1.86501907209171
"TCGA-B6-A0X5-01A",0.0952612028291122,0,0,0.113706666039804,0,0.161542477960136,0,0.087676435127565,0,0,0,0,0.0124563302155633,0.0511768309680696,0.0349369215740503,0.23228313763701,0,0.0122779300566516,0.147048988110619,0,0.0516330794814191,0,1.98749154686356
"TCGA-B6-A1KC-01B",0,0,0,0.0384263796407807,0,0.0732977676490017,0,0.0572103852411941,0,0,0,0.0303306669536396,0.032159638802762,0.116578364073981,0.0911920563405116,0.32891863452125,0,0.0180912432399172,0.213794863536963,0,0,0,1.75230836511888
"TCGA-B6-A1KF-01A",0.00693336543559048,0,0.124917192707536,0,0,0.0464444395354206,0,0.0690281396363036,0,0,0,0.0225332907110349,0,0.475804571343123,0,0.0902738847081316,0,0.0596981388142639,0.104366977108596,0,0,0,1.82490162768579
"TCGA-B6-A1KI-01A",0.106521574272332,0,0.147385202570405,0,0,0.230966095352711,0,0.0132351989920963,0,0,0.00307227213581532,0.0559169758696343,0.00745859754329681,0.111298579683626,0.0799334321493449,0.120974293777241,0,0.000779125223909984,0.122458652429588,0,0,0,1.88222365300973
"TCGA-B6-A1KN-01A",0.14169288443791,0,0.0758408740691895,0.0634626519707979,0,0.0724681342614979,0.00118666037804079,0.126364429544242,0,0,0.00840038510731861,0.0177774952714763,0.0140979378457202,0.0576334543555786,0.0761651828806379,0.104804133917953,0,0.149979735318581,0.0804739313329753,0,0,0.00965210930808109,1.87554308360567
"TCGA-B6-A2IU-01A",0.147757556437457,0,0.138616897436686,0,0,0.166646106064778,0,0.025794118508269,0,0.0129127432923141,0,0.0270674610751641,0,0.0308499048845692,0.0714450048001679,0.139177355096743,0.00119879536377,0.0372258850242412,0.169616163587793,0,0.0316920084280478,0,1.89786911314617
"TCGA-B6-A401-01A",0.114442650344334,0.0578661755660351,0,0.0286448257429457,0,0.16954929494371,0,0.107948480163435,0.0181020525285689,0,0.0183245176624421,0.0145878612022688,0.0109597544924008,0.202587078370646,0.0821082092755633,0.0541681633751967,0,0.0385267676145213,0.0821841687179325,0,0,0,1.81626279288757
"TCGA-B6-A409-01A",0.12104729134278,0,0.023245969549974,0.00205339356340986,0,0.0994676677200284,0,0.0934794794712228,0.0601243080292921,0.0146597429019144,0,0.041190339030593,0.0383211238517139,0.133848082541635,0.162259261878483,0.0652788547146452,0,0.0678244327587925,0.0772000526455153,0,0,0,1.77627652523575
"TCGA-B6-A40C-01A",0,0.0764979666736422,0.066258147207233,0.0255701183220156,0,0.26164335088789,0,0.0891170489331072,0.0339909745800788,0,0.0547259134543786,0,0.0500947317666428,0.0435718940259042,0.138621809442473,0.131981153400072,0.00617716698924414,0.0111642194098217,0,0,0.0105855049074975,0,1.79482333513486
"TCGA-BH-A0AU-01A",0.0889640748485523,0,0.0753602752482038,0.0443143453997996,0,0.158401612500869,0,0.0438990683617826,0.0254436132285141,0,0,0.0631201998910006,0.0519756525002345,0.0697620177355226,0.121283189703596,0.0891285333898338,0.0116977390505345,0.0411327001767878,0.115516977964768,0,0,0,1.78624432469624
"TCGA-BH-A0AV-01A",0,0.0647356269721671,0.00666549541824589,0,0,0.279884191585881,0,0.0290190902933891,0,0,0.0228492707152872,0,0.0911380253672869,0.295590239947988,0.0868916682147992,0.0965558780668449,0.00742183526425861,0.0190970332268206,0.0001516449270313,0,0,0,1.86111420978685
"TCGA-BH-A0AW-01A",0.116107335947924,0,0.0558551125569059,0.0868498595930193,0,0.139789466458413,0.0171336692292325,0.0415421925586362,0.0188231715588081,0,0,0.0605723877914895,0.0472526407367726,0.0490428094376292,0.117782883568045,0.0921762020558061,0.0119670428508727,0.0525474813551065,0.0925577443013404,0,0,0,1.72518161525051
"TCGA-BH-A0AY-01A",0.0324272951936964,0,0,0.0942624783078206,0,0.19469870016258,0,0.00280274288396296,0.02228766154022,0,0,0.077530613204494,0.042999058310394,0.0406339685627123,0.0982735423183409,0.148605312861714,0.0396449269577802,0.0281773212850021,0.177656378411282,0,0,0,1.72266073240265
"TCGA-BH-A0AZ-01A",0.221956785454667,0,0.0637622336087388,0.0326760708812158,0,0.222124351604098,0,0.029919855151055,0.00253620166244743,0,0,0.0279716795559348,0.0133870647034649,0.0790579663447827,0.096073389725896,0.0882041316615758,0.0251260054402566,0,0.0840672725588795,0,0.0131369916469878,0,1.82192427350624
"TCGA-BH-A0B0-01A",0.120755010005272,0,0.00916992300609601,0.0418215258120348,0,0.14184808290614,0,0.0720814138756741,0.0441058877679873,0,0.0205491713791633,0.0176520120949577,0.0688158637209236,0.06260849290542,0.107384245813429,0.0861781356813011,0.028502698030398,0.0624881766290469,0.116039360372156,0,0,0,1.81656208063422
"TCGA-BH-A0B3-01A",0.0679852668166969,0.0274941898772343,0.0847253117484079,0.0435996322599269,0,0.175692550643335,0.00704554221293616,0.0693034892658959,0.00455465453491693,0,0.0178737730042084,0.040012105449353,0.0374697200086301,0.095172942494761,0.170080779924766,0.105629604672017,0,0.0481429547229649,0,0,0.00521748236394932,0,1.8584951446337
"TCGA-BH-A0B4-01A",0.0574499537165927,0,0.00435867073238847,0.0613216199942981,0,0.169335325969953,0,0.0565151700322803,0.0127131272010768,0,0,0.0724180098244704,0.0411120166063661,0.0566250826546459,0.138379575706263,0.115073266359509,0.0360579278836198,0.0253873821979679,0.153252871120569,0,0,0,1.69031093755972
"TCGA-BH-A0B5-01A",0.067709611231144,0,0.0453585617996997,0.0331402558211099,0,0.160169377566626,0,0.0726992287595055,0,0,0,0.0803324909165877,0.0382861335187702,0.0629819714105022,0.105992159119086,0.129663542713927,0.0256552210117804,0.0284817907909791,0.149529655340282,0,0,0,1.89147691607233
"TCGA-BH-A0B6-01A",0.133886645318681,0,0.0411962416074592,0.114840646078643,0,0.0658887014925736,0.00497783373163303,0.0718910263242177,0.0287465684871449,0,0,0.102911859392963,0.0753684126525374,0.0790258409863376,0.105857632505711,0.0399298087717939,0.00163734946695786,0.0368652046013368,0.0969762285820103,0,0,0,1.87248105653534
"TCGA-BH-A0B7-01A",0.192124861409433,0,0.010149034472847,0.0888731684977857,0,0.141927304327428,0,0.0803446419685628,0,0,0,0.0608387454277899,0.0497909157737203,0.0725999157974425,0.123296670880671,0.0744784785723617,0,0.0443190139497201,0.0612572489222369,0,0,0,1.77227444507469
"TCGA-BH-A0B8-01A",0.0651716326261605,0,0.0382582821946957,0.0584898637905643,0,0.271238219106441,0,0.0436377842371489,0,0,0.00894432200426457,0,0.0293516436741282,0.0573857980439454,0.0900302971283653,0.127997732735441,0,0.0613434092803927,0.122528411608802,0,0.0236417324198291,0.00198087114982116,1.78945807395991
"TCGA-BH-A0B9-01A",0.0866626673426797,0.0487342043534427,0,0.10894708752816,0,0.0980539252761317,0.0153029703891149,0.11860033717132,0.0204232482141528,0,0,0.0841632973213279,0.041017604480127,0.0565480636858097,0.137526327327308,0.0873353772847445,0.0325772809752132,0.0641076086504681,0,0,0,0,1.77709946138275
"TCGA-BH-A0BA-01A",0.174357815661068,0,0.0632803435157373,0.10514568499459,0,0.187577774380746,0,0.0170728055936877,0,0,0,0.100930214129258,0.0585950194584272,0.0756868156512352,0.0462730018383933,0.0103942065267226,0,0.0526234122871993,0.104580044546421,0,0.00348286141651632,0,1.87058324996745
"TCGA-BH-A0BC-01A",0.0916720166123205,0,0.000723132303737319,0.0717263562961984,0,0.196671639991878,0,0.0601553661178992,0.0318240238724484,0,0.00409512710300983,0.0214053139588096,0.0255637105844991,0.0530772999146612,0.156119154092888,0.158729419538586,0.0273485131782257,0.0589308570640195,0.0393590545297086,0,0,0.00259901484111111,1.85500868248493
"TCGA-BH-A0BD-01A",0.0850494561627624,0,0.0107208973954067,0.0740000203764145,0,0.145086701435838,0,0.110091646675184,0,0,0,0.0572620299087478,0.0517783674952024,0.0491494283212583,0.132228620372133,0.103915572049461,0,0.0605333420816268,0.120183917725964,0,0,0,1.8185925624526
"TCGA-BH-A0BF-01A",0.0619917630512352,0.0123102294908792,0.082340719192518,0.0891515904445365,0,0.123834281367772,0,0.0976888452358902,0,0,0,0.0872655850944232,0.0378490314569562,0.0412117876493676,0.104924556147743,0.0901279737263994,0,0.0496941451781318,0.120513519985397,0,0.00109597197875162,0,1.84369380342628
"TCGA-BH-A0BJ-01A",0.191299051786086,0,0.0444097278440332,0.0781671494301231,0,0.19060797604949,0,0.029341064579661,0.0143877427166329,0,0,0.0490180125367083,0.0313698299467826,0.0964973255614061,0.0593589536860422,0.0989201756204773,0,0.0233645995656056,0.0932583906769522,0,0,0,1.90549733432084
"TCGA-BH-A0BL-01A",0.169997740922282,0,0.022321847985147,0.0485504514351997,0,0.115754945374017,0.020341067050534,0.123968607148703,0,0,0,0.0640272985307308,0.0519405976942843,0.0246761417341619,0.147495528720887,0.096661861340637,0.0405629541215485,0.05408271595131,0.0196182419905573,0,0,0,1.80778240467871
"TCGA-BH-A0BM-01A",0.149291081889431,0,0.0761999701657669,0.00940687034887237,0,0.218679651782241,0,0.0651977218313752,0,0,0,0.0453391046405614,0.0319432887977555,0.0800547435309403,0.0866654224530928,0.119365953399753,0,0.032559395019794,0.0852967961404165,0,0,0,1.82940651227667
"TCGA-BH-A0BO-01A",0.156354959674582,0,0.0544161278572441,0,0,0.317812036246617,0,0.0317764879869261,0,0,0.0402089233870863,0,0.0519092077010139,0,0.0186863954487853,0.0774490079006236,0,0.0700074332778962,0.0213156219895716,0.0232978974640008,0,0.136765901065653,1.96326858627928
"TCGA-BH-A0BP-01A",0.0568046985891724,0,0.0420556315103679,0,0,0.190329418519188,0,0.0656091228917065,0.000396734244460185,0,0,0.0262634436720873,0.0505473872555202,0.133887539516298,0.134597701902349,0.135794053913479,0,0.0574536965774266,0.106260571407946,0,0,0,1.82783455602847
"TCGA-BH-A0BQ-01A",0.105263772104195,0,0.0282931799213965,0.0948605436322991,0,0.187036543071851,0,0.0686694928773838,0,0,0,0.0402294412579525,0.0563218227111661,0.0520525885735424,0.08908524925722,0.0917031559586003,0.00414953526021139,0.0633970328721832,0.118937642501999,0,0,0,1.8287508451265
"TCGA-BH-A0BR-01A",0.0710258430179763,0,0.0291094913132309,0.0198832764857244,0,0.201873002956061,0,0.102578312575862,0.00208615803155301,0,0.00760522390456202,0.0457044781904765,0.0338148525094988,0.102706175192066,0.0833555134874846,0.111853917568436,0.0347954624786882,0.0523710800996469,0.0930759019114692,0,0,0.0081613102772635,1.79356093965546
"TCGA-BH-A0BS-01A",0.0864954367895771,0,0.0413631248057278,0.0188075729553128,0,0.145693942024332,0,0.032063758153685,0,0,0.0712581598343866,0,0.0295919381549949,0.0673926279033754,0.150788654836449,0.236577072626433,0.0091080166840647,0.0203145748092613,0.0317855962431348,0,0.0587595241792654,0,1.93606874473982
"TCGA-BH-A0BT-01A",0.0885482933118344,0.00757098329201644,0.00293859577653987,0.0620746875475906,0,0.125478544577171,0,0.108160381880864,0.00678844634973015,0,0,0.0587506169576286,0.0522861143766771,0.0846837828461901,0.140263458988256,0.0451915176347527,0.0409976583912925,0.0612945189535257,0.110208574941376,0,0.00476382417455408,0,1.76232541075657
"TCGA-BH-A0BV-01A",0.033962627901281,0,0.0252033861140099,0.116945161985492,0,0.202824652336803,0,0.0513292561573309,0.0466023032609236,0,0,0.013973173944338,0.0276774816547429,0.0536311549898741,0.0987933787343811,0.157508840470995,0.0132246679354669,0.0587482247291478,0.0995756897852146,0,0,0,1.95394077606712
"TCGA-BH-A0BW-01A",0.094743267808408,0,0.0172450527143399,0,0,0.179160014304919,0,0.156863150899085,0,0,0.0394861754894094,0.0469850875469946,0.018972386116061,0.103216206109004,0.1941067372478,0.0757760095023226,0,0.0607084200743065,0,0,0,0.012737492187351,2.06829475182812
"TCGA-BH-A0BZ-01A",0.101656550807009,0,0.0438668209930345,0.107913184156628,0,0.11196806111794,0.0126732284103683,0.0426670798543515,0.0308595865397971,0,0,0.102367412402026,0.0336852841322278,0.0972675459696667,0.120652840544645,0.0971234093820299,0,0.0361299987581699,0.0611689969321071,0,0,0,1.85088933489568
"TCGA-BH-A0C0-01A",0.0726959455455392,0.0145617261013619,0,0.115190602956011,0,0.105651346770238,0.0476564890690924,0.0629297806171376,0,0,0,0.0634146822274937,0.0644604811629822,0.0584526100109053,0.141916166671999,0.123224538100753,0.00254710868436135,0.0459404688952547,0.0813580531868711,0,0,0,1.80463282159932
"TCGA-BH-A0C1-01B",0.0458265478265848,0,0.0269039211911368,0.0951670415958226,0,0.190066515508848,0,0.0596247161615243,0.011933728820251,0,0,0.0948505608852483,0.0309695364385141,0.0306709217321394,0.123042002517597,0.0927639752934121,0.00580884279933452,0.0631108651567201,0.126338184566614,0,0.00292263950625154,0,1.90247639071039
"TCGA-BH-A0C3-01A",0.117273846264273,0,0.0292401362752994,0.0515613642337993,0,0.156019809067347,0,0.0158009186214249,0.0450721298218373,0,0,0.0892977739454305,0.0654487757545879,0.0600228806382885,0.112243234949211,0.0943308535404183,0.00372090517111261,0.0367468388582385,0.123220532858732,0,0,0,1.76058042657978
"TCGA-BH-A0C7-01B",0.0755940365702562,0,0.0231301520385821,0.0155117575371171,0,0.206109847976019,0,0.0659199200991099,0,0,0,0.0476637374528692,0.0455980662510138,0.0762199732714787,0.106940307406327,0.0781599886512715,0.0468150894368025,0.0705961073641824,0.141741015944971,0,0,0,1.89006800249023
"TCGA-BH-A0DD-01A",0.0769947885726683,0,0.0141470562372144,0.0454852332331619,0,0.226129886043846,0.00311031379603377,0.0635198683549177,0.0314652162043623,0,0.0328732773286257,0.00361171272223032,0.046866760632003,0.104598395664046,0.130877778333645,0.0788086874603966,0,0.0757499204483307,0.048957378182026,0,0.0102440147583639,0.00655971202812899,1.85606026775044
"TCGA-BH-A0DE-01A",0.0678479174116129,0,0.00572430371080647,0.0693575906575565,0,0.18622571710866,0,0.111481367578982,0,0,0.0829658490637546,0,0.0440868245836766,0.0639685571771989,0.11830263242176,0.129135237157113,0.00598207410893683,0.0646879583456682,0.0347016004550043,0,0.0155323702192684,0,1.84692987503483
"TCGA-BH-A0DG-01A",0.144100621007041,0.0149679013070942,0,0.0443224744649285,0,0.140966900251729,0,0.0524150725641846,0.00503794586043799,0,0.0503625892043872,0.0018389343598076,0.077681973757313,0.116359447402922,0.0845324130785881,0.0916384121018136,0.00155828451431742,0.0788393085850753,0.0908129657482529,0,0.00456475579210632,0,1.79332470555713
"TCGA-BH-A0DH-01A",0.211770895219502,0,0.170944268449905,0.0437698254646037,0,0.165746735658389,0,0,0.0593326402639967,0,0.00612318720173166,0,0.0122456707974536,0.0643333523393266,0.0756712454678132,0.0955059407629924,0.0092969807571921,0.0295103215501649,0.0557489360669294,0,0,0,1.85465807904884
"TCGA-BH-A0DI-01A",0.0603898256044205,0,0.0451004629753727,0.0540047663235163,0,0.178738017248581,0,0.0228892830169161,0.0248390093530291,0,0,0.0765123714085542,0.0149113425146178,0.0812295232726327,0.110011321300043,0.0949705339870429,0.073774810184345,0.0447442940438538,0.117884438767074,0,0,0,1.80741858958739
"TCGA-BH-A0DK-01A",0.110128605469148,0,0.0449570483642691,0.0760473405789962,0,0.154503625764333,0,0.0388728062439707,0.0303208322242452,0,0,0.0803424940369532,0.0497511066659232,0.058045342739623,0.138663727699471,0.0863172183589904,0,0.0345762401182046,0.0974736117358712,0,0,0,1.77857025736974
"TCGA-BH-A0DL-01A",0.0274507441366598,0.036201557025107,0.0150931157019217,0.0294775354167822,0,0.133369947241498,0.0239373970059014,0.119176687896622,0,0,0,0.0948987745433881,0.0438711894180926,0.0447296178656659,0.154705456939704,0.0940236158052061,0.0931658897115757,0.0618001235709584,0.0160774520252636,0,0,0.0120208956956538,1.88874694544452
"TCGA-BH-A0DO-01B",0.273327479253271,0,0.0725823743930518,0.0491796758220085,0,0.178434833888019,0,0.0721221015524088,0,0,0,0.0177965193421519,0.0138282606504977,0.110102863877401,0.0750998693725631,0.0729412329432956,0,0.0177423561360853,0.0468424327692475,0,0,0,1.92166525470782
"TCGA-BH-A0DP-01A",0.0712302670232356,0.00529170596815421,0.0190491544953148,0.113515789608327,0,0.153336510134316,0,0.0710242654205595,0,0,0,0.0751759614156458,0.0349911715684183,0.140262816683357,0.0711088860238008,0.0713018251668767,0,0.0480465771426927,0.125665069349302,0,0,0,1.88902084622748
"TCGA-BH-A0DQ-01A",0.161556900060258,0,0.0602021326053919,0.00266531145319209,0,0.227822115837026,0,0.033250195032072,0,0,0,0.0709670563062461,0.0363580963759272,0.0712682002074737,0.0787821208508974,0.105513066151295,0.00385181770554241,0.0134524591364159,0.134310528278262,0,0,0,1.80060760596189
"TCGA-BH-A0DS-01A",0.153512227540479,0,0.0582581837335001,0.0928628406066837,0,0.160649371315205,0,0.044193519416754,0.00514094535453129,0,0,0.0463683182668312,0.0391897753247681,0.111347802831493,0.0927085722266569,0.10900722899743,0.0535939434585936,0.00703280896175264,0.0261344619653207,0,0,0,1.77338879829759
"TCGA-BH-A0DT-01A",0.148334517481034,0,0.0270223169237746,0.0553669644013503,0,0.14881259911969,0,0.088185216609665,0.0126633111712822,0,0.0118859327113762,0.0637876681165504,0.0620579750447998,0.0647106218710305,0.103486980478967,0.0537619626375327,0.0274377874515656,0.0517465193022245,0.0807396266791567,0,0,0,1.87126377997492
"TCGA-BH-A0DV-01A",0.169382728894691,0,0.0361319914057633,0.0666658079145252,0,0.21194518091409,0,0,0,0,0,0.0942781138022946,0.0400754048458321,0.0330082263662156,0.0387706504596373,0.152180718089778,0.000489242241501751,0.0161089846818697,0.140962950383802,0,0,0,1.86866552234969
"TCGA-BH-A0DX-01A",0.0284166680898607,0.0219566147641404,0,0.0889088984295379,0,0.209106842399768,0,0.0225160556091013,0,0,0,0.0904725975932696,0.0563748490241477,0.120083454991429,0.0599758507989545,0.0970013981169962,0.0150286487040381,0.0619485529465569,0.128209568532199,0,0,0,1.81511391286452
"TCGA-BH-A0DZ-01A",0.0719220757751708,0,0.0422800102421539,0.0396835003978475,0,0.272488739225197,0,0.0502909230664072,0,0,0,0.0591626590015226,0.035126623609179,0.0650578138051917,0.16120936705924,0.1426182057884,0.00240031514463209,0.0474475186847659,0.0103122482002915,0,0,0,1.85098770964555
"TCGA-BH-A0E0-01A",0.122540057289196,0,0,0.0158525190204036,0,0.178316713900387,0,0.093941570719477,0.0472470724788879,0,0.0301933675122764,0,0.0324935120092555,0,0.0317226441778028,0.142154881824926,0.136489540824808,0.140603651552362,0.00619505806012202,0,0.0123057047909915,0.00994370583910327,1.72030387649411
"TCGA-BH-A0E1-01A",0.197429308706033,0,0.0659824730563863,0,0,0.139857818363825,0,0.017201732353274,0,0,0,0.0365993041358539,0.0118064858826552,0.282126847050691,0.0057470065584856,0.0828271147451589,0.00214108618879093,0.0316885983416847,0.126592224617162,0,0,0,1.86219091449674
"TCGA-BH-A0E2-01A",0.121775906205523,0,0.0243221065258142,0.078418163479566,0,0.172031725025064,0,0.0909174449777687,0.0292146606226311,0,0,0.079277861722188,0.0232608234486099,0.103000958375816,0.093748876264766,0.0453515367463374,0,0.033456689309028,0.105223247296888,0,0,0,1.82557968521828
"TCGA-BH-A0E7-01A",0,0.0207558477532306,0.02781856430314,0,0,0.162475682194986,0,0.0310660575974784,0,0,0.00959980673875195,0.0850371881436225,0.0279977232836553,0.0182312107109581,0.0343858918284145,0.286841164151636,0,0.0428375433197381,0.252953319974388,0,0,0,1.92409088279662
"TCGA-BH-A0E9-01B",0.148817874304365,0,0.0286398468981197,0.0869613304970906,0,0.182450235397475,0,0.0956448008279762,0,0,0,0.0740640165060856,0.0655645330708978,0.0881586895664017,0.0258494727071104,0.0102749670591823,0,0.102878822706593,0.0904087043405081,0,0.000286706118194773,0,1.91665490499601
"TCGA-BH-A0EA-01A",0.0862221082837145,0,0.0436752264564598,0.0217769065742212,0,0.149117669009191,0,0.0966080285585748,0,0,0.0432777808381564,0.0539085393309727,0.0645634844294646,0.112380815663717,0.0485327550325204,0.0672713184947349,0.108496275121151,0.0762391283387487,0.0279299638683729,0,0,0,1.89386333823813
"TCGA-BH-A0EB-01A",0.0646671951468341,0,0.0612227613058505,0.0592423193651266,0,0.233145047949471,0,0.0449890595461377,0.0530282899282086,0,0,0.00708363755965549,0.0178082803536731,0.017848589411294,0.106103464901882,0.144320121902972,0.038626825673644,0.0657945271071565,0.065374921288531,0,0,0.0207449585595633,1.92457250140534
"TCGA-BH-A0EE-01A",0.0769345994142045,0.0121111619801691,0.036127084119423,0.0101991753940321,0,0.148378396936567,0,0.114610627101713,0,0,0.0138370993688894,0.100771171690842,0.0270050365645989,0.0697988033999757,0.148112882529421,0.0515715723400127,0,0.103525775253128,0.0784987014679051,0,0,0.00851791243911815,1.81639811942178
"TCGA-BH-A0EI-01A",0.0770806485293046,0,0,0.0007051719415373,0,0.1611058106687,0,0.0486244799815916,0.00947742627343244,0,0,0.0972311143671992,0.01347060049332,0.108609130871936,0.0585159403467281,0.155478847130198,0,0.0332625953971682,0.224109679546105,0,0,0.012328554452779,1.92119018425026
"TCGA-BH-A0GY-01A",0.133735729519951,0,0.0164100435005038,0.0295458789857722,0,0.157277160328412,0.0156450996184144,0.0586500613162944,0,0,0.0576016048141923,0,0.0605920256954071,0.082254504824366,0.132423808969663,0.0927435125313507,0.000760149793569481,0.0555546331221859,0.0872588562578779,0,0,0.01954693072204,1.81022252245586
"TCGA-BH-A0GZ-01A",0.0676240530947793,0,0.0266039449447526,0.0331268601507108,0,0.177737743799458,0,0.0764892436805268,0,0,0,0.103189928290921,0.0177163147212691,0.073329602210069,0.0699302644472084,0.106156336452455,0.0191270361392278,0.0425000144149083,0.179737012075799,0,0.00673164557791483,0,1.78715158280208
"TCGA-BH-A0H0-01A",0.0788572048323151,0,0.105225582721899,0,0,0.108265174156161,0,0.0987215387198555,0,0,0,0.105598975699707,0.0460637462241826,0,0.0877323140310173,0.128657837089263,0,0.0326141739989037,0.199449469789332,0,0.008813982737364,0,1.83647671000205
"TCGA-BH-A0H3-01A",0.0790436359305955,0,0.0579786585747425,0.0863820970717684,0,0.137539254811691,0,0.0845573207928339,0.0364343680240887,0,0,0.0470062857413787,0.0316639032858283,0.0619211768435151,0.108398272335487,0.130850067534413,0.0031190542450741,0.048822108698559,0.0862837961100242,0,0,0,1.87943268724098
"TCGA-BH-A0H6-01A",0,0.0216727789150226,0,0.0411155167589432,0,0.191882298031606,0,0.0260107712024495,0,0,0,0.03654507590788,0.0877378827903115,0.0972191860748282,0.0727633996241014,0.192658441316173,0.0120658133608622,0.0522728071044955,0.152496565972931,0,0,0.0155594629403959,1.83133306802488
"TCGA-BH-A0H7-01A",0.109213891578892,0,0,0.0498591352218362,0,0.0877999883813949,0,0.0763800263757812,0.0107155919091005,0,0,0.0447856227115669,0.00486504626962049,0.115663814121032,0.13983513608635,0.127881905844986,0.0318840374260224,0.0418152247465323,0.159300579326886,0,0,0,1.77815408201378
"TCGA-BH-A0H9-01A",0.0778208618468148,0.0188483082656812,0,0.002859134421205,0,0.338046394891373,0,0.0411725734366021,0,0,0.0254373864540551,0,0.0321299716575641,0.118499600768865,0.104249810647794,0.150852214051908,0.00827113370786152,0.050332060219278,0.0314805496309982,0,0,0,1.8014657009979
"TCGA-BH-A0HA-01A",0.143192233882567,0,0.0119794816463518,0.0555676635288188,0,0.173096019130543,0,0.0435280364306391,0.027502200351911,0,0,0.0588018114935993,0.0261265074368219,0.0318726661333218,0.120636030868623,0.0841044026732683,0.00594719705764346,0.0609839250174645,0.1476401990649,0,0.00902162528352721,0,1.78668174014901
"TCGA-BH-A0HB-01A",0.0311261886436505,0.0186968263858776,0.068558088775061,0.0682570735608998,0,0.145966377212219,0,0.0406188249277189,0,0,0,0.104834164574388,0.0370273504184325,0.0874162556313768,0.111705687006957,0.0815672517907471,0.0257503723323581,0.0455138631124757,0.131128669213453,0,0,0.0018330064143848,1.69520467235641
"TCGA-BH-A0HF-01A",0.125708209733289,0,0.0147643562670317,0.0298688975598412,0,0.163262044576857,0,0.0794794981118863,0,0,0,0.0297785381114725,0.045229307085949,0.0770448366110544,0.11599608798817,0.0968266684651957,0.075249977314561,0.053855875891145,0.0929357022835473,0,0,0,1.77994183074609
"TCGA-BH-A0HI-01A",0.093823806868015,0,0.028611296108962,0,0,0.216458786929381,0,0.114823831781532,0.0404379887540603,0,0,0.0160934459807197,0.00517305603649394,0.112794886319711,0.0960114276651028,0.141728533857983,0.0135198306164674,0.0676596707021133,0.0502003732623566,0,0.00266306511710049,0,1.93047863210859
"TCGA-BH-A0HK-01A",0.111803954519248,0,0.180538942457541,0,0,0.248443635889556,0,0.0378245955827512,0,0,0.0143137315231627,0.0287461219066932,0.0414309829208679,0,0.0966125083076877,0.12627519985638,0.0191214870869825,0.047533098737321,0.0473557412118088,0,0,0,1.79254459346069
"TCGA-BH-A0HL-01A",0.012211645542116,0,0,0,0,0.201744286863027,0,0.0600259612507142,0.0848300073941522,0,0.0440473954422356,0,0.0274025880858445,0.255224601540624,0,0.231273072295923,0,0.0370071841669788,0.0462332574183842,0,0,0,1.93031621627031
"TCGA-BH-A0HN-01A",0,0.0261628826993595,0,0.0268429177514515,0,0.133339096156449,0,0,0.0681914196290356,0,0.0795775367965135,0,0.109300293687133,0,0.0832735927694483,0.303995872032905,0.0729551174594384,0.0104142388783726,0.0491471588767439,0,0.0367998732631503,0,1.85895414262603
"TCGA-BH-A0HO-01A",0.0140889082695513,0.0221698479828217,0.0160606944868783,0,0,0.216831294944809,0,0.0763072844622812,0,0,0,0.0879325216656204,0.0249882938246405,0.0587786799949735,0.0894104399641579,0.195366836284307,0,0.0703348562704829,0.123314369547179,0,0,0.00441597230229685,1.94110818015442
"TCGA-BH-A0HP-01A",0.0854880892657586,0,0.0527932818397881,0.0159435982029648,0,0.203065902668987,0,0.0777305029447413,0,0,0,0.0914249953529511,0.0171486558821543,0.0725838047784329,0.113790814800923,0.121237611581584,0,0.045529200843802,0.103263541837914,0,0,0,1.90246757232698
"TCGA-BH-A0HQ-01A",0.161254843745802,0,0.069066462598635,0.0152613782978967,0,0.158371340492858,0,0,0.026715089568441,0,0,0.0531789859771761,0.0374179290051234,0.133884612082959,0.0513044080641391,0.0599846162067326,0.0454599740673887,0.0228356351671178,0.165264724725732,0,0,0,1.8465239413697
"TCGA-BH-A0HU-01A",0.0736085476687274,0,0.0121767398004986,0.0821933396407977,0,0.134357460841071,0,0.0894465773619399,0.0219680495764201,0,0,0.10158193907166,0.038678122006808,0.130634408004137,0.113046674302083,0.0712409154739717,0.0126482286547557,0.0281004636120986,0.0903185339850315,0,0,0,1.69771087307068
"TCGA-BH-A0HW-01A",0,0.00212883386184833,0.0144692291569133,0,0,0.189320723157861,0,0.0400166990293709,0.0238820384358221,0,0,0.172344780493176,0.0192368070815678,0.205191760853418,0,0.0983664645487837,0,0.108813148766636,0.126229514614603,0,0,0,1.86141604010041
"TCGA-BH-A0HX-01A",0.114912509407241,0,0.0446257834644571,0.110584493057783,0,0.322412643377785,0,0.0075032820140653,0,0,0,0.00281662193346307,0.0572366853878209,0.174485896531419,0.0534262114318386,0.0159807230305475,0,0.0489882252609799,0.0426612816825573,0,0.00436564342004152,0,1.79967367361069
"TCGA-BH-A0HY-01A",0.136671101312765,0,0.00312105127565357,0.0400199760888744,0,0.203134034562957,0,0.0881719046622979,0,0,0.0250003465968708,0.00170230923258823,0.0125658383659264,0.102221872355298,0.136675932878399,0.098875703586027,0.0107974311541247,0.0534353856480318,0.087607112280185,0,0,0,1.78884491277973
"TCGA-BH-A0RX-01A",0.101165265081263,0,0.0335916230398306,0.117506627851716,0,0.0821027590896507,0.0483487018638338,0.114308506112314,0,0,0.00470088723810883,0.0583096228985649,0.058414900329242,0.0707438712282586,0.121881988988078,0.0900468819843607,0.00109401576431785,0.0640852694926807,0.03369907903778,0,0,0,1.74576888100923
"TCGA-BH-A0W3-01A",0.0472218585066615,0,0.0140866928264912,0,0,0.15876045403031,0,0.0744109933617627,0,0,0.0220933048419573,0.0442189047416697,0.0490751288136587,0.00321139176196027,0.0909754551999246,0.260444020112571,0,0.0647577484932013,0.136362284245554,0,0.0271671940238864,0.00721456904039211,1.98113028351155
"TCGA-BH-A0W4-01A",0.147721801864233,0,0.0323114732869829,0.0125807691030006,0,0.262959196556356,0,0.0604039063234971,0,0,0.01425424918907,0.0149038512283865,0.0246389933526171,0.139502197544873,0.0824108388405206,0.0495641253732251,0.0268069120486253,0.0230568697028354,0.108884815585777,0,0,0,1.87723000200026
"TCGA-BH-A0W5-01A",0.182546787093245,0.0103082526832876,0,0.0366650119447153,0,0.204784487089717,0.0292625160341982,0.0767912805213416,0,0,0,0.0481800994286021,0.0384762310925198,0.100991275817522,0.112731732131885,0.0378061248363127,0.00169397574221818,0.00625856747382006,0.113503658110616,0,0,0,1.80924969276644
"TCGA-BH-A0W7-01A",0.128138270866317,0,0.0680265810698145,0.101066958946101,0,0.157661694831013,0,0.0410595109171039,0.0256394221677363,0,0,0.0343414796314154,0.0315128028869104,0.0460586655319857,0.120995357796222,0.0933607748257574,0.0106871123275039,0.0431156413515911,0.098335726850528,0,0,0,1.77831383897692
"TCGA-BH-A0WA-01A",0.10586015339513,0,0,0.0257167933770257,0,0.216436592690195,0.00290490378607047,0.102224239028431,0,0,0,0.0662488272357009,0.0504717697105295,0.120822654138443,0.166475911270892,0.0753283547090557,0.0103899004344695,0.0455307073940591,0.0115891928299982,0,0,0,1.88759217347422
"TCGA-BH-A18F-01A",0.128462465943875,0,0,0.0961787357047625,0,0.222699319977062,0,0.052362826076846,0,0,0,0.088449132976333,0.0718944155448761,0.116906443643857,0.067473822933648,0.0101601309297268,0,0.0682646357462351,0.0749199231580844,0,0.0022281473646945,0,1.82747715056523
"TCGA-BH-A18G-01A",0,0.0093545279005622,0,0.0230198117935923,0.0430583325152834,0.177128110337828,0,0.0255756763035414,0,0,0.0986234252681053,0.0323580916272345,0.0261634103700876,0.0536814255162968,0.119121076403853,0.191307657030395,0,0.124714750485169,0.0173328469981629,0,0.0585608574498883,0,1.88982170986592
"TCGA-BH-A18H-01A",0.140671189526635,0,0.0641091514670072,0.165801410755969,0,0.0808790612695034,0.0239335726091809,0.0480462175928075,0.0248987157893913,0,0,0.0380045825605481,0.0435326144069578,0.0735984489877739,0.125975228900015,0.0513279279322991,0.00133673512916043,0.0534232226104031,0.0644619204623488,0,0,0,1.81211211736283
"TCGA-BH-A18I-01A",0.126474002196727,0,0.0112261867368663,0.0423714546816376,0,0.143639317857556,0,0.107397038534838,0.0101500273498635,0,0,0.0517397764940334,0.0348679173602739,0.0521566499657168,0.134913956632813,0.0773812108548191,0.0220511395682742,0.056710937766164,0.126207164261156,0,0.00271321973926196,0,1.82644036156892
"TCGA-BH-A18J-01A",0,0.00351236670466989,0,0.0175964313476384,0,0.219460446985128,0,0.0585783241918613,0,0,0,0.12545719848669,0.0102010307149407,0.162137401654595,0.0871797951227681,0.205433420341924,0,0.0091324823831673,0.0791071472853269,0,0,0.0222039547812904,1.84900571784902
"TCGA-BH-A18K-01A",0.0872740622900165,0,0.0133747338879477,0.0288817565869782,0,0.170985704558249,0,0.0665265316242708,0.00539608654653702,0,0,0.052503222544075,0.0217277485184988,0.113466148101115,0.0980633706224993,0.151843915489125,0.0501295108116881,0.0637849021164701,0.0707093528768037,0,0,0.00533295342572536,1.8027249734683
"TCGA-BH-A18L-01A",0.0197342200499864,0.0265504323033229,0.0466834778470215,0.00974552368910657,0,0.0570330831128292,0,0.105194001026521,0,0.00793112218616537,0,0.0249740593140617,0.0346385275896391,0.0479723617704281,0.175495898887023,0.285237922313726,0,0.0334596220572578,0.118736322291084,0,0.00661342556182659,0,1.86177427679121
"TCGA-BH-A18M-01A",0.210643931113302,0,0.0600179697331329,0.021681442350375,0,0.19621772440253,0,0.0611761894241359,0,0,0,0.0250648134109836,0.0521188456619817,0.00342649798149327,0.0679001650356828,0.115291168579247,0,0.0598855249128706,0.117307667776853,0,0.000473747697330506,0.00879431192008165,1.85739066921732
"TCGA-BH-A18N-01A",0,0.0212586330341796,0.0194273768884871,0,0,0.187128113563484,0,0.0195250326843922,0.0560789897603817,0,0.112828509570358,0,0.0312186900834324,0.139672997009262,0.062601360592259,0.255992558972624,0.0107516877377786,0.0289352663209476,0.0545807837824139,0,0,0,1.93518944750853
"TCGA-BH-A18P-01A",0.105694390861476,0,0.0596581360680822,0.0218883368663127,0,0.166439645845928,0.015213651003891,0.114595114636628,0,0,0,0.0715870083340647,0.0247545353148536,0.0704565369829706,0.164090419679611,0.0999690134294085,0.0127206030854664,0.0404571351259546,0.0324754727653525,0,0,0,1.90600308746683
"TCGA-BH-A18Q-01A",0.091996033782636,0,0.0366516292263198,0.0741351858512631,0,0.14034889875838,0,0.141462221916495,0,0,0,0.09450320745501,0.0649530400328056,0.0369479459560329,0.127673570870699,0.0707256293305997,0.0133588939841941,0.069653446266399,0.0367152199939396,0,0.000875076575225559,0,1.90589545497988
"TCGA-BH-A18R-01A",0.124641331691057,0,0.0504546765179007,0.031944862074233,0,0.203226205672507,0,0.0972108857960549,0,0,0.00858572702425619,0.0302652849938362,0.0558220305949113,0.0318283800134115,0.10473067153964,0.0903497844295728,0.0350477542251691,0.0531243045425063,0.0827681008849441,0,0,0,1.76347995218698
"TCGA-BH-A18S-01A",0.00253288013694174,0.0145296439804545,0,0.00320792062256336,0,0.205010878701876,0,0.107702844526308,0,0,0.0128695384622338,0.030402817208592,0.011749765590775,0.165099681367889,0.00190661808737316,0.27046992128529,0,0.0445161433762355,0.0882863357772088,0,0.041715010876259,0,1.98225529477154
"TCGA-BH-A18T-01A",0.0682997985962374,0,0.0473158421726973,0.0318546786810544,0,0.166135638342294,0,0.126461699107845,0,0,0,0.124870776810476,0.0188592330742001,0.0871332162737666,0.138317893097392,0.0825134711492754,0,0.0460771572137538,0.0571161562046034,0,0.00500536984063709,3.90694357671617e-05,1.84727274051982
"TCGA-BH-A18U-01A",0.0611919032936362,0,0.0788315304604713,0.0283412861612659,0,0.214967681126612,0.0293978078001199,0.0789075184841704,0,0,0,0.00428605756842158,0.0150884115300661,0.0608735053356962,0.133581817222196,0.142362542825203,0,0.0314197776584266,0.0818902212563986,0,0,0.0388599392773153,1.79381774390626
"TCGA-BH-A18V-01A",0.0560586382336052,0,0.0175453284646152,0.00302522390925348,0,0.229417616378902,0,0.080251544910144,0,0,0,0.0594004718962129,0.0878355524080844,0.0810235637737839,0.15670160197536,0.0957980876347818,0.0379750366131879,0.0701748397319628,0.0157892545796758,0,0,0.00900323949043064,1.8806206351624
"TCGA-BH-A1EN-01A",0.0270815169314915,0,0.00831127561628891,0.0266806546363824,0,0.232868627095988,0,0.00583849942109548,0,0,0,0.0936072642493145,0.0261693143677764,0.108775109745792,0.037510685907682,0.257577497262588,0,0.0357262848282401,0.13985326993736,0,0,0,1.84090377205499
"TCGA-BH-A1EO-01A",0,0.0281277060351744,0,0,0,0.153428124449094,0.00305663695586367,0.0891700954998378,0,0,0.0141999201126558,0.00805154640620758,0.0613694832977745,0.0589061429725381,0.128056280448086,0.166435094704048,0.0597393926292787,0.0508700644224327,0.178589512067009,0,0,0,1.91224090797752
"TCGA-BH-A1ES-01A",0.000959337614478035,0,0,0.0206357821235477,0,0.254344067897328,0,0.0307684680165441,0.00673083368388509,0,0.0708752891523594,0.0651517864278881,0.0197995507612221,0.0638538045148576,0.0411839528033002,0.160086352711492,0.0112126467082973,0.11132143676112,0.143076690823681,0,0,0,1.88756628878797
"TCGA-BH-A1ET-01A",0.109645647666844,0,0.08440687296897,0.0833962446950716,0,0.168045853554196,0.0233000224009423,0.0677853265751176,0,0,0.0158759521324981,0,0.0382097581509155,0,0.107994667875245,0.137554225276461,0,0.0519188766384809,0.104022523620623,0,0.00230923588211012,0.00553479256252545,1.9608129224488
"TCGA-BH-A1EU-01A",0.170133146198216,0,0,0.0460779703707449,0,0.196485023038352,0,0.0913045513076241,0,0,0,0.0362937775680622,0.0307019988891815,0.0423122189164868,0.112562126005007,0.104879484735572,0.0140618663591386,0.0652932703919743,0.0823256312447244,0,0.00756893497491668,0,1.87445202964034
"TCGA-BH-A1EV-01A",0.147546838694503,0,0.0893837121606358,0.0612244488850894,0,0.0897534639882898,0,0.0132996269688635,0.0341600582051526,0,0,0,0.00969667602113257,0.114779107767133,0.0437083787106848,0.298845526552637,0,0.0716019888303974,0,0,0,0.0260001732154805,1.88621916165219
"TCGA-BH-A1EW-01A",0.112991667195439,0,0.0301532707694919,0.0522615955575912,0,0.190794637354287,0.0300870565182085,0.0103548855926459,0.0200604097761833,0,0.049045854879968,0,0.0857809785923808,0.0248659146259928,0.130364928478141,0.0871971570798088,0,0.0663781060436115,0.0901934713717388,0,0,0.0194700661645111,1.88748481279918
"TCGA-BH-A1EX-01A",0.0505391135766965,0.0192267101420437,0,0.0435701517716371,0,0.213912712167757,0.00368224375540342,0.156282722261907,0,0,0.0191720712316506,0,0.0310829202815487,0.0887939891831877,0.109656313524891,0.154851736455733,0,0.0950026306495493,0,0,0,0.0142266849979943,1.94350324838322
"TCGA-BH-A1EY-01A",0.0434959381885452,0.00438359305273136,0,0.0208191974077425,0,0.169689203063371,0,0.100302924093919,0.0200311409731159,0,0,0.058254925126034,0.0415050787882274,0.0685293663052884,0.142237862572303,0.0962205501147206,0.0619826163703669,0.0539389549189595,0.116556668370175,0,0,0.00205198065450095,1.80577903166042
"TCGA-BH-A1F0-01A",0.0977963943961442,0.0123484310856156,0.0320747183269534,0.034785834240769,0,0.184058938967834,0.0064946102790144,0.0991670211571338,0,0,0.00822584619706872,0.0449793241327246,0.0488937200186051,0.0971832653443898,0.117344573078853,0.11636684449393,0,0.0703889787197027,0.0258510501849564,0,0,0.00404044937630557,1.93302279724467
"TCGA-BH-A1F2-01A",0,0.00737020519147887,0,0,0,0.20565315319034,0,0.060384624370305,0,0,0,0.0859422225577941,0.0419671402750494,0.086975158034254,0.0482893252141794,0.168680120668993,0,0.0757152350704111,0.140051760860233,0,0.0253577631565773,0.0536132914103851,1.86474381925582
"TCGA-BH-A1F5-01A",0.0593898876783169,0,0.0664916436900316,0,0,0.226151277721415,0,0.0880251124773104,0,0,0,0.036881314547865,0.0266201635962942,0,0.0741913032053787,0.135227420623435,0.0736128706662601,0.0344510163736406,0.16248457023328,0,0.0164734191867735,0,1.85947815469475
"TCGA-BH-A1F6-01A",0.161004407705499,0,0.0641978972582191,0.0778746686004307,0,0.113588161699903,0.000804794135014706,0.104657077030242,0,0,0,0.0673465888731115,0.0599009024312513,0.0475730349893834,0.110402491401216,0.111261895682535,0,0.0662204546472354,0.0137574763556206,0,0,0.00141014919033887,1.84195134814987
"TCGA-BH-A1F8-01A",0.145079402000551,0,0.0805075102510509,0.0646264212302742,0,0.226400775481799,0,0.0526165888854016,0,0,0,0.045817412212443,0,0.0406395651535518,0.0469992457101852,0.115054363852657,0,0.0936224564316486,0.0796530670253586,0,0,0.00898319176507821,1.81545124701437
"TCGA-BH-A1FC-01A",0.0839600425643632,0,0.166116725365288,0.114233609197429,0,0.0781015648701558,0.0725967868080321,0.0911321411084134,0.00412739775070238,0,0,0.0468796042133102,0.0144509297115087,0.0463247299586204,0.123891949070577,0.088002611113273,0,0.0500719645571347,0,0,0.0201099437111916,0,1.92738910652284
"TCGA-BH-A1FD-01A",0.0644154125742353,0,0.0460917708641102,0.019982111860784,0,0.185444024034007,0,0.0966963864418938,0,0,0,0.00737857105062476,0.0112781948004583,0.0734602225191324,0.143007523422509,0.187820472847602,0,0.0654278223763662,0.0447507453324851,0,0.0141704506864278,0.0400762911893637,1.90456931712782
"TCGA-BH-A1FE-01A",0.13501341121597,0,0,0.00900471233146364,0,0.189780140508739,0.0220228822177116,0.0671492737227915,0,0,0.0399110241522981,0.0363591210520898,0.0475020930391904,0.0549138721845847,0.141399904731836,0.052789962789771,0.0127383962005624,0.0585275195505849,0.132887686302407,0,0,0,1.82648019057823
"TCGA-BH-A1FG-01A",0.0880113762240586,0,0.0528594274337401,0.00490675263891144,0,0.160267922351826,0,0.0302414265492405,0,0,0,0.0310629482124262,0.0316839743515324,0.0421561540322657,0.153854706176249,0.160773367605407,0.00850678979180177,0.0204526360765359,0.205704580164504,0,0.0095179383915011,0,1.78537602189955
"TCGA-BH-A1FH-01A",0.15058229500966,0,0.0940191722915523,0.139262617269176,0,0.209177017520604,0,0.0402827274989332,0,0,0,0.0315885960750923,0.0909927506094833,0.0572361500789757,0.0401757837133512,0.0240532079329845,0,0.0453169280171666,0.0692798057890086,0,0.00803294819401156,0,1.9300898364985
"TCGA-BH-A1FJ-01A",0.071163052705838,0,0,0,0,0.118993351859184,0,0.060602202808827,0,0,0,0.0538242429470853,0.00212108453210131,0.112489959498544,0.0190364860945283,0.216589079134361,0,0.135976419063336,0.128750005773705,0,0.0804541155824906,0,1.94995348470247
"TCGA-BH-A1FL-01A",0.128077061532772,0.0226212854788976,0.0271828688174155,0.0145709049258854,0,0.20118306184419,0,0.148947647380888,0,0,0,0.0281734526944441,0.0471088860279201,0.0602700128531072,0.0738458075486815,0.10473234285932,0,0.0182518161649421,0.125034851871536,0,0,0,1.86193490290957
"TCGA-BH-A1FM-01A",0.013716849747023,0,0.00400898645661556,0.0416854736289452,0,0.116988341584516,0,0.0314923904269463,0,0,0,0.0268289556269933,0,0.142568734247728,0.0634019143951825,0.268259132153012,0.0093052280245659,0,0.184477577246291,0,0,0.0972664164621821,1.76027212958083
"TCGA-BH-A1FN-01A",0.113274330696896,0,0.0604916492397135,0.0274650816807347,0,0.16400433988737,0,0.124102421146034,0,0,0,0.0235242636452766,0.0234620708931397,0.168212334283955,0.17113877560003,0.0923272339587407,0,0.0121245820083619,0,0,0.00290583198207597,0.0169670849776717,1.85151107031106
"TCGA-BH-A1FR-01A",0.0331139965350526,0.129607924469258,0,0.0515329255015005,0,0.188731247355752,0,0.0746969838282965,0,0,0,0.0380888149446456,0.0224269408577956,0.0851081275773357,0.181398067297999,0.158685914413027,0,0,0.0366090572193366,0,0,0,1.85038447054208
"TCGA-BH-A1FU-01A",0.100159023522296,0.0469525522741378,0,0.0546974276367677,0,0.214475801226337,0,0.0399886772173539,0,0,0,0.054901427979507,0.0635045296957939,0.170571110308348,0.0982520697435189,0.0233251587515933,0.0067568456188512,0.0490687214132067,0.071372333674739,0,0.00597432093754903,0,1.73651238230868
"TCGA-BH-A201-01A",0.110230736507473,0,0.0509726625324436,0,0,0.250712175143313,0,0.0679831550609088,0,0,0.0637782699329856,0,0.0492002251221018,0.127797274010048,0.104154177064622,0.0465745835995387,0.015125107238369,0.0604105790022709,0.0530610547859255,0,0,0,1.86255658383686
"TCGA-BH-A202-01A",0.0513447042853993,0,0.0174970259058493,0.0968630768000006,0,0.127000058396273,0.0456864485027527,0.0921680994798849,0.00418433022406829,0,0,0.0384822178445304,0.0103440187399323,0.0879864435616824,0.150857352036862,0.138905349014175,0,0.02800413745213,0.0934110787118268,0,0,0.0172656590446332,1.84683823451392
"TCGA-BH-A203-01A",0.0603070997145082,0.0428304428634399,0.00375210394986235,0.0592890430644268,0,0.132181685657788,0.0445941104885238,0.118980515433042,0,0,0.0586763260368455,0,0.0551998100973277,0.0702106003681726,0.144095144321937,0.110939590190904,0.0108056163265564,0.0618170874279716,0.0263208240586939,0,0,0,1.75136688922176
"TCGA-BH-A204-01A",0,0,0,0.133768861566918,0,0.206238829302662,0,0.00439194109258863,0,0,0,0.0428351835623723,0.0354657508972574,0,0.0512204886522361,0.293616934224724,0,0,0.135292825684875,0,0.0711127829700891,0.0260564020462781,1.80370690672496
"TCGA-BH-A208-01A",0.137497434057397,0,0.0858109853640243,0.00706443894230927,0,0.23303790664486,0,0.0201157602627698,0,0,0,0.0777100771300286,0.0149716987929946,0.0713503053923568,0.0788458684813263,0.103214900160585,0.00873182305801379,0.050823540959395,0.110825260753939,0,0,0,1.7936006123316
"TCGA-BH-A209-01A",0.144593193010444,0,0.0427143633421295,0.0624312858072017,0,0.147047000452593,0.0483107293434505,0.028123289718213,0,0,0,0.0872098219980019,0.0346051674631733,0.0444392616736764,0.10533292717036,0.0862911851366729,0.00749943795650318,0.0545618873980998,0.106840449529481,0,0,0,1.76957240557295
"TCGA-BH-A28Q-01A",0.124501913421996,0,0.0235082230300344,0.0188600137945394,0,0.291131208451621,0,0.104468668048792,0,0,0,0.0441908885744961,0.023332635446738,0.0715333397733199,0.087365872962631,0.10426846900316,0,0.0172588823821854,0.0895798851104867,0,0,0,1.90248629151489
"TCGA-BH-A2L8-01A",0.111373877592253,0,0.043667538124606,0.118158447906156,0,0.126431452348685,0,0.0471946373509912,0.00287616411059635,0,0,0.084980713287751,0.0593882755243408,0.0304873478264387,0.108118956742419,0.101457197921818,0.0187049325537107,0.0323800956127119,0.114780363097523,0,0,0,1.78992753599768
"TCGA-BH-A42U-01A",0.143984619918158,0.0563249924702674,0.0378686616520449,0.0912279885703414,0,0.124234873444464,0,0.118136182777399,0,0,0.0189657724575954,0.0274937190278959,0.0481688534257729,0.0762756471418818,0.113422105761052,0.0694785598709237,0.00257851241840703,0.0430738745447234,0.0287656365190727,0,0,0,1.81600740369182
"TCGA-BH-A42V-01A",0.0922964205184145,0,0.0455683829445208,0.043564645935836,0,0.20368776489904,0,0.0894907135316443,0,0,0,0.0909604781742603,0.0732031523340547,0.0740662177698404,0.0789613676062338,0.0713717714488847,0.0151089769084796,0.0244974654135337,0.0972226425152568,0,0,0,1.81930117181256
"TCGA-BH-A5IZ-01A",0.0530469174685002,0,0.0507394191849977,0.0521371036933971,0,0.1254948377129,0,0.0987108074233739,0,0,0.0550782349816186,0.0265312503225547,0.0533951619644497,0.167708931623185,0.0634561015252225,0.109775685559937,0,0.105501269419027,0,0,0,0.0384242791208365,1.89926459286044
"TCGA-BH-A5J0-01A",0.0322591857592736,0.0159110769212861,0.00149709748704813,0.0415088652477027,0,0.198898118678686,0,0.0780450300833191,0.0116653284877132,0,0,0.0963572967246279,0.0549323648618428,0.0738382554725141,0.0972919687828157,0.107812140621164,0.0358508711296206,0.0497714911234092,0.104360908618976,0,0,0,1.75211329320016
"TCGA-BH-A6R8-01A",0.0470170132620664,0,0.036930040034951,0.0152082659513159,0,0.142046489015346,0,0.0966233527577742,0.0361957802968537,0,0,0.0713803807934344,0.0690969091612737,0.0446996192947312,0.129288392729768,0.165409613758318,0,0.0743873225539251,0.0691854097241279,0,0,0.00253141066611374,1.85364843369491
"TCGA-BH-A6R9-01A",0.0513178437653105,0,0.0500323417218038,0.0336154563354646,0,0.176587401952194,0,0.0374230546445273,0.0300755914052735,0,0,0.103279595365702,0.0173177310647228,0.0676215923842617,0.13153223199339,0.104035874244587,0.0764580968870145,0.00860826244710229,0.0943737048790735,0,0,0.0177212209095726,1.85634703402972
"TCGA-BH-A8FY-01A",0,0.0247249638344593,0,0,0.0331521338481089,0.078176996615031,0,0.0592350548804991,0,0,0.117224916157341,0,0.252112138522836,0,0,0.318913476077225,0.00320363627615971,0.0657316633895745,0.00974719419615177,0,0.0377778262026134,0,1.91184689957718
"TCGA-BH-A8FZ-01A",0.184006759468243,0,0.0296907687620653,0.0340734226906692,0,0.131933006368741,0.0143927748736305,0.050071011585758,0.00269733098678126,0,0,0.0114901397786282,0.0402080702997317,0.0849844564807421,0.0598344014957355,0.0726114894120876,0.0611972009439778,0.0732674804465534,0.116787997003747,0,0.032753689402909,0,1.8741569058909
"TCGA-BH-A8G0-01A",0.179493604249326,0.0101571078334326,0,0.0172952822998628,0,0.132492281670044,0,0.027722924025875,0.00181784580936218,0,0,0.0959259718998368,0.043381699376151,0.169201317061823,0.0737841065591926,0.113602702165892,0,0,0.135125157049202,0,0,0,1.81536106114533
"TCGA-BH-AB28-01A",0.18876619618509,0,0.0393805030114274,0.0123647909778987,0,0.185400353814408,0,0.09703302454976,0,0,0.0184083724683218,0.0402428698442191,0.0571550339884741,0.0349695362969188,0.107353493536715,0.106075897792339,0,0.0427393102807447,0.0701106172536828,0,0,0,1.80519071593918
"TCGA-C8-A12L-01A",0.134444537984125,0,0.0638641992003348,0.021245375868094,0,0.163573467718265,0.0327271602445029,0.0948874450472224,0,0,0,0.046755699913417,0.0262232378083047,0.0944624019925505,0.11440896816072,0.0801770307423758,0.0394940743814423,0.0287060456926618,0.0590303552459839,0,0,0,1.87518926717961
"TCGA-C8-A12M-01A",0.0189244195403575,0.0124919985281529,0.125302573056289,0.0700291762540893,0,0.140856528513108,0.00804638573965906,0.114032309455152,0,0,0,0.0104732911876064,0.0319557700246385,0.106295760136589,0.14995175184533,0.0591610447966136,0,0,0.152478990922415,0,0,0,1.75807357409578
"TCGA-C8-A12N-01A",0.00705452934498133,0,0,0.0480307681646006,0,0.116442882897703,0,0.0981385678535455,0,0,0,0.10791567452226,0.0195930999859668,0,0.0982900188590467,0.24357755971812,0.0716982823129763,0.0781560054133511,0.0900938893693817,0,0.00902049815428143,0.0119882234037858,1.89391278293011
"TCGA-C8-A12O-01A",0.0826067423112839,0,0.126814312587087,0.0310347960675686,0,0.167875561227069,0,0.0639194508281462,0.0501524431655151,0,0.000958674536184257,0,0.0103770023527948,0.0834728649885059,0.090909357853522,0.148698120427917,0,0.0502821528872248,0.0682486800844358,0,0,0.0246498406827459,1.87521461719083
"TCGA-C8-A12P-01A",0.0916372769822073,0,0.0757575514690649,0,0,0.162883670477331,0,0.0733707356908245,0,0,0,0.0828609605443159,0.0157942061140299,0.111267995669081,0.1116725655804,0.122810510206122,0,0.0583531396631055,0.0935913876035175,0,0,0,1.79727657046501
"TCGA-C8-A12Q-01A",0.0496384236708657,0.0290863199476691,0.0154452168806045,0.0148264282371773,0,0.181126964038397,0,0.111217231661114,0,0,0.0038911099229259,0.0362752352033355,0.0296830858449532,0.119699039223557,0.105941439534311,0.145987799985625,0.000252816068761539,0.0680423313727593,0.0868703633794477,0,0,0.00201619502849635,1.81856049617574
"TCGA-C8-A12U-01A",0.0661676268474925,0,0.0357208066453778,0.140896809241444,0,0.0904095103246663,0.0417509293994549,0.0886567166158367,0,0,0,0.0652074357324737,0.0297618292086152,0.0649178138963935,0.135867118744739,0.0987140162487169,0,0.0151099338704822,0.126819453224307,0,0,0,1.73465250566271
"TCGA-C8-A12V-01A",0.12198929216533,0,0.0565070416432361,0.121143416401386,0,0.0569534705376588,0.0331613722146584,0.114625309950068,0,0,0.0141030191397814,0.0606886415311989,0.0240280553130935,0.0291190462659208,0.111608566923119,0.110380198698317,0.0471705370397414,0.0585236314210923,0.0399984007553988,0,0,0,1.93976828194508
"TCGA-C8-A12W-01A",0.0684328939364863,0,0.190660495129166,0,0,0.20414147533991,0,0.00688494453092327,0.0200034146463076,0,0,0.0349458295751008,0,0.132375479465888,0.0536712430166173,0.161416192444642,0,0.0288910097989844,0.0913130063936905,0,0,0.00726401572228347,1.86999291828662
"TCGA-C8-A12X-01A",0,0,0.0467440980450061,0,0,0.198047709430298,0,0.0430627669996587,0,0,0,0.072673195165885,0.0185477049771078,0.0867495864572691,0.0875059175759912,0.228816285102693,0,0.027022582822837,0.105390199403866,0,0,0.0854399540193878,1.92142888693836
"TCGA-C8-A12Y-01A",0.112940799227919,0,0.067275655455736,0,0,0.102314395028368,0,0.0991818998580681,0,0,0,0.0795881271863488,0.0307629396609744,0.129081036921562,0.131578009492809,0.080861310332788,0,0.0321187630405026,0.134297063794925,0,0,0,1.83855034499476
"TCGA-C8-A12Z-01A",0.0532039972879143,0,0.0605574710444297,0.0217544463862725,0,0.113496450374078,0,0.0451217208903658,0.00404344619911042,0,0,0.0555945363188436,0.00245409498511697,0.237385877866884,0.174244670416372,0.107146297061967,0.0188032661679762,0,0.10619372500067,0,0,0,1.80363846865431
"TCGA-C8-A130-01A",0.0876050365884824,0,0.0273700760450451,0.108345951794714,0,0.123414649825915,0,0.09099644888908,0,0,0,0.0610756783689295,0.00864263568108035,0.129072591169663,0.102961333439265,0.097093324133914,0,0.0279439056688748,0.135478368395036,0,0,0,1.7414810598488
"TCGA-C8-A131-01A",0.0740002394820428,0,0.0484416861863752,0.0585156095718194,0,0.144332943444118,0,0.112748508930595,0,0,0,0.0592125006364956,0.0860799180324806,0.145674426672801,0.04773320713873,0.110822664624706,0,0.0953530747137556,0,0,0,0.017085220566081,1.79169450722042
"TCGA-C8-A132-01A",0.137985579804727,0,0.0799541588779328,0.060609283703554,0,0.149537685966511,0,0.0571311927340725,0.0496858209968684,0,0,0.071480574657808,0.0482010883697015,0.0623394205120855,0.11019200194731,0.0516255112615105,0.0213884478224241,0.0657180539102442,0.0341511794352498,0,0,0,1.8123930008702
"TCGA-C8-A134-01A",0.0606149771196815,0.0461569091387024,0,0.0426855193551144,0,0.132962743467109,0.0449090508564003,0.0860460250339184,0.0435926231766448,0,0.00770810062540321,0,0.0580368150730423,0.133736615785227,0.163029332461087,0.058534971951323,0.033222028203037,0.0589556964914035,0.0298085912619056,0,0,0,1.77729031847074
"TCGA-C8-A135-01A",0.180405984326452,0,0.0849732393195188,0.122063720484412,0,0.12586499463372,0.0106301722770212,0.0555929814885732,0.000865203566563678,0,0,0.0504289822738197,0.0136028522482676,0.0571339774571852,0.0756620372935145,0.11357094162652,0,0.0353567368599978,0.0738481761444338,0,0,0,1.77899902016565
"TCGA-C8-A137-01A",0.135830262495856,0,0.0319633984330112,0.0310438061831314,0,0.251571791982827,0,0.0396209591714695,0.00506033781289843,0,0,0.00996280452005836,0.0254844158302777,0.181683812424543,0.107905222894932,0.091288845213546,0,0.0160998328314786,0.0724845102059708,0,0,0,1.79823557015376
"TCGA-C8-A138-01A",0.139023474927431,0,0.0573897377550788,0.10035207312539,0,0.0849986382168001,0.000476541535257551,0.0650660066707245,0,0,0,0.0867631573370433,0.0137715832979622,0.108321227811835,0.117317410933866,0.0451414953677303,0.00261119461025057,0.0568814553319016,0.121886003078729,0,0,0,1.75884358407526
"TCGA-C8-A1HE-01A",0.0880904206719613,0,0.00868692584142991,0,0,0.273721264157325,0,0.0495503679676583,0.0136553857958074,0,0.0592658606605717,0,0.021924233781925,0.0608611720241517,0.116122881533491,0.162916211408283,0.00993536132631174,0.0635971654120552,0.0507091896205241,0,0.0209635597985044,0,1.92002319921826
"TCGA-C8-A1HF-01A",0.0880091315935013,0,0.0176620504321625,0.133596690111633,0,0.197207815097929,0.0711433823549606,0.0580309501867191,0,0,0,0.0161569279041116,0.00586404343476378,0.102315963045931,0.143412278663422,0.125306059623634,0,0.0310923856589792,0.0102023218922519,0,0,0,1.83650532489129
"TCGA-C8-A1HG-01A",0.0426400491352654,0.0419414058165386,0.103076230082497,0.103507168360298,0,0.135068749229023,0.0128853058333292,0.0469774208414846,0.0121693557708693,0,0,0.0860930657664614,0.0195042037443484,0.058899854509013,0.116186685157285,0.112617242135766,0.00306345057044096,0.0339540559584153,0.0714157570889636,0,0,0,1.75806941348703
"TCGA-C8-A1HI-01A",0.131059217625384,0,0.217011432252058,0,0,0.138377977608643,0,0.0182230901349874,0,0.0003684657009698,0,0.0113393753421729,0.0283708175808744,0.0596315674374558,0.0915235151614343,0.153685806825944,0.0077399737578456,0.0312774418476432,0.0897391674145128,0,0.021652151310074,0,1.85259410287649
"TCGA-C8-A1HJ-01A",0.143581863499324,0,0.0421678330746546,0.0520295530420749,0,0.124448270406858,0.0186365110023287,0.145306464721833,0,0,0.0259447052209233,0,0.0400649369794752,0.0711356654012294,0.166331465827095,0.0499257041438219,0,0.088220790460613,0.00911624241563768,0,0.0230899938041311,0,1.72520351989761
"TCGA-C8-A1HK-01A",0.223929830368585,0,0.134150759203969,0.0331918217418223,0,0.0979174576020264,0.00929257203882349,0.0507395365359038,0.0232747422337099,0.0161686570125225,0,0.0583242013297842,0,0.0262448435135034,0.106662462359547,0.107935994674877,0,0.0468125051319735,0.0653546162529536,0,0,0,1.84415904183683
"TCGA-C8-A1HL-01A",0.0714545038736142,0,0.0662999036770759,0.0274355395683941,0,0.166678637177569,0,0.0221595249254121,0,0,0.0116377379361407,0.00534278017007629,0.0273191710840693,0.136288763102489,0.0595355355571971,0.243608973939344,0,0.0728328679616054,0.0725340393026749,0,0.0168720217243376,0,1.79468104381034
"TCGA-C8-A1HM-01A",0.0664708368141314,0,0.00378409096198293,0.154934463991675,0,0.0886210018415679,0.0765776709245652,0.0934280582297574,0,0,0,0.118300344322055,0.0366892571123052,0.0052385801101425,0.147692411958719,0.128530132166999,0,0.0320135272806191,0.0477196242854808,0,0,0,1.89883406035046
"TCGA-C8-A1HN-01A",0,0.0183729255562866,0.00508641255281934,0.0542449728892212,0,0.115164898129747,0,0.117821298137249,0,0,0.065881187529313,0,0.0328712585806772,0.103853606952948,0.141623847097863,0.265013910519131,0,0.0344684290155956,0,0.0296861651869066,0.0159110878522426,0,1.86429481602598
"TCGA-C8-A1HO-01A",0.0929971326031132,0,0.120115909867055,0.00871860016278133,0,0.157487873916858,0,0.0671174811489675,0,0.000425148637547559,0,0.0721324982031514,0.0152184982380494,0.081434922165623,0.158584434830718,0.107290541867831,0,0.014661643305923,0.0983110931846793,0,0.00550422186770098,0,1.9054319283114
"TCGA-C8-A26V-01A",0.0579739169114956,0,0.034180177222302,0.0175772056851102,0,0.133834556729906,0,0.133396843350193,0,0,0,0.0954507305358475,0.0205921031812284,0.0342981039104998,0.142256492597617,0.172707565659439,0.0310268171594361,0.104191378175957,0.0225141088809687,0,0,0,1.91555149190299
"TCGA-C8-A26W-01A",0.167214329075178,0,0.0267023017814395,0.124571534602295,0,0.134373151930803,0.0300222265861127,0.079762004333192,0,0,0.0124562919678766,0.0112019916256775,0.0278374462750584,0.0253310993561034,0.129173323799999,0.126299349530661,0,0.0432655719669316,0.0539400530392473,0,0.00784932412942489,0,1.91371609125518
"TCGA-C8-A26X-01A",0.039774014637148,0.0701093323992371,0.110034470216217,0.0289598442407367,0,0.100252856941832,0.0416245726185952,0.124338691665467,0,0,0.00418724723641353,0.0345239902724525,0.0357584398004919,0.108824243428035,0.137176489868276,0.0595364922148509,0.0107696074478373,0.0496680925661917,0.0441355068283662,0,0.00032610761785208,0,1.77659148153906
"TCGA-C8-A26Y-01A",0.185575283529751,0,0,0.0514621394094385,0,0.0872910231122101,0,0.148126496201063,0.0242270460380943,0,0,0.0424103056225827,0.0174070465725216,0.1675178991408,0.093576960359813,0.0922087655362623,0,0.0901970344774643,0,0,0,0,1.74282954391391
"TCGA-C8-A26Z-01A",0.0546888879595437,0,0.135124671073416,0.0583625472982626,0,0.0987872683688919,0,0.0376189914696579,0,0,0,0.105498262986233,0.0184596291145519,0.068346482561472,0.127391749049204,0.127653853312691,0.0258632475243332,0,0.132601547583183,0,0.00960286169855947,0,1.87827307505939
"TCGA-C8-A273-01A",0.0972300045264067,0,0.124913115773224,0.0240236192944908,0,0.145197383779852,0,0.0989430688516434,0,0,0,0.0781049994585603,0.0177985397840097,0.101194002620971,0.0422992417455166,0.117554894727451,0,0.0872758535487071,0.0614348812187386,0,0.00403039467042838,0,1.87888223003927
"TCGA-C8-A274-01A",0.00252157713045746,0.012159642300951,0,0,0,0.132911882130867,0.000709131514594813,0.0298518194179615,0.0236883270992537,0,0.154054297313938,0,0.0365874004429009,0.0266735767083701,0.123538574180745,0.215209031370811,0.0380075672484562,0.0807524958287729,0.0824473149508924,0,0.0164174144849752,0.0244699478760533,1.92133015753186
"TCGA-C8-A275-01A",0.111741395402746,0,0.0868003758869627,0.0652303119462099,0,0.115863097597359,0.0288871898271069,0.0930023354390882,0,0,0,0.0498503115144778,0.0326119544855703,0.101480294117352,0.102697763108114,0.088988208764789,0.00222088234075027,0.0566760695743417,0.0639498099951332,0,0,0,1.81262868902389
"TCGA-C8-A278-01A",0.101395436254357,0.00398604115833706,0.132905259956459,0.0361540689557045,0,0.133367599653821,0.0332322791777401,0.0511111477148479,0,0,0,0.0181836646512769,0.0113797698610152,0.0770679662988947,0.106074992413305,0.118907530785321,0.0148021674781722,0.0523064602088351,0.10787566447707,0,0,0.00124995095484379,1.83384396418216
"TCGA-C8-A27A-01A",0.0811594915418515,0,0.0992532978280523,0.0791119048913826,0,0.268395178069973,0.0369252665850028,0.0294475952206512,0.0271966777523825,0,0,0.0123511178627339,0.0020005596943012,0.136100053179926,0.119029693447236,0.0745348686829024,0,0.00219299132001304,0.0323013039235908,0,0,0,1.88659430238448
"TCGA-C8-A27B-01A",0.102239615839625,0,0.031060018446292,0.080654261348075,0,0.186007262967988,0.00512505964684338,0.113282972080955,0,0,0.0032077195040874,0.00901767567590308,0.0454245982033416,0.0555524319706137,0.137454141649694,0.0735060175442819,0.0415775769309412,0.0711850126335332,0,0,0,0.0447056355578268,1.98043108511192
"TCGA-C8-A8HP-01A",0.0700197375500856,0.0288961412982036,0.0984126033973233,0.116815722361643,0,0.0619831442095495,0.00921454635365583,0.10385120770551,0.0242895987206642,0,0,0.04689969113489,0.0268118572413581,0.0925157175117457,0.104085298678188,0.102357114905478,0,0.0443349882287472,0.0695126307029577,0,0,0,1.70001341514497
"TCGA-C8-A8HQ-01A",0.0854693456685726,0.0145966518503999,0.0118832374194018,0.0858616207538186,0,0.124281389597283,0,0.159205566076766,0.00650690202239055,0,0,0.0469407338581263,0.0252953174979603,0.0824219708969719,0.160135052015623,0.108074507486078,0,0.0446689149520533,0.0377274457655948,0,0.00693134413895947,0,1.7682598132754
"TCGA-C8-A8HR-01A",0.0767238219145222,0.0410867944978495,0.0125454387519987,0.0636405894905651,0,0.173829151416467,0,0.120416267210853,0,0,0,0.0542336705418352,0.0450353409373476,0.0078983621053941,0.126772378070956,0.157083524555859,0,0.0592985749957179,0.0432003072108391,0,0.0182357782997946,0,1.8450333210759
"TCGA-D8-A13Y-01A",0,0.00761489075378383,0,0.0875084356909422,0,0.0965235517600033,0,0.1681375928662,0,0,0,0.180988582687936,0.0239287014398744,0.142594446747854,0.0362997950081388,0.189632813167135,0,0.00321063529006313,0.0635605545880688,0,0,0,1.88460567138823
"TCGA-D8-A13Z-01A",0.161527822549625,0,0.00756093976357953,0.0459991861564921,0,0.183316502063207,0.00367016196860989,0.079835730103589,0.013438352639021,0,0,0.0255290659089299,0.0384213180640562,0.0497577705572985,0.0933424033876006,0.122428316730539,0.0410593623316141,0.0940158356136129,0.016767643349347,0,0,0.0233295888128778,1.77810738828001
"TCGA-D8-A140-01A",0.0981058055162293,0.00647729876180976,0.115028551367855,0.076479184745229,0,0.135565767031715,0,0.0639211153884175,0.0474340508508321,0,0,0.0628076747537349,0.0283011478903959,0.0545453119428387,0.085675191533005,0.0891723862153109,0,0.0523505373539439,0.0841359766486838,0,0,0,1.92176329720539
"TCGA-D8-A141-01A",0.151223880067954,0,0,0.0914251356046071,0,0.131596191738543,0,0.0823819162945543,0.0288595109488342,0,0,0.0646287909359205,0.049937145405781,0.0885347706000018,0.119329520967684,0.0631792579688159,0.0073550094508026,0.056484098346127,0.065064771670375,0,0,0,1.81042316118127
"TCGA-D8-A142-01A",0.0288454421742465,0.0540626797073063,0.159195593039292,0.0256989046927691,0,0.195392637205716,0,0.0792705848922703,0,0,0,0.0231418392068863,0.0328281172141515,0.102857691152453,0.103227976956256,0.0841504942295086,0.0228574502341838,0.0124433017497639,0.0760272875451971,0,0,0,1.85151356313209
"TCGA-D8-A143-01A",0.0861926617481781,0.0296052423891749,0.0691372347144247,0.0710110004784184,0,0.10452476263666,0.0126797704007944,0.145714058190544,0,0,0.0327365575017629,0,0.0171441729018805,0.079672691167873,0.147120773911447,0.104933339744921,0.069616871303508,0.0151653984402491,0.0147454644701634,0,0,0,1.79523391498775
"TCGA-D8-A145-01A",0.138435209754642,0,0.0997926408376829,0.124859509550025,0,0.166650585426522,0,0.0651257142582577,0,0,0,0.0236183636078076,0.044514636656742,0.12285908092899,0.0841006371377462,0.0338968020842016,0.00921566222210225,0,0.0869311575352807,0,0,0,1.87796857142336
"TCGA-D8-A146-01A",0.178803010507442,0,0.023632946854033,0.0285785286418524,0,0.174206316962343,0,0.0551925166615169,0.0106635804698532,0,0,0.0797688718012827,0.0464518605441978,0.0759551326830506,0.076313902087973,0.0817703248972019,0.0183234019132979,0.032366354905587,0.117973251070369,0,0,0,1.84740918290095
"TCGA-D8-A147-01A",0.19619846358875,0,0.0430618937552731,0.0425846718409478,0,0.16374606705275,0,0.0966409320958264,0.00471675599118711,0,0,0.0324590140468343,0.0579309578630562,0.11032556955468,0.0691899159457462,0.0673708093606534,0,0.0927442562567678,0.0230306926475279,0,0,0,1.88388507903006
"TCGA-D8-A1J8-01A",0.0365028273593547,0,0,0.12413514333021,0,0.153849933016466,0.014028470203852,0.126526206390148,0,0,0.0202649687686561,0.00878730784454142,0.0256315643985879,0.0738207201432784,0.169458355693967,0.128203738177752,0,0.0886924841590223,0.0295898357588581,0,0,0.000508444755307752,1.96661072064334
"TCGA-D8-A1J9-01A",0.0155256932518736,0,0.0167557046672605,0.0229434217662127,0,0.19428901303836,0,0.0632263950330905,0.00829667479856012,0,0,0.0755376308987742,0.0154232154478158,0.0713257347650999,0.0973876471383207,0.218753875093414,0,0.0404485814357257,0.155318267395362,0,0.00476814527013027,0,1.90044083930958
"TCGA-D8-A1JA-01A",0.0178658909109847,0,0.0423743715476739,0.0320940919384316,0,0.200157527611551,0.0400909949551954,0.0366278978777891,0,0,0.0733747153989448,0,0.0386846288110714,0,0.13218580011097,0.148937938903156,0,0.145393401103611,0,0.0468005745070865,0.013119978182741,0.0322921881407931,1.91558052643115
"TCGA-D8-A1JB-01A",0.135175331956434,0,0.0382384609240454,0.111844121006303,0,0.130091366599359,0,0.10576687007277,0,0,0.0241243788215821,0.0461336687930667,0.042256447916539,0.0396807245521536,0.131578548069951,0.0747513723451113,0,0.0303076153548335,0.0900510935878509,0,0,0,1.84609548221142
"TCGA-D8-A1JC-01A",0.0227660797585487,0,0.0632517876079089,0.0103784445368152,0,0.207656678487945,0,0.0907690813614451,0,0,0,0.0870639208478552,0.0243547664023177,0.10334991497681,0.121954380887312,0.0866196323452392,0,0.0656238213758971,0.116211491411906,0,0,0,1.89615374534973
"TCGA-D8-A1JD-01A",0.0394351633404829,0,0.0631103570090598,0.0113514151286753,0,0.178223030745864,0,0.0785904540707217,0.0476963298609354,0,0.0041238693010343,0.00446407192937803,0.0109698094531893,0.0258825470135043,0.0791533244983173,0.187264502843644,0.0368807684285573,0.0543680535831681,0.136642543393608,0,0,0.0418437593998608,1.85682544238698
"TCGA-D8-A1JE-01A",0,0.00809600901434844,0,0,0,0.280360378374341,0,0.0222710885329472,0.0409466350469516,0,0.0345155599855601,0.0380538052199748,0.0183562968040834,0.00448158621223792,0.107045085366026,0.251464205344399,0,0.0539203688604474,0.108722955954619,0,0,0.0317660252840633,1.95889343289675
"TCGA-D8-A1JF-01A",0.186154504781796,0,0.136605249059456,0.0566145064411508,0,0.0711810714848222,0,0.0599613829081286,0.00924339716124424,0,0,0.0455210798478755,0.0232542208170715,0.0930196845859956,0.075671206576579,0.105095442441566,0,0.0427445730986079,0.094933680795707,0,0,0,1.78661184076374
"TCGA-D8-A1JG-01B",0.164981993651403,0,0.160384695518009,0.0108194256527973,0,0.191597807323123,0.0601847953579661,0.0165856020646836,0.0129666474904739,0,0.00162742196261041,0,0.0154483072030335,0.0643836585103695,0.113662344270886,0.0845629537183651,0.0210916254305201,0.0374486147774271,0.0442541070683317,0,0,0,1.89938514270099
"TCGA-D8-A1JH-01A",0.183963120212056,0,0.0594337341453369,0.00799138385759919,0,0.189681175072994,0.00116896959719976,0.0456633702543842,0.0329550454835843,0,0,0,0.0550071954356515,0.0122274262133916,0.053762819960099,0.137004061676455,0.0521763982299924,0.0688075190564045,0.100157780804852,0,0,0,1.88743356833445
"TCGA-D8-A1JI-01A",0.0850144333020894,0,0.0255216748776777,0,0,0.0751976753473614,0,0.122639342555908,0,0,0.044377241236631,0,0.0626424149723673,0,0.107251900085474,0.205182946133309,0.0723708191945262,0.041404610849059,0.0871127358822984,0,0.0505970855840835,0.0206871199792148,1.88516985879025
"TCGA-D8-A1JJ-01A",0,0.019990045787115,0.0268275231043973,0.0587946367460689,0,0.282542939237425,0,0.0615964278359813,0,0,0.0154806003312827,0.0182880280018318,0.0245765421074751,0.100844489945099,0.0875399606576694,0.141816592304076,0.0404752160066799,0.0667061234460561,0.0252359004875502,0,0.00225486073562076,0.0270301132656713,1.83626975407903
"TCGA-D8-A1JK-01A",0.045882421242832,0,0.0607060545237918,0.0542018350368124,0,0.188223593038692,0.0363109653984032,0.0654204040210789,0,0,0.086502339624616,0.0232185276472697,0.0418373781311323,0.0566731961142447,0.146887680569749,0.0869443102205029,0.0485976525999779,0.0456747017052586,0.00828900663277275,0,0,0.00462993349286574,1.9050782004082
"TCGA-D8-A1JL-01A",0.038572904464462,0.0259967775250078,0.0139460640429526,0.0812510066428621,0,0.153687924664805,0.0417351432828945,0.105442816666058,0,0,0.0113014564659577,0.0250548316950617,0.0535393724354468,0.0698749935795471,0.135210805382668,0.119277253045209,0,0.0949926373233707,0.0269552687651075,0,0,0.00316074401858866,1.91184732246211
"TCGA-D8-A1JM-01A",0.0461286046812746,0,0.0251590566175495,0.0990269948538302,0,0.153590840370302,0.00854669483251628,0.109445034736198,0,0,0,0.155815998416107,0.0205592375056814,0.0984799230385884,0.132970659352888,0.0239005627358853,0,0.058350903220654,0.0561765752049881,0,0,0.0118489144335376,1.85823875584873
"TCGA-D8-A1JN-01A",0.0344056189408836,0,0.0552111251581274,0.0858270337800188,0,0.175433478813389,0,0.0751212437442327,0.007740244601052,0,0,0.118961829267112,0.0159886582061913,0,0.134069551692867,0.104436045210973,0,0.0360551713994035,0.15674999918575,0,0,0,1.80707098783057
"TCGA-D8-A1JP-01A",0.0555260725733037,0,0.026619613614228,0.0718810611265082,0,0.28535920845121,0,0,0.0286692359674727,0,0,0.0455737408694417,0.014021503505605,0.0545609391993893,0.10071692396516,0.17621306591631,0.0258654948183666,0.0333478095458671,0.0694751312339739,0,0.00293001745365321,0.00924018175951055,1.87394142778489
"TCGA-D8-A1JS-01A",0,0.0136685480989993,0,0.0608595696377472,0,0.107560251381456,0,0.0621893364083082,0,0,0,0.095322093581883,0.024638878141237,0.0418569832347353,0.0350639843707895,0.381135067806495,0.0222234993782359,0.0640194559332006,0.0656271121167161,0,0,0.0258352199101972,1.85401121825679
"TCGA-D8-A1JT-01A",0.000749925609141003,0,0,0,0,0.096436092907677,0,0.110310486223161,0,0.0103469250827828,0,0.0128145653353737,0.034292852016261,0.215887800960852,0.165234215866513,0.195328933569344,0,0.0998644122309836,0.0353416728846288,0,0,0.0233921173132823,1.8866519950755
"TCGA-D8-A1JU-01A",0.0883852028059556,0,0.0431413606994791,0.0662086640847542,0,0.195873119695823,0.0105868314527151,0.0329737375442966,0,0,0,0.0527308000492071,0.0579510816730519,0.0320744672438133,0.0711528894140925,0.184701026064679,0,0.0218858436614918,0.14233497561064,0,0,0,1.89577891516738
"TCGA-D8-A1X5-01A",0.0126571262574623,0,0.0873288386594234,0.0401532274177284,0,0.21655471599187,0,0.0481379449233002,0,0,0,0.0230615965860879,0.0208875912251492,0.0568226868894855,0.126661941167941,0.221158712022785,0,0.0168404672205045,0.088069151091108,0,0,0.0416660005471546,1.92662416163311
"TCGA-D8-A1X6-01A",0,0.0217480978269295,0,0.0382330462360677,0,0.238995030488549,0,0.0671052717263939,0,0,0.00371529381916811,0.0165307780222604,0.0926516594547754,0.020574476888602,0.0971518300554547,0.306459107878854,0,0.0350864819459396,0.0354513504882908,0,0.00805575480087862,0.0182418203678363,1.89717730265587
"TCGA-D8-A1X7-01A",0.125393856749169,0,0.00761572972697243,0,0,0.200740195242925,0,0.127311637997034,0,0,0.0348466028267245,0,0.0102663290469105,0.0995892216948446,0.0977170872113255,0.198699496838946,0,0,0.0666959681788941,0,0,0.031123874486253,1.83744776230881
"TCGA-D8-A1X8-01A",0.0684756203953114,0,0.0757263569347863,0.0244127273365779,0,0.242997321537468,0,0.0517964027921452,0,0,0,0.0376625128349702,0.0870284249569875,0,0.0794361833038392,0.15520177783567,0.0107218163883503,0.0464197626511078,0.101555794630194,0,0.0185652984025925,0,1.91598105407231
"TCGA-D8-A1X9-01A",0.0546239447076709,0,0.0142006437692971,0.0415862470505401,0,0.260698621061802,0,0.0618964115066172,0,0,0,0.0663060476880781,0.0183323650351498,0.0644211151440041,0.104566619972859,0.143055390123965,0,0.0640577899422301,0.0871901346769039,0,0,0.019064669320883,1.85860040191637
"TCGA-D8-A1XA-01A",0,0.0662190559950027,0.0188122554281343,0.0302554628170068,0,0.142531658037031,0,0.0408653846998456,0.0267484935203491,0,0.0167547042386639,0.00428641998695283,0.0452452757666505,0.104522128749519,0.119705897272728,0.185837892027827,0,0,0.164401450685165,0,0,0.0338139207751255,1.87304044467546
"TCGA-D8-A1XB-01A",0.110900106681617,0,0.0866580440693435,0.0264173756128458,0,0.196654195696745,0,0.066993260039332,0,0,0,0.0437542467163263,0.0217504046096491,0.0613524649006321,0.0546627061506398,0.0982198102622905,0.0229380559261059,0.0233566890234802,0.186342640310993,0,0,0,1.82894362968175
"TCGA-D8-A1XC-01A",0,0,0,0,0,0.123312488886085,0,0.0402232296798739,0.056686563806198,0,0.112580702900497,0.0747724275052999,0.0414115392289826,0.0486105347042519,0.0724051400090165,0.290365096586307,0,0.000210991231642249,0.103377751471168,0,0.036043533990678,0,1.95776480094886
"TCGA-D8-A1XF-01A",0.0726361345655174,0,0.0914095194396682,0.0671656889862103,0,0.165824370663686,0,0.0525631454371376,0.00929149039271599,0,0.0476945395046727,0.0212206826646703,0.0122129083065447,0.0771336452364667,0.149706732445916,0.143574387150216,0,0.00433092596462012,0.085235829241958,0,0,0,1.89697251100929
"TCGA-D8-A1XG-01A",0,0.00565904140641706,0,0,0,0.210520131698218,0,0,0,0,0.0589070493038335,0.0889115326535624,0.0303366445667584,0.0360152586705867,0.0989131640193999,0.196735530081945,0.0854943960563346,0.0254449184756617,0.14716323660779,0,0,0.015899096459493,1.99972643025236
"TCGA-D8-A1XJ-01A",0,0.00524223544968186,0.00647706362916445,0.0366546957619241,0,0.233928467662059,0,0.0653000251576303,0.00297340954969709,0,0.0569962255532056,0.0373404433435542,0.0300792714048388,0.140875281117266,0.0891639549601244,0.169787167813144,0,0.0533072786728412,0.0527467263003413,0,0,0.0191277536245285,1.82175657203058
"TCGA-D8-A1XK-01A",0.0725726329593074,0,0.0548500035240789,0.0231236444171347,0,0.210230901945563,0.0451894988037773,0.0931410941487827,0,0,0.0210057865862097,0.0224141965458467,0.0396286631772344,0.13254058822223,0.0906398616546961,0.10411482194296,0.0249780041586723,0.0557183238384119,0.00307733399617839,0,0,0.00677464407891618,1.85446226299169
"TCGA-D8-A1XL-01A",0.110389979673942,0,0.0501124219019456,0.102814622623047,0,0.127540813686459,0.0321960509834707,0.122254770143885,0.00375316961133097,0,0.0063782928557016,0.0284489997367248,0.062436972055002,0.0150661392720881,0.133904106448863,0.114564053645291,0.000786317953287042,0.0687408253150324,0.0199140824783865,0,0.000698381615541957,0,1.78301865999554
"TCGA-D8-A1XM-01A",0.0908593130558309,0,0.0130187696085471,0.077428087562184,0,0.227669534805687,0,0,0.0512247100282099,0,0.00570437199628617,0.016885870289575,0.0664721672301422,0.0297997176963007,0.0875255690212207,0.131183413407395,0.0210162866088837,0.0656087340080874,0.113382659913545,0,0,0.00222079476810458,1.81199930887478
"TCGA-D8-A1XO-01A",0.101561130872154,0,0.0308654999356434,0.0717773543690278,0,0.218262692070705,0,0.0900790957358846,0,0,0.0494631299422852,0,0.0313947917548009,0,0.0519052199166821,0.158135525363835,0.0434335469110832,0.0535072033605776,0.0744879435384937,0,0.00483586185760249,0.0202910043712261,1.98340781364577
"TCGA-D8-A1XQ-01A",0.0298582262170775,0.0382599589102748,0.0550687741051226,0.115079058863933,0,0.233170370514651,0.0345932963006052,0.0230367838811202,0,0,0,0.0101935132446976,0.067147197677577,0.0938630459300962,0.127794308636642,0.0924792746108831,0,0.0434938898696367,0.0199154347443686,0,0,0.0160468664933143,1.92384997920019
"TCGA-D8-A1XR-01A",0.0121461660072229,0,0,0,0,0.206332439784485,0,0.00610044712611683,0.0273016840925343,0,0.0626604670142375,0.0462541953710053,0.0394955459814808,0.176009589381809,0.0994482664016269,0.192344275461143,0.0181765128994925,0.0698726846861499,0.00988830590818253,0.0297750650194804,0.00419435486503304,0,1.905711256818
"TCGA-D8-A1XS-01A",0.0449664644803389,0,0.0175586869644001,0.0264640084043947,0,0.246097674682718,0.016221728496912,0.0540722250252802,0.0124502713988629,0,0.0616015752007909,0,0.0255354771578031,0.0811090505387804,0.134520972857818,0.118223210335678,0.0148996238893637,0.0140804592689386,0.118798895252427,0,0.0133996760454935,0,1.82236044718472
"TCGA-D8-A1XT-01A",0.0420205851328378,0,0.00147148096940743,0,0,0.227732844951297,0,0.0925944800271735,0,0,0.00115995586345725,0.0581074131545668,0.045696999026649,0.131974164882677,0.153650180199251,0.130252048082708,0,0.0647216865302403,0.0421573281561453,0,0,0.00846083302358974,1.86581289906305
"TCGA-D8-A1XU-01A",0.0145310835127418,0,0.0350062524436968,0.0212216781080922,0,0.225099751647526,0,0,0.0588522199609361,0,0.0167226146809305,0,0.023169615903417,0,0.127572934722276,0.206247534202208,0.0356555458867906,0.0546351685901491,0.133769120052102,0,0.0137133770327599,0.0338031032563732,1.83967149440922
"TCGA-D8-A1XV-01A",0,0.0050959474047905,0,0.0390062636885477,0,0.184764723176896,0.0153587397037886,0.00935019079238598,0.00454760038335813,0,0.0472250636323674,0.0392896606137856,0.0354417188459711,0.0654220590741661,0.0583971718882994,0.217927910833596,0.0123001726143537,0.0312825810512725,0.122140327883645,0,0.112449868412776,0,1.78212851466656
"TCGA-D8-A1XW-01A",0.0914115327085973,0,0.0474454486840361,0.00823970572025595,0,0.213317366715719,0,0.0700913431584352,0,0,0.0113614373943591,0.0712976063696398,0.0606516885071607,0.034356440200493,0.115062954822175,0.167638718621559,0.000130479147182119,0.0572616885515357,0.0517335893988518,0,0,0,1.99895514739546
"TCGA-D8-A1XY-01A",0.000280020777762395,0,0.0168713280913627,0,0,0.12899919491631,0,0.0972863923576745,0,0,0,0.0788458501354435,0.0227877267374689,0.117567595767346,0.0673085019552249,0.213333199191146,0,0.0873685284944677,0.169351661575793,0,0,0,1.8768470117749
"TCGA-D8-A1XZ-01A",0.125912802693387,0,0.0462347850262375,0.0358133535009923,0,0.249129927107803,0,0.0350319613184394,0.0484430701472928,0,0,0.0413287353352762,0.0191656628191773,0.0853612072346385,0.100013924046775,0.0985236381828219,0,0.0453543164819479,0.0538868439765275,0,0.010600134861129,0.00519963726755487,1.83307896641423
"TCGA-D8-A1Y0-01A",0.124647720641523,0,0.0170773132619191,0.0853419502187631,0,0.117153342472789,0,0.105014092547538,0,0,0,0.0474691837757236,0.0735145496439983,0,0.106563201793572,0.103788410081526,0.0172035873071363,0.0647153515805727,0.107583823253643,0,0.0299274734212959,0,1.87045215605701
"TCGA-D8-A1Y1-01A",0,0,0,0.0504356149593849,0,0.246764584461359,0,0.0445881521624048,0,0,0,0.0662962573733306,0.0525968515782717,0.0653448024666825,0.0775161733803535,0.251231881369449,0,0.0418739479498466,0.0595348401863996,0,0,0.0438168941125182,1.83736990591696
"TCGA-D8-A1Y2-01A",0.0568606587358014,0.0301398982178995,0,0.0576569204538579,0,0.204305816439652,0,0.0628848230909685,0.0167958340282168,0,0.0488286465503719,0.027417663920661,0.0560149367424603,0.146833497031696,0.113566385590186,0.107180458392508,0,0.0150519789777542,0.0413247785935913,0,0,0.0151377032343743,1.83470590863128
"TCGA-D8-A1Y3-01A",0.0755116483966091,0,0,0.0333253744835305,0,0.116812170432837,0,0.069669518085753,0,0,0,0.0730854555493117,0.0390545130711486,0.0964453158381358,0.121974803789591,0.193703669626096,0,0.0343627653456656,0.119864768031784,0,0.00661730092320278,0.019572696426336,1.74919530117079
"TCGA-D8-A27E-01A",0,0.0184723214803206,0,0.0299539701860336,0,0.192097373613006,0,0.154440645073335,0.0143199715891106,0,0.0446730894226001,0,0.0516416141509225,0,0.106118965185168,0.20772270720134,0.0131865814237055,0.0540350530193264,0.07871100551743,0,0.0184768842124506,0.0161498179252511,1.89824469385566
"TCGA-D8-A27F-01A",0.152484802536935,0,0.0987399818936379,0.0197453731955768,0,0.196375669138943,0,0.0230001395282152,0,0,0,0.0659793695654194,0.0292154622976914,0.122515657517326,0.0773092816326386,0.129677814266261,0.000690414920700569,0.0581445566337372,0,0.0250530028846571,0.00106847398826101,0,1.8597971326714
"TCGA-D8-A27G-01A",0.0742565560785582,0.00574574252835238,0.0193059974656511,0.0885013119384307,0,0.160657420856979,0.0233351333449775,0.0711381527014279,0.0073084745973234,0,0.00549282516962524,0.0258013630494136,0.0633254552548475,0.0517502727554174,0.132681336028574,0.127201111356973,0,0.0324472580207043,0.111051588852745,0,0,0,1.81502641146253
"TCGA-D8-A27H-01A",0.121963361861131,0,0.0609807418866471,0,0,0.112963217797265,0,0.0831541125612575,0.0245375174373301,0,0,0.114709567680806,0.0476759052589106,0.124518536900504,0.107810751016604,0.106016456001177,0.00918239852099401,0.0170067471094799,0.0694806859678941,0,0,0,1.8791909020683
"TCGA-D8-A27I-01A",0.0632780146136874,0.0228340426465081,0.0530871163169245,0.0370413244607074,0,0.208787887029755,0,0.0636298333590345,0,0,0.0218235238627791,0.0210239349690852,0.0579419764741381,0.0300461275453495,0.0926437789622701,0.109040823480916,0.0341701599379598,0.0585148147026944,0.12316295343751,0,0.00297368820068078,0,1.8275921698303
"TCGA-D8-A27K-01A",0.183597921717959,0,0.0458708913003417,0.0555562833701969,0,0.0927610979949224,0,0.115603408917106,0.0282486991826734,0,0.0134889609055108,0.0530114517918443,0.0357639985247554,0.0331682487973616,0.108235030482207,0.0961427885537958,0,0.0623042046529471,0.0762470138083797,0,0,0,1.89453846758567
"TCGA-D8-A27L-01A",0.158312728299026,0,0.0578174187865941,0.0127949817066593,0,0.206661070132174,0,0.0545151836363399,0.0154621768638896,0,0.0190409959011874,0.0449213743613549,0.0568198994979051,0.0423535107142274,0.0627352825551246,0.079217423412828,0.0216669195018902,0.0535073409274106,0.114173693703389,0,0,0,1.85078763320302
"TCGA-D8-A27M-01A",0.0971554790470581,0.0406975461201589,0.0349302392902584,0.051340768717156,0,0.150306594920011,0.00169231814728513,0.105455615628556,0,0,0.0165727393817076,0.0440481165729452,0.0306341662920883,0.0707789313206932,0.14262480390499,0.0942555955252159,0,0.0559855925234828,0.0635214926083933,0,0,0,1.89220533954785
"TCGA-D8-A27N-01A",0.12547012340677,0,0.0778333541305057,0.0343099461297638,0,0.281356673247781,0,0.0254111554642095,0.00190456729893754,0,0,0.0101893387503159,0.00578560779611919,0.115060016316914,0.0743889420092853,0.131550787668624,0,0.0317654380778893,0.0667575329586168,0,0,0.0182165167442687,1.83253141975536
"TCGA-D8-A27P-01A",0.0272254128478934,0,0.0722899790636146,0,0,0.17689691083474,0,0.0568890005441786,0,0,0,0.0454958332575994,0.00944804057040878,0.220105564974613,0.0756634566870612,0.126952509226743,0.00398911020847546,0.0353700331969752,0.137872495563091,0,0.0118016530246062,0,1.97919257550292
"TCGA-D8-A27R-01A",0.0664218309239621,0,0.0619615036919659,0.0621778533866933,0,0.14665262548973,0,0.071994816412867,0,0,0,0.0957496672090538,0.0582571368871555,0.0587958497872245,0.106235803392589,0.136333394091233,0,0.0297485504733147,0.105670968254211,0,0,0,1.73788395004458
"TCGA-D8-A27T-01A",0.0737569181990001,0.0184140993539355,0.0452034420471656,0.101484491177775,0,0.264087205479628,0,0.0128905848333118,0,0,0,0.03497759772006,0.044175390772772,0.0706003988925389,0.0854798660554871,0.0675003370437324,0.00951612911182204,0.109664549395469,0.0622489899173017,0,0,0,1.83846959357604
"TCGA-D8-A27V-01A",0.152014072132224,0,0.0123798363055504,0.0166367332370594,0,0.245345877274238,0,0.0260081449111219,0,0,0,0.124100784081561,0.0454986280742543,0.0114994457420011,0.108501511180366,0.0890411181762934,0.0115912288466008,0.0177018913202851,0.126869007427732,0,0.0128117212907124,0,1.90659449112722
"TCGA-D8-A27W-01A",0.0892910949815589,0,0.155891231709719,0.0650463715073136,0,0.152624923603403,0,0,0.0280923553359811,0,0,0.0654106699740801,0.0211773704890757,0.101178781912417,0.084750765444466,0.121037068880059,0,0.0145538950429823,0.100945471118943,0,0,0,1.81752608172954
"TCGA-D8-A3Z6-01A",0.04461564683608,0,0.127651645347167,0.0328535739558182,0,0.242372838747395,0,0.037853791738172,0.0516929780174046,0,0,0,0.015084905036045,0.0804240932204471,0.0792223944085178,0.112640866824903,0,0.0390645606037357,0.136522705264314,0,0,0,1.89195050508831
"TCGA-D8-A4Z1-01A",0.106529919937293,0,0.0930468914828739,0.0239714489005863,0,0.287714580587055,0,0.0705009287678249,0,0,0,0.0617232510842342,0.043896659672575,0.0253980879994579,0.0820722620796871,0.0611821215804542,0,0.0290890023833166,0.114874845524643,0,0,0,1.90547570015195
"TCGA-D8-A73U-01A",0.065947074443242,0.0103042083970344,0.0885789628752354,0.112171826742031,0,0.109090497883592,0.0102225555753016,0.0727835920863521,0,0,0,0.0780022377528911,0.0454657618822649,0.102739814162506,0.102074386972081,0.0949615923416093,0,0.0289126149079336,0.0787448739779264,0,0,0,1.93746194972663
"TCGA-D8-A73W-01A",0.102750728894149,0,0.026477418073699,0.0208654685923575,0,0.184711148711554,0,0.0825362868384092,0,0,0,0.0596192060885295,0.0470536122895751,0.117162371413246,0.0986825106650077,0.131813860015521,0,0.0305404694507971,0.089045316640055,0,0,0.00874160232710013,1.96339666498056
"TCGA-D8-A73X-01A",0.114884820345007,0,0.0921822081534356,0.0448025813408511,0,0.112680987131675,0,0.0614954074088846,0.0217131137133208,0,0,0.064801243086571,0.0150039946813327,0.104957136648739,0.0615075180334474,0.128448138205631,0.0208675760242667,0.0168662815746923,0.139788993652145,0,0,0,1.86022292301423
"TCGA-E2-A10A-01A",0.0840985825171903,0,0.0752561776385555,0,0,0.218558609907658,0,0.0422433588074139,0,0,0,0.0390481426002584,0.0324466524752827,0.201082204055428,0.0755367157429738,0.157208867330671,0.00995532035911221,0.0364314726733095,0.0134232012941082,0,0.000432095369614632,0.0142785992284243,1.9536675751223
"TCGA-E2-A10C-01A",0.179325443681156,0,0.0288310266077686,0.0879688934866888,0,0.145193893250645,0,0.0703228887467316,0.00410496520631955,0,0,0.0494397410175089,0.0455345913475081,0.0887103520628219,0.102465755235156,0.0528379178414899,0.015173065756796,0.0254710926737161,0.104620373085694,0,0,0,1.82951664162593
"TCGA-E2-A14N-01A",0.132557787380495,0,0,0.0343325036530773,0,0.217636494001319,0.017187795574576,0.1033642505883,0,0,0.00425178377718895,0,0.0322841710714315,0.100096167958703,0.178470563698859,0.0582536886002783,0,0.106964983608792,0,0,0.0145998100869801,0,1.77366148322369
"TCGA-E2-A14O-01A",0.0843053633813008,0,0.00914210207053573,0,0,0.163049114234985,0,0.0194897765490762,0.0565272005262674,0,0,0.142589104652909,0.0526728513592945,0.181211343871798,0.0700009800304019,0.0351132610585142,0.0318306411597187,0.0366065581050505,0.117461703000148,0,0,0,1.73579850197303
"TCGA-E2-A14P-01A",0.132172922706589,0,0.0331096871834477,0.0901353240993826,0,0.144729874934301,0,0.123246865125036,0,0,0,0.0711243656490246,0.0481041776296157,0.113765875986217,0.130889456085092,0.0169811068046179,0.008150766924414,0.0210016338866118,0.0665879429856504,0,0,0,1.72636271373965
"TCGA-E2-A14Q-01A",0.0931813117741767,0,0.0381596410921127,0.101371620392517,0,0.177641961625075,0,0.0554290474568038,0,0,0,0.0660286724726314,0.0660866310119071,0.0578946871164712,0.112117201802652,0.0615296705048934,0,0.0631447946617331,0.107414760089026,0,0,0,1.88029137667736
"TCGA-E2-A14R-01A",0.0432819741163351,0.0320085669191377,0.0935280984091319,0.0597225513003899,0,0.0966062476449379,0.0294999263021673,0.147490716389149,0,0,0,0.0629864266113615,0.0571135572439527,0.103810113057959,0.13735037098538,0.0667623187448842,0.00240082346536738,0.0529520702689714,0.0133190870259041,0,0.00116715151497109,0,1.86704345236868
"TCGA-E2-A14T-01A",0.111548223393739,0,0.0219328526838896,0.0397237894078276,0,0.175274942584259,0,0.101567132522991,0,0,0.0212187033265962,0.00670577412884259,0.0935071502582341,0.18066146514133,0.0669904628267995,0.091187053741983,0.0335675667237365,0,0.0561148832597724,0,0,0,1.85440014460522
"TCGA-E2-A14V-01A",0.0782335318760395,0,0,0.0340795421024036,0,0.132027249980596,0,0.0562597818924008,0,0,0,0.0860935679711836,0.0255948748672222,0.132934536678927,0.116472309077775,0.0244060496699769,0.0461300242358473,0.0516853990132926,0.214356848556485,0,0.00172628407785035,0,1.75725528964965
"TCGA-E2-A14W-01A",0.0610689444319935,0,0,0.0106919259289112,0,0.149423547631398,0,0.0894675729827511,0,0,0,0.0541691491941716,0.0158710802179155,0.18974440264821,0.110504553579226,0.266446944461118,0,0.0185703620749617,0.0136514480405587,0,0.0203900688087848,0,1.72260266452606
"TCGA-E2-A14X-01A",0.120099881437461,0.0751300162585546,0.044136405913871,0.0552205309229073,0,0.112819897672642,0.0420499068013387,0.140241440431679,0,0,0.0235376966538322,0,0.0355537109404463,0.0683795890698064,0.133675633287468,0.096588319552448,0,0.0438703933591639,0.00869657769838213,0,0,0,1.82599660716982
"TCGA-E2-A14Y-01A",0.0197420860610547,0,0.050607051034718,0,0,0.16292974334703,0,0.163064475501522,0,0,0,0.0496347464281402,0.0176555107077557,0.133733592600191,0.1882570147277,0.0502916634509588,0.000598528367488413,0.10698679067373,0.0174670411800325,0,0,0.0390317559196788,1.84620062069804
"TCGA-E2-A14Z-01A",0.105719921758557,0,0.0116852200818356,0.0949944457468898,0,0.13450464496685,0.00902889579505279,0.0768140794646798,0.0119915803803903,0,0.0262974234492114,0.0210817946332741,0.0805293593217734,0.0432060259889483,0.128415746545121,0.0992850712193154,0.00774390635943312,0.0540424244433777,0.0946594598452897,0,0,0,1.7622347257098
"TCGA-E2-A150-01A",0.013669948312356,0.0638744902757051,0,0,0,0.206943928858982,0,0.130971807220812,0,0,0.0750277701639437,0.00714996169691129,0.0461358753756921,0.114646461445804,0.174455924353092,0.0553563616338583,0.0656056678996495,0.0461618027631932,0,0,0,0,1.92051747562141
"TCGA-E2-A152-01A",0.0469629074996136,0,0.0783879186565262,0,0,0.223170394035576,0,0.0189479576007018,0.0281834439013427,0,0.0282850665342231,0.018653708529288,0.010928942163178,0.10867186988284,0.0805432700901391,0.201119644551462,0,0.0362209744490187,0.113388974407927,0,0,0.00653492769816465,1.92936399769995
"TCGA-E2-A153-01A",0,0,0,0.00933048617609281,0,0.233014852443773,0,0.00430891367449017,0.00675614426791966,0,0,0.109165687115048,0.0426892393979368,0.100824039141285,0.0321615868797472,0.19269189333412,0,0.128698254211871,0.134425994113037,0,0,0.00593290924467829,1.83684510867742
"TCGA-E2-A154-01A",0.0133257666191084,0,0,0.000802121682852002,0,0.12337546016495,0,0.00523953111454548,0.0168314496566874,0,0.071503847692636,0.0279652553174968,0.0257106544831845,0.132547495792606,0,0.34334662169249,0,0.122198473514733,0.117153322268711,0,0,0,1.8707300037682
"TCGA-E2-A155-01A",0.110835955032432,0,0.0460145481608856,0.0700716735136458,0,0.176941017917299,0,0.0449709367985853,0,0,0,0.0289020552506972,0.0318819407193963,0.0850610497119534,0.124877011000328,0.143703202862774,0,0,0.136740609032003,0,0,0,1.79766566222683
"TCGA-E2-A156-01A",0,0.00323994835873451,0.0202735021329067,0.00477781416330507,0,0.108666803061814,0,0.0554259511033106,0,0,0,0.169941916408514,0.0484263178575067,0.0720018639798655,0,0.196435248079459,0.0287702399316044,0.127317856464255,0.157500737270109,0,0.00722180118861661,0,1.94867071684337
"TCGA-E2-A158-01A",0.0629286745062983,0,0.0521239430972141,0.0597392622414306,0,0.0692217235895084,0,0.187590707287121,0,0,0.048092720307826,0.0370264769424779,0.0691085835971878,0.0850329645489207,0.169973653210477,0.0712247292754306,0.00673174977479265,0.0315684660595672,0.0444589344358474,0,0.0051774111258998,0,1.83020004526726
"TCGA-E2-A159-01A",0.136881975857763,0,0.0425014759776009,0.0879201249965529,0,0.111604018779028,0.0144650554148398,0.0653817949120392,0,0,0,0.106193693615482,0.0234548693615161,0.0676465742001458,0.128583703928702,0.0920684220468864,0.0393177244788025,0.0420260888363475,0.0419544775942943,0,0,0,1.84444466786834
"TCGA-E2-A15A-01A",0.0404253645540606,0,0.0604932092528682,0.0830773196105237,0,0.0914994058476299,0,0.11898559026549,0.00751212853995172,0,0,0.0887754999198652,0.0256161322088101,0.0456684873163522,0.138184459241319,0.132140948613509,0.0139198562261424,0.0517336754762651,0.0956532363465429,0,0,0.00631468658067011,1.8160175735393
"TCGA-E2-A15C-01A",0.180050299459783,0,0.0516152892051042,0.0639041982413377,0,0.160637506806525,0,0.129559202044258,0,0,0.0141906611071559,0.0071650049098902,0.0192410309726265,0.0344878230329178,0.107798085267724,0.113387478892771,0,0.0405938214074919,0.0773695986524155,0,0,0,1.88524499455639
"TCGA-E2-A15D-01A",0.101281853641429,0,0.0143344083973538,0.0684828075328077,0,0.226641843485463,0,0.115022829827229,0,0,0,0.0343762035929746,0.0711728568393372,0.0721690368147959,0.0830743677755102,0.102771166092829,0.0175206298937105,0.0439996315580384,0.0415432313854953,0,0.0076091331630268,0,1.86566757889276
"TCGA-E2-A15E-01A",0.1188111509512,0,0.0646219639066344,0.0502162061308002,0,0.253166515085454,0,0.0284533525549054,0,0,0,0.0680942576298456,0.0619781079274312,0.0596315531927278,0.0685752224354078,0.0637856067375931,0.0328941121486996,0.0358745869742592,0.0938973643250409,0,0,0,1.81954360980152
"TCGA-E2-A15G-01A",0.0317138214569996,0.0187755984607609,0.000430045757205272,0.0579953472686141,0,0.184082400782497,0,0.139916954232796,0,0,0.105461975851431,0.0117391789753775,0.0478795028851332,0,0.0340575743391829,0.24230995710222,0,0.0261126495307995,0.0812643372638955,0,0.0182606560930873,0,1.95196281350045
"TCGA-E2-A15H-01A",0.153117096317739,0,0.125832241626042,0.134147597093684,0,0.0939283464093011,0,0.0437586200753404,0.0276101311062443,0,0,0.0532888829477454,0.0284088234207939,0.0716189533023158,0.0889000679233746,0.0831270962382491,0.0172203296904268,0.0118980985191832,0.0671437153295602,0,0,0,1.79189002163581
"TCGA-E2-A15I-01A",0.159365093391228,0,0.023304562766166,0.089154557090061,0,0.156306291564188,0,0.100320940028175,0,0,0,0.0666572954706165,0.0302496546310946,0.051488879174328,0.0914925161847158,0.0935512757872524,0,0.0516711096209413,0.0864378242912336,0,0,0,1.9003428609242
"TCGA-E2-A15J-01A",0.0140817447523414,0,0,0.0828997856551814,0,0.121789653932392,0,0.0955007081382079,0,0,0,0.128811246900632,0.0206897054722506,0.110006404665442,0.0457739927641216,0.147522771374523,0,0.149050343946947,0.0797321579011973,0,0,0.00414148449676364,1.88637981658735
"TCGA-E2-A15K-01A",0.190620757464395,0,0.00979246172804065,0.102293995105175,0,0.12215891445048,0,0.0922027760742617,0.0169231330150548,0,0.0405210694718545,0,0.0609759217758474,0.0494918633303398,0.0951161915144372,0.0986235883941705,0.0127918070009827,0.0415149085539292,0.0669726121210324,0,0,0,1.81408460734564
"TCGA-E2-A15L-01A",0,0,0.104967539781805,0.0620257962215341,0,0.160546784437787,0,0.0371572122069814,0,0,0.0346640467046478,0.0124583673628901,0.0193325764895689,0.13028378235196,0.0337860502661351,0.181328758577103,0.0057126013924452,0.0431747537879804,0.140121276931081,0,0.0328629315676297,0.00157752192045107,1.94304693033336
"TCGA-E2-A15M-01A",0.113294034564359,0,0.00214630735287575,0.0812056234834153,0,0.188972527465651,0.0192564505443128,0.058111883909173,0,0,0.0063074166273202,0.0385268658164076,0.0716501378395127,0.0412063527722758,0.120566027583093,0.0969966577476378,0.0269306119458478,0.0516374420016968,0.0831916603464215,0,0,0,1.85585305038469
"TCGA-E2-A15O-01A",0.134219021634362,0,0.0122807793162549,0.0393947022625473,0,0.112529044517102,0.000492004408043687,0.098712193017868,0.0076623548019995,0,0.00230700417529451,0.0544475125867565,0.0417153029747052,0.105958017284426,0.0898021114447452,0.100079301589393,0.0295374907109943,0.0317500829281916,0.139113076347317,0,0,0,1.804781784844
"TCGA-E2-A15P-01A",0.131719831463502,0,0.0916770910979726,0,0.0127540919058949,0.104407040144187,0,0.0189264563747704,0,0,0,0.0407451978705961,0.0362447283426402,0.0708798415432809,0.0734072433141196,0.15024870342354,0,0.0866395879979765,0.182350186521519,0,0,0,1.9225191786982
"TCGA-E2-A15R-01A",0.100653092739197,0,0.0328505965290814,0.133434446215846,0,0.202924191124428,0,0.0319481474540829,0,0,0,0.0825199114362504,0.0423662396110798,0,0.0626807028752339,0.178628536828941,0,0.0203098918934076,0.111684243292452,0,0,0,1.91639028676823
"TCGA-E2-A15S-01A",0,0,0.0772903619862609,0.077993608066735,0,0.184523544677622,0,0.0229191850423367,0.0244609967775303,0,0,0.186390209071489,0.0133063502802325,0.120428975445553,0.0554542597031783,0.104404635433608,0.00904364790246703,0,0.123784225612988,0,0,0,1.77640168906392
"TCGA-E2-A15T-01A",0.057313497831518,0.020423131447256,0.0319537841275779,0.0329892197487979,0,0.269966559936826,0,0.101109535149857,0,0,0,0.0212941449210336,0.0313649444318057,0.170263777627364,0.0512045396007965,0.13289538951593,0.000772929274454217,0.0309849313074492,0.0474636150793338,0,0,0,1.81828543747609
"TCGA-E2-A1AZ-01A",0.147137316729726,0,0.0578248281867407,0.0275903594185725,0,0.149328196616174,0.00324476903314196,0.122122863391349,0,0,0.00689861076670984,0.0548632060870822,0.0588165935424214,0.0661480328033931,0.126208236678762,0.0787310606515068,0,0.05892914397768,0.0421567821167408,0,0,0,1.85282242150873
"TCGA-E2-A1B0-01A",0.108266875538677,0,0.0157472790041679,0.0652623175533124,0,0.167067353763328,0.0281705004258931,0.113095011254667,0,0,0.0178479074245125,0.00567891312564254,0.0297090941673846,0.105614407612253,0.103466567844332,0.0917004462080266,0,0.0860127898085746,0.062360536269229,0,0,0,1.88038705740855
"TCGA-E2-A1B1-01A",0.13747317450701,0,0.0237439945685594,0,0,0.217998922812899,0.0117613174516821,0.0886882535771078,0,0,0.00444086770973683,0.0109187749234661,0.051372698119275,0.0567713732868449,0.140202658464351,0.085455602083938,0.0154863132796974,0.0735230570860891,0.0821629921293432,0,0,0,1.83829813163641
"TCGA-E2-A1B4-01A",0.0386559285023861,0,0.015309626690152,0.0375079689224365,0,0.198586646972546,0,0.11691154285507,0.0590392579739024,0,0,0.0365063668615427,0.00458560429116723,0.0886865402227875,0.0792558209715629,0.101403965049761,0.0218163077084179,0.0138309177984236,0.186850563562086,0,0.00105294161775779,0,1.92539302147263
"TCGA-E2-A1B5-01A",0.153530153581375,0,0.0166885809036959,0.0629250919675591,0,0.110635787738507,0.000751487313800796,0.102446394722759,0.00104467983295733,0,0,0.11175875349903,0.0237447542118626,0.0520425629195953,0.134081938572922,0.0672862053574247,0.00329056668993403,0.039309212665643,0.112007143123632,0,0.0084566868993022,0,1.80879974257356
"TCGA-E2-A1B6-01A",0.215451755361839,0,0,0.086558718159582,0,0.0768417188024167,0.0182293284118645,0.0754890448080109,0.0543439745452245,0,0.0168593405849225,0.0569726224712365,0.0351392422992257,0.0785163802770927,0.134198322951127,0.0528129652030681,0.000388888971130729,0.0633872442300834,0.0348104529231758,0,0,0,1.86726978941097
"TCGA-E2-A1BC-01A",0.140784800115426,0,0.00753132014375461,0.0540014549158386,0,0.27133172441351,0,0.0457818087648616,0,0,0,0.0915210495937386,0.0259931762640257,0.0540449789332823,0.114982479050953,0.0615402804032089,0.0432426366870763,0,0.067631806551422,0,0.0216124841629011,0,1.87161011837645
"TCGA-E2-A1BD-01A",0.0707304136813206,0,0.0313586320478568,0.0398120767054023,0,0.127481971181992,0,0.040511451435419,0,0,0,0.0848395993282741,0.007719708906134,0.0669442029015508,0.090029795303003,0.197732560933791,0.0138153607916982,0.049617473965995,0.179406752817563,0,0,0,1.83578539951864
"TCGA-E2-A1IE-01A",0.038749866620154,0,0.123902530066225,0,0,0.228686860279314,0,0,0.0168179154201418,0,0,0.0988565939502784,0.0120441277072434,0.116188243199767,0.0892874064809921,0.132013740819818,0.0138975439709899,0,0.119290902229233,0,0.010264269255842,0,1.87204862334352
"TCGA-E2-A1IF-01A",0.197332910832395,0,0.0380116085872486,0.0829525118197076,0,0.114739924082803,0,0.0748905760046253,0.0304522411304065,0,0,0.0657303464008925,0.0543957259871304,0.118456451338973,0.088750993630801,0.064031914748921,0.00832045317802072,0.00561362550869895,0.0563207167493766,0,0,0,1.78867702999377
"TCGA-E2-A1IG-01A",0,0,0.0961346670244759,0.0463806661852463,0,0.25144296441627,0,0.0140048851578986,0.0157112349019904,0,0,0.0993639305872447,0.0241869300124778,0.131786099328343,0.103557888005347,0.112716878564096,0.0158473328693643,0.00824986986875447,0.0231998358925601,0,0.0356131409157094,0.021803676270222,1.89132508120859
"TCGA-E2-A1IH-01A",0.0759654789008552,0.0514974363658325,0.0271806146774305,0.0880972415198982,0,0.195724551847559,0.00911650459898635,0.0785397998188665,0,0,0,0.0480469808862799,0.0353456862392499,0.0630494259630603,0.0977178780528088,0.0861466001472829,0.00761771198326393,0.0638398724293917,0.0721142165692347,0,0,0,1.77949908375381
"TCGA-E2-A1II-01A",0.0399491930364742,0.0779766110397997,0,0.146970655869795,0,0.0937936099158194,0.0580502310948739,0.0859913466317772,0,0,0,0.0699882643512844,0.0285292676518041,0.0244328379367166,0.163099945376922,0.118222323340478,0,0.0512837388399939,0.0283525350223761,0,0.0133594398918852,0,1.96029052710421
"TCGA-E2-A1IJ-01A",0.0772853762468015,0,0.0312872945581177,0.0729326279527852,0,0.226989678227623,0,0.0340851160328959,0.0191076541176655,0,0,0.0657477331106046,0.0635242521063901,0.101257401687419,0.116349736214032,0.0224412653830445,0.00922191655422648,0.0312734015615259,0.12849654624687,0,0,0,1.84423234812113
"TCGA-E2-A1IK-01A",0.0669734736587154,0.0602884979276657,0,0.0755763058875807,0,0.069965606705188,0,0.0921278615702906,0.0395809396974494,0,0.00882187486302153,0.0853315698174822,0.0325614863552573,0.0551314727990645,0.135020912630632,0.114691656131697,0.0287815653668062,0.0401960347908429,0.0882769634491337,0,0.00667377834917295,0,1.89986076525121
"TCGA-E2-A1IL-01A",0.143449722523403,0,0.0960608186487735,0.00892414388781513,0,0.135718774226513,0,0.0555486693689854,0,0,0,0.0705149001408839,0.0295371826668682,0.116733054014847,0.090314478479106,0.106125649633685,0,0.046520642112991,0.100551964296129,0,0,0,1.94396420927552
"TCGA-E2-A1IN-01A",0.0483920768492244,0,0.0197213119987981,0.0301068904078413,0,0.193782412863534,0,0.0571416208401241,0,0,0,0.0310432403257447,0.0071134655375184,0.00114900527065358,0.0537607293226835,0.249306144102877,0,0.0271780245868725,0.235822627568117,0,0.0436916794132555,0.00179077091275568,1.82317486186772
"TCGA-E2-A1IO-01A",0.0790334286047866,0.0197879762929373,0.00616290370997398,0.0938115260813459,0,0.254131028036505,0,0.0763192674068718,0,0,0,0.051579589423037,0.0821663873220164,0.095114333920521,0.121264220871684,0.000935268933274562,0.0298685741392162,0,0.0858750127135066,0,0.00395048254432372,0,1.89902585011594
"TCGA-E2-A1IU-01A",0.13598190836534,0.0455685689126796,0.0309385493796913,0.047983769008836,0,0.156100956843397,0,0.109176516022034,0,0,0,0.031217465362531,0.0149454813937068,0.0837206175608691,0.138301548792319,0.0795925745710893,0.000245461258631101,0.0185318986806714,0.107694683848205,0,0,0,1.91586109601231
"TCGA-E2-A1L6-01A",0.117750274330365,0,0.00781084959892534,0,0,0.181894270000365,0,0.159996942523555,0,0,0.066755392657684,0,0.0223270663863905,0.146453021593587,0.083646484940777,0.148383862612586,0,0.0368156924881594,0.0281661428676057,0,0,0,1.92316079880076
"TCGA-E2-A1L7-01A",0.167512938261003,0,0.0272423280249484,0.11705282224369,0,0.10812530416688,0.00939082620220849,0.0828733275242758,0.00219687884506024,0,0,0.0707949899634142,0.0387692087763273,0.0382740876224033,0.125863218793409,0.0994959228266011,0.0322206935510524,0.0430657438573848,0.0371217093413424,0,0,0,1.84582172834301
"TCGA-E2-A1L8-01A",0.2051372586056,0,0.0524715431436011,0.0362653934996139,0,0.203754957249171,0,0.0959447973947941,0,0,0.0136626607486831,0.019646741665586,0.00711183798415783,0.0313959427662024,0.0954291434077287,0.0515480558608084,0.0911093632756717,0.048911990558439,0.0441735219055465,0,0.00343679193439621,0,1.86509829166647
"TCGA-E2-A1L9-01A",0.0716232565542059,0,0.0359529299945968,0,0,0.128425218100052,0,0.0948969886934239,0.0365151512701363,0,0,0.033071177591843,0.020825010331257,0.100586076214739,0.074440490904517,0.235916844778791,0,0.136163683319098,0,0,0,0.0315831722473402,1.85544999596728
"TCGA-E2-A1LA-01A",0.0912692513494642,0,0.063589952033905,0.106927035707031,0,0.0670006309495319,0.0089319607210186,0.127129522198852,0.00805709191875225,0,0,0.0776947131169527,0.0376059087184061,0.0285384708833826,0.129111924277438,0.101663570973142,0.0389127791079961,0.0238969799975336,0.0896702080465946,0,0,0,1.7951451682485
"TCGA-E2-A1LB-01A",0.129086699868744,0,0.138117979584795,0.0551582574738331,0,0.135800906227541,0,0.0319513774213363,0.0522475656556826,0,0,0.0614455978350616,0.0208705189203538,0.0642354256819715,0.025111440731737,0.150615553140407,0,0.0492787995438056,0.0438732866189238,0,0.0422065912958078,0,1.77521011539222
"TCGA-E2-A1LG-01A",0.0603672476935202,0.00874317905055075,0.0746843563930488,0.0291709453715758,0,0.0830231062745518,0,0.196980669105056,0,0,0,0.0393560123076906,0.0130001491672075,0.139803474536908,0.171116239719816,0.0458504020498421,0.0360013585636832,0.0547669972390022,0.0468628312864608,0,0.000273031241086435,0,1.89601508418022
"TCGA-E2-A1LH-01A",0.088982104872007,0.0174324377911833,0.0740407470892713,0.104133832812663,0,0.092886941337416,0.0316859824609688,0.108878045136103,0,0,0,0.0651631821001817,0.0490238529710853,0.0680678554719751,0.132282665132964,0.0922677647453578,0,0.0364763462527363,0.0386782418260875,0,0,0,1.78393874079802
"TCGA-E2-A1LK-01A",0.0308318157488803,0,0,0.118037145766307,0,0.1609979315026,0,0.0472445115048713,0,0,0,0.0695259991486412,0.0470030215401828,0.149427718171832,0.0674547361100694,0.180279227693688,0,0.111432202951509,0.0156150345193503,0,0,0.00215065534206764,1.93100950876058
"TCGA-E2-A1LL-01A",0.0157550116263477,0.032459488032953,0.0166153452839451,0.0601964675434202,0,0.1121666586261,0,0.138229814674389,0,0,0,0.063034949208621,0.0390034261371269,0.106761168851996,0.130998815780651,0.147912996688526,0.05235625571901,0.0394490675603525,0.0327102412265149,0,0.0123502930400459,0,1.80199446544483
"TCGA-E2-A1LS-01A",0.082888715923601,0.00739489340649324,0,0.0679183858345261,0,0.178877825422367,0,0.133213145432295,0,0,0,0,0.0492199151104865,0.000976794131901069,0.0649059402411593,0.16219606009099,0,0.218013259835101,0,0,0.03439506457108,0,1.76282102223921
"TCGA-E2-A2P5-01A",0.0851773935059109,0,0.0463058467800376,0.0271631690064792,0,0.263587059250556,0,0.0591647268871276,0,0,0,0.0912445677571794,0.015317565525304,0.0388380205029743,0.112614721405743,0.0602127902572625,0.0120202416590421,0.0345353220144774,0.150621035246234,0,0.00319754020167275,0,1.74519816366091
"TCGA-E2-A56Z-01A",0.0490041434598423,0,0.0504769946173326,0.0345482940982645,0,0.169866821112594,0,0.028753711140569,0.0955727511097237,0,0,0.108336147916714,0,0.162743662825574,0.117540336765781,0.0694142344064301,0,0.0228302905380135,0.0909126120091608,0,0,0,1.80394169079272
"TCGA-E2-A570-01A",0.0367254582778094,0,0.0458103993304073,0.0235148508543741,0,0.285677991811492,0,0.0334959212914036,0,0,0,0.0963800301751505,0.0219454936163091,0.0592995607268371,0.0599169988790855,0.134206995956099,0,0.0668327921694695,0.127877016268578,0,0.00831649064298501,0,1.86307269077361
"TCGA-E2-A572-01A",0,0.00914870174347593,0.140698722918482,0.11861422975976,0,0.015495461873786,0,0.04939721270909,0.0516399658413326,0,0.0154523091332444,0.0520968079815077,0.0566757005239221,0.0968491213203803,0.100461484412938,0.132651709653268,0,0.034967957135484,0.125850614993329,0,0,0,1.87856089700456
"TCGA-E2-A573-01A",0.0784978698766182,0.0280159134549278,0.0413956698876837,0.0549173447120314,0,0.142778720090143,0.00121198034750084,0.134630180691724,0,0,0.041711831153427,0.0488892524892768,0.0608673085379554,0.0738658007095872,0.131744980802354,0.0752343094092087,0.0253231030925644,0.0609157347449975,0,0,0,0,1.79196346076414
"TCGA-E2-A574-01A",0,0.0108719679902331,0,0.136347969939779,0,0.083791185691826,0,0.133298796468125,0,0,0,0.127468550697475,0.0126617366304517,0.284268375321985,0.0461893534659599,0.00570303240693681,0,0.0921949596772781,0.0602319055254971,0,0.00697216618445299,0,1.78288951131256
"TCGA-E2-A576-01A",0.0934838484503218,0,0.126151996116733,0.0744674093107281,0,0.0972824034157978,0,0.0702987711813605,0.00578735657069881,0,0,0.131425978683902,0.0305699623555098,0.0443599042777648,0.0684828336745744,0.06440738426887,0.003852521191306,0.0191079227181894,0.170321707784244,0,0,0,1.72527704310008
"TCGA-E2-A9RU-01A",0.0742232146129112,0,0.0212935259229142,0.0313853068566477,0,0.11359815204827,0,0.126318717373953,0,0,0,0.0583298125764527,0.0425898726367489,0.107264186246776,0.173868226067353,0.113873713109284,0.0214354885412062,0.0115204624755969,0.104299321531886,0,0,0,1.70381933329655
"TCGA-E9-A1N3-01A",0.00812036631997182,0.0565687360372323,0.109583763627398,0.0742176245183275,0,0.0938788475267365,0,0.00885957216423566,0,0,0.0509245431362873,0.0101622916967872,0.0593054682300446,0.0493048538845493,0.0385337546780042,0.217203432550201,0.0292981913058164,0.0329226530459973,0.13345502342581,0,0.0276608778526009,0,1.89618295434806
"TCGA-E9-A1N4-01A",0.0775525701859542,0.0183569258196962,0.000313247428537595,0.0235785989385551,0,0.16744507318639,0,0.0423125575964844,0,0,0.00836917767423329,0.0078823012106389,0.0589713668911664,0.176426240896732,0.108359602144351,0.160346066064211,0,0.0280550104701483,0.122031261492901,0,0,0,1.88946862703277
"TCGA-E9-A1N5-01A",0.000441457947895781,0.0184619610340774,0,0.115659896913777,0,0.169968754408794,0,0.0667872795334419,0.00550429583751502,0,0,0.0997310846900182,0.0600318944003767,0.0640307743537441,0.0968786444080957,0.116603391009554,0.00958293466311709,0.0324457149151582,0.143871915884435,0,0,0,1.82376998045958
"TCGA-E9-A1N8-01A",0.0121446554363391,0,0,0.0838514010847388,0,0.174569582472965,0,0.116719787593832,0,0,0,0.126913817148037,0.0331852949968488,0.169720645737233,0.150843152576695,0.0891633569127711,0,0.00618887023139099,0.0304749557246253,0,0.006224480084523,0,1.84014732296573
"TCGA-E9-A1N9-01A",0.116455033485088,0,0.0272072793473333,0.0574226887983021,0,0.27533002158615,0,0.0614162868936203,0,0,0.0182206752212015,0.0279606253631473,0.071768920017045,0.0791752171079166,0.11920461260585,0.0661267354088659,0,0.0518092028552876,0.0275653088272379,0,0.000337392482954218,0,1.84148059794554
"TCGA-E9-A1NA-01A",0,0.0435214419127301,0.0163180333667007,0,0,0.136295029321697,0,0.0653336139926495,0,0,0,0.108041282328239,0,0.123379671316558,0.0226965713529903,0.232069589098055,0,0.133709898104641,0.0747026107716838,0,0,0.0439322584340549,1.89419951046821
"TCGA-E9-A1NC-01A",0.102604194377949,0,0.0973938822965363,0.0809250298031166,0,0.122239597502688,0,0.115235623960667,0.00340653594098379,0,0,0.0773564244123036,0.032353769894598,0.0638966813368584,0.146233139564702,0.0940696780229566,0.000815068004108551,0.042247664757283,0.0212227101252497,0,0,0,1.7778821727843
"TCGA-E9-A1ND-01A",0.054971100059028,0,0.0254823791230279,0.0807414367764872,0,0.140127079464495,0.0155985872859728,0.138385162859135,0,0,0,0.0816670374640494,0.0331963654236399,0.0567029283679465,0.143041748944496,0.133648373254565,0,0.0588216925069694,0,0,0,0.0376161084701879,1.91518516350962
"TCGA-E9-A1NE-01A",0.114949985885937,0,0.0173708666184569,0.101362396531414,0,0.106435032223529,0.0230699708792876,0.100684919268056,0,0,0,0.103076593584929,0.0506742025053376,0.033899497268049,0.124768608352277,0.0633137610714994,0,0.04079685638886,0.099019024072085,0,0.0205782853502837,0,1.85981628963427
"TCGA-E9-A1NF-01A",0,0.0125436014135966,0.0461800011225727,0.0028065868780959,0,0.21581384687367,0,0.0661240406012513,0,0,0,0.0762222313299623,0.0264222278675527,0.157120331138095,0.0869342591698279,0.181571825484508,0,0.0566439281812546,0.0716171199396136,0,0,0,1.75827261973503
"TCGA-E9-A1NG-01A",0,0.0195017127657168,0,0.0101794965277006,0,0.302683420949887,0,0,0,0,0,0.109773007258877,0.0383577462715491,0.0791930048605332,0.0310620402603509,0.203277409838157,0.0258212242592384,0.0886069627682143,0.0566806166827957,0,0,0.0348633575569799,1.88769759568672
"TCGA-E9-A1NH-01A",0.0717768193209046,0,0.0485430281700383,0.0279036854659962,0,0.290459719600444,0,0.104620532624663,0,0,0,0,0.007252456664182,0.0759736255947846,0.0805757088791306,0.130145190386099,0.0667963420226037,0.0386751981528714,0.0518636371806432,0,0.00516763434556898,0.000246421592069603,1.88726899868742
"TCGA-E9-A1NI-01A",0,0.00745535229322706,0,0.0288447359710416,0,0.0912008648055699,0,0.148662906097453,0,0,0,0.11721520832876,0.019926687190643,0.139752152754301,0.0624863433392846,0.189517598460343,0,0.0695463085069353,0.104606784632109,0,0.0051413228469416,0.0156437347733919,1.83982586640034
"TCGA-E9-A1QZ-01A",0.146830851726232,0.00184939679647994,0.0203758969145994,0.0802385607124573,0,0.204166375293892,0.0158100576468773,0.0553944058489299,0,0,0.000427837469300812,0.0160253009403858,0.0377539786395956,0.0741963664243045,0.118858616443315,0.0672623363066724,0.00176591930652594,0.0571696151367497,0.101874484393683,0,0,0,1.79151351751565
"TCGA-E9-A1R0-01A",0.0567076425599968,0.0429400386212905,0.0399037892466445,0.061449483098632,0,0.2228000478602,0,0.0703641668942378,0,0,0,0.0830925333909754,0.0494232756363439,0.0640414982619606,0.0742985480665759,0.07129299459952,0.0173276316169751,0.0302464128846236,0.116111937262024,0,0,0,1.752254990587
"TCGA-E9-A1R2-01A",0.113250356289323,0,0.0456640413873845,0.0987702837967242,0,0.0931476873777796,0.0212996206373897,0.0802094419285758,0.0633140287708741,0,0,0.0224152782913016,0.0539297323285429,0.0427115012916022,0.141601878765728,0.0832730449530357,0,0.0503098037976551,0.0901033003840836,0,0,0,1.79770758739372
"TCGA-E9-A1R3-01A",0.0241801379828412,0.0622057003022713,0,0.0312832300441752,0,0.163658401757012,0,0.0710024025065335,0,0,0,0,0.0750383875876502,0.0688188289856105,0.118322456795532,0.101780803138364,0.107091656659069,0.0841710938927574,0.0785600295159597,0,0,0.0138868708322243,1.90045070332667
"TCGA-E9-A1R4-01A",0.0131049166747155,0.0500094155119825,0.0279513826423273,0.0410942138187816,0,0.201157374330112,0,0.0403937629796035,0.049826810372743,0,0,0.0728819462735374,0.0416753285995174,0.00466888494758624,0.127532946272319,0.182814277396343,0.0199893171763333,0.0660592808864775,0.0497206541852315,0,0.00228234521562671,0.00883714271676285,1.88052998053221
"TCGA-E9-A1R5-01A",0.0152470582847532,0,0.072150063631614,0.0422615670880269,0,0.33177960387268,0,0,0,0,0.00904267051277812,0,0.0341396115427328,0.109984707374554,0.0980881554186659,0.110788990266493,0.0410462971396818,0.0177593737120384,0.1089300805538,0,0,0.00878182060218186,1.79289637886255
"TCGA-E9-A1R6-01A",0,0.0161387672841203,0.0046275789929319,0.0397124265964902,0,0.174650495991724,0,0.0710019454728966,0.0180278747843234,0,2.05725915555274e-05,0.0795839059709247,0.0203813485825595,0.10323470365011,0.0756713406778808,0.214493842836959,0,0.0301763493221385,0.152278847245385,0,0,0,1.82695151092865
"TCGA-E9-A1R7-01A",0.203361182064377,0,0.131239514091603,0.0232157863925582,0,0.291540620567014,0,0.0059160002214252,0,0,0,0.0541371498758067,0.0248277006579879,0.0527996621497606,0.0714798034377951,0.0610451573337518,0,0.00161989860805885,0.078817524599862,0,0,0,1.8944266238618
"TCGA-E9-A1RA-01A",0.160519445146607,0.0405431341560928,0,0.0714600040858261,0,0.0648505977341227,0,0.137025657323062,0,0,0.0192466655968044,0.0221827205032628,0.0432054688179697,0.148305605560691,0.0738039508276703,0.095373760892517,0,0.0614754007896712,0.0620075885657026,0,0,0,1.78492414718649
"TCGA-E9-A1RB-01A",0.108790541864551,0,0.00182012941915657,0.0225959226225492,0,0.241826934170783,0,0.106260297288565,0,0,0,0.0163740264539818,0.0285001073931157,0.181369092630924,0.0909495397223553,0.104109696130033,0.0237535446339358,0.0239549072147392,0.0484260629755624,0,0.0012691974797476,0,1.77946908725601
"TCGA-E9-A1RC-01A",0,0,0.0122795940947618,0,0.0715220508592553,0.127953072991607,0,0.000383619118982457,0,0,0,0,0,0.391658147608056,0,0.130845701836967,0,0.0921519749558494,0.0774148265319795,0,0.0878308308517557,0.00796018115078605,1.84906180184798
"TCGA-E9-A1RD-01A",0,0,0.0847680106245073,0.046091183469898,0,0.165795195840545,0,0.0483527920939532,0,0,0,0.0308455708854117,0,0,0.0963314895173416,0.266959608443024,0.015233192876776,0.0527278452745209,0.155515260690064,0,0.0232502672330727,0.0141295830508857,1.92559795578139
"TCGA-E9-A1RE-01A",0.1295112809514,0,0.0658590787980176,0.0307790517045886,0,0.291182593123752,0,0.0633975145271772,0,0,0,0.0239165841878827,0.0159527529234357,0.110958950299484,0.0696300698802998,0.0587339363644965,0,0.0201435848360852,0.11993460240338,0,0,0,1.80556340761605
"TCGA-E9-A1RF-01A",0.028932186518358,0,0.0514813004605291,0.10781403263217,0,0.159414997703993,0,0.0575581682597862,0,0,0,0.101037893120483,0.0392787731020723,0.0707880359041848,0.122842069230665,0.120630925800453,0.0275365797140344,0.0588132368993191,0.0474345277254089,0,0,0.00643727292854192,1.80927093472374
"TCGA-E9-A1RG-01A",0.0412503305151518,0.00765399419345261,0.039083360481732,0.0985174002512238,0,0.0972676040037989,0,0.0618018495880324,0.0270012306395523,0,0,0.0868791613767571,0.0524783459946078,0.0262111690710258,0.14719107658123,0.13240414692721,0.0774603371049115,0,0.0975675804351215,0,0,0.00723241283619185,1.70894372891128
"TCGA-E9-A1RH-01A",0,0,0.0342559266690114,0,0,0.236476748967101,0,0.0707752713008388,0,0,0.012553818884767,0.0508988412154283,0.0380471971690097,0.114625714384632,0.185042081959052,0.0937694506126439,0.0493112708807583,0.0112083844008089,0.103035293555949,0,0,0,1.83673346955294
"TCGA-E9-A1RI-01A",0.0869804523529992,0,0.0814274404579733,0.015597768789375,0,0.218966544607735,0,0.0497560568813607,0.00454633394477762,0,0,0,0,0.0910989617762878,0.0985242020639619,0.18903869291781,0,0.0477323486452724,0.114767551484083,0,0,0.00156364607836474,1.87105435171129
"TCGA-E9-A226-01A",0.0253505107823087,0,0.0347976157250338,0,0,0.353196092719797,0,0.0897456919943647,0,0,0,0.0330397919389714,0.00723596375621983,0.0995826676968896,0.0545392696543526,0.151193566256313,0,0.0966865094651659,0.0546323200105828,0,0,0,1.87910279947836
"TCGA-E9-A227-01A",0.135412239490258,0,0.0299347477804101,0.106360392292654,0,0.141227204133226,0,0.0423036967054736,0,0,0.0162579132552406,0.0295390842520553,0.0753569321724149,0.0122585595023301,0.0991257077457605,0.121956463287885,0.0604530596704341,0.0635448899016374,0.0662691098102196,0,0,0,1.805676216632
"TCGA-E9-A228-01A",0,0,0,0.059959882873659,0,0.155259418816087,0,0.00419892022613162,0,0,0,0.0992821215358184,0.0651542626088513,0.170358100068793,0.0476274387775236,0.230673574154274,0,0,0.167486280938862,0,0,0,1.77215658301896
"TCGA-E9-A229-01A",0.0893381640474991,0,0.0697749216941837,0.0018408647258101,0,0.268790503703811,0,0.0567033645552996,0.018071866772211,0,0.0177864919207581,0.000665151556170303,0.0292370747347493,0.0305305274064527,0.108532717734915,0.127829438319486,0.00476224334511749,0.0651637665113148,0.0949610826570823,0,0,0.0160118203151403,1.89701992146222
"TCGA-E9-A22A-01A",0.132726392108952,0,0.0414848598379919,0.0852109195216878,0,0.183963938117833,0,0.0429511166109538,0.00824379319327525,0,0,0.0608053169088637,0.0272369413276267,0.0408008183611673,0.093767263501344,0.0849609256544656,0.0090636355359937,0.0526659046201956,0.114869191460541,0,0,0.0212489832391086,1.8063728481001
"TCGA-E9-A22B-01A",0.0484738058336674,0,0,0.0341906892579574,0,0.264031119449335,0,0.0599347610382628,0,0,0.00536245518024777,0.0434649568256002,0.0189332735635936,0.0765862560206566,0.12795369758722,0.0953324312559795,0.00582782313419613,0.0650632679407256,0.12510239201031,0,0.016405638817042,0.0133374320852063,1.76101553310849
"TCGA-E9-A22D-01A",0.0703872337171775,0,0,0.12943294549559,0,0.114058517739713,0.0552694386459494,0.0673839920297193,0.00644105234215218,0,0,0.13490021595227,0.0445968287188147,0.0538798915238406,0.0968852056450983,0.0672601359653208,0.00372006927377133,0.0415245936582159,0.114259879292367,0,0,0,1.86383336667505
"TCGA-E9-A22E-01A",0.0696134163759861,0,0,0.0688828026016733,0,0.230662587111127,0,0.0307461884914545,0.0613816041954559,0,0,0.0691224070801449,0.00061764721652743,0.106977961779443,0.130888566930606,0.0894620738241918,0,0.0410665787966711,0.100578165596719,0,0,0,1.78848896143589
"TCGA-E9-A22G-01A",0.0763805857628952,0,0,0.0678297207549645,0,0.175310064034641,0.0439100053776808,0.135928949700273,0,0,0,0.0265387061904893,0.0459982509062298,0.117329156929871,0.133892695007998,0.048744114414264,0,0.126535550788778,0,0,0,0.00160220013191582,1.84750695193947
"TCGA-E9-A22H-01A",0.052836402591943,0,0.0558907938013683,0.101878063513084,0,0.119748417627707,0,0.112326816867527,0,0,0.020521504038707,0,0.032263647859489,0,0.136476380146731,0.18918162111965,0,0.0592991307695853,0.103422373821447,0,0,0.0161548478427615,1.88156819177482
"TCGA-E9-A243-01A",0.0601298432552645,0.022986505412042,0.0153411862973122,0.0756314793047776,0,0.132740647345994,0.0325781942667554,0.0397805353209551,0,0,0,0.149447421264518,0.0288784048028898,0.111626846330985,0.127102941347533,0.0701675314874382,0,0.0263598551763221,0.0774356373548535,0,0,0.0297929710323603,1.89553796176246
"TCGA-E9-A244-01A",0.0308742366583975,0.0651686391303029,0.0082598601365245,0.0781517514260076,0,0.18677703222665,0.010224092674821,0.114206166763103,0,0,0.0834417054536691,0,0.0219618196967527,0.0960502843202228,0.138037202606608,0.0714190805798556,0.0155230622172525,0.0767783888498265,0,0,0.00312667726000611,0,1.78204601114947
"TCGA-E9-A245-01A",0.159189820749179,0,0.105859382089112,0.0031591489741642,0,0.0960136490364056,0,0.0490192968959327,0.000903056814595845,0,0,0.0627436851907042,0.027736339485295,0.0244442486516387,0.0741645453879617,0.196353924634146,0.00090070642379438,0.0239940572108304,0.17551813845624,0,0,0,1.71435854870035
"TCGA-E9-A247-01A",0.116130689425816,0,0,0.0712081532565869,0,0.0899499346787952,0,0.0600846577398173,0.0493869459291056,0,0.00368259645434405,0.047203227452238,0.0388420248480448,0.124376144202324,0.134598357084857,0.105083221843813,0,0.0363871618529155,0.123066885231342,0,0,0,1.81978146421732
"TCGA-E9-A248-01A",0.185516953389531,0,0.0919743885828871,0.062643371324786,0,0.145461310831088,0.0383570694944569,0.0740753150688457,0,0,0,0.0268926739122918,0.0412083140748576,0.108682035382654,0.118613909906606,0.0254296036233388,0,0.0486747527075899,0.0280239300232296,0,0.00444637167783674,0,1.86725575698896
"TCGA-E9-A24A-01A",0,0.0120653294992742,0,0.0168350320552087,0,0.186021098595039,0.0247394181477957,0.0702464250401366,0.00311469865864726,0,0.0546166679670082,0,0.0820005364861482,0.00190702152644657,0.150954849044646,0.303241258526941,0.00208877755951259,0.046978196918066,0.00275946158513078,0,0,0.0424312283899997,1.97136255825661
"TCGA-E9-A295-01A",0,0,0.060445521857682,0.0432905352530243,0,0.125886989838734,0,0.0208658312344942,0.0743691227019788,0,0,0.0508826638005264,0.0423921605921831,0.0388132918716896,0.160162244960458,0.134383055446387,0.0644259641616004,0.0365903191673438,0.147492299113899,0,0,0,1.78079544018998
"TCGA-E9-A2JS-01A",0,0,0,0.0595702723112242,0,0.174329396189725,0,0.0581685693566975,0.00244450884667229,0,0,0.0809363999875769,0.0140738425679583,0.0727161881280525,0.116869333243775,0.20118626138116,0,0.0395646335080096,0.180140594479148,0,0,0,1.77933370271787
"TCGA-E9-A2JT-01A",0.229161612501347,0,0,0.120569764123805,0,0.146527422239931,0.00181762870887057,0.0480236400755207,0.0319059341716814,0,0,0.0892487140031246,0.029832972551818,0.0316084688738583,0.10650096804703,0.0744768456674196,0,0.0319234535768575,0.0584025754587367,0,0,0,2.01710932902835
"TCGA-E9-A3X8-01A",0.173127471433665,0,0.111039603170989,0.145806820713142,0,0.017312281688364,0,0.0819509924011975,0.0238533809416494,0,0,0.101971801256238,0.0227081720538682,0.0565820789904172,0.080360960630906,0.0490949141635115,0,0.0227461149903982,0.113445407565653,0,0,0,1.74973656475638
"TCGA-E9-A54Y-01A",0.331775989635554,0,0.0134441191893263,0.0516238977898359,0,0.0116286855815103,0,0.0710213613697816,0.0414028880743049,0,0.0125946780342642,0,0.00185268154752826,0.114632632470913,0.0817804699840191,0.113081026267983,0.0168920697576353,0,0.091783798886095,0,0,0.0464857014112487,1.6824138122978
"TCGA-E9-A5FK-01A",0.128789503314245,0.00994800412035005,0.0123494809371763,0.158659492072937,0,0.0811007107442521,0.0100598211422601,0.0798723349548074,0.00896341255011477,0,0,0.0821310852913007,0.0408865892136265,0.0220604932885592,0.122939157757328,0.0925919603789727,0.0163353069126415,0.0371578325278151,0.0961548147936131,0,0,0,1.7656435178253
"TCGA-E9-A5FL-01A",0.017955918534635,0.0126604810609203,0,0.0533389811059452,0,0.162153039614746,0,0.0161040037760858,0,0,0,0.11443984407992,0.0707168744470958,0,0.0802748483745014,0.284658991670268,0.063165673654461,0.0806536851446077,0.0438776585368143,0,0,0,1.6648881116346
"TCGA-E9-A5UO-01A",0,0,0,0,0.00778928268805656,0.0597790413948299,0,0,0.0144435361122958,0,0.0228140760414043,0.028058054023964,0,0.344314904045433,0.00422326549744283,0.286970261268813,0,0.0661971844910028,0.157925482930162,0,0,0.00748491150659568,1.93955446421669
"TCGA-E9-A6HE-01A",0.0345008211522721,0,0.00842418551707489,0.061171868788997,0,0.153853288063442,0,0.117908942548027,0,0,0,0.151427686430158,0.0441634100749745,0.114168133678635,0.062009172854792,0.0751874281977924,0,0.0262009404264584,0.146459867141381,0,0.00452425512599597,0,1.81967557746869
"TCGA-EW-A1IW-01A",0.187978994760377,0,0,0.0380853311553465,0,0.204353404411257,0,0.1206356081948,0,0,0,0.0147185823217917,0.0321516041055674,0.0507493277583875,0.103755697696053,0.0817552534371737,0.0255922922868588,0.0688147451898102,0.0703747784310851,0,0.00103438025149114,0,1.78825161240252
"TCGA-EW-A1IX-01A",0.147591716100778,0,0.0492241994030069,0.0311467467264885,0,0.167638817349786,0,0.0980327658918646,0.0124091205641316,0,0,0.0553828065575507,0.0204484445696458,0.0341303153062561,0.0223602303386517,0.161703441402425,0.0185798129456009,0.0715921607546311,0.0938692380162782,0.00785723962652151,0,0.0080329444463837,1.90424534638218
"TCGA-EW-A1IY-01A",0.0680616905662852,0.010889781456388,0,0.087603215186922,0,0.191444631290051,0.037096129901618,0.082854965509778,0,0,0,0.0628366308745058,0.0199972021764224,0.0135691668346777,0.152727579122191,0.0816237009684428,0.0466417515232716,0.0569994504310386,0.0876541041584082,0,0,0,1.84977992412169
"TCGA-EW-A1IZ-01A",0.108792126590132,0.00623913532164159,0.0594570292215868,0.142043438802581,0,0.11457707636798,0.00793540205496225,0.0971538066334149,0,0,0,0.100149802084241,0.0276829194952112,0.0527574451052939,0.128238733032941,0.058334070115847,0,0.0258493768193055,0.0707896383548618,0,0,0,1.86989379128979
"TCGA-EW-A1J1-01A",0.0779710370257741,0.00740226097369033,0.00130391119118655,0.0603459779897428,0,0.174127936596484,0,0.113934826140609,0,0,0,0.0660655424670604,0.0230651872374863,0.0503275163991281,0.160084140798871,0.130597145229201,0.0216723892027944,0.0222630144836834,0.0908391142642885,0,0,0,1.80643727710339
"TCGA-EW-A1J2-01A",0.0120152549493013,0,0,0.0826064766106379,0,0.210514146816818,0,0.0675545099165145,0,0,0.000871563228030892,0.064622596614426,0.0578519969746522,0.0872816261131174,0.106632697424022,0.139870137065026,0.0133716306680657,0.0566898935585357,0.100117470060853,0,0,0,1.94989542166321
"TCGA-EW-A1J3-01A",0.0582091086116148,0,0,0,0,0.179810442087431,0.0167668967808725,0.128110577923871,0,0,0.026319574933488,0,0.00996240349022127,0.0528437735236441,0.142067933127743,0.172133487733687,0.0131164925814984,0.0712876113007812,0.0717860755829752,0.00733080101717959,0.0448166650289007,0.00543815627609326,1.85931638032879
"TCGA-EW-A1J5-01A",0.0715929402392696,0.0303254989020645,0.00198751714596265,0.086443025260266,0,0.106984266349823,0,0.0864006742267566,0.0137644531662967,0,0,0.0830298089329318,0.0332921845507397,0.0747973692233138,0.119145005949585,0.108181288988056,0,0.0601657492010374,0.123890217863897,0,0,0,1.88189218236302
"TCGA-EW-A1J6-01A",0.152089681334128,0,0.0160132694663412,0.0584031733731784,0,0.0657713360647967,0.0228884366502255,0.173900891093175,0,0,0.104517407511989,0,0.0548489670034944,0.00663755969875965,0.15960288644774,0.138570184539085,0.000564235730716616,0.0431329995119263,0.00305897157444408,0,0,0,1.59241532489125
"TCGA-EW-A1OV-01A",0.155147250802271,0,0.0449801491799207,0.114151275082462,0,0.132915963475055,0.0255595251711275,0.0795406490791149,0,0,0.0247317762822434,0.0234787737869928,0.048900035363399,0.0538444768756889,0.105835016751442,0.0786253591802779,0,0.0456121968562979,0.066677552113707,0,0,0,1.80567008537339
"TCGA-EW-A1OX-01A",0,0.00807933389353899,0,0,0,0.0734073248331484,0,0.0167485265342058,0.0604972772479918,0,0.0197048603758874,0.0942720372464808,0.0241531092695232,0.339852852408146,0.00797374975826383,0.0961380866795173,0,0.0229074412727827,0.236265400480514,0,0,0,1.9021678363432
"TCGA-EW-A1OY-01A",0.0678291813243119,0,0.0347616990941402,0.0261129023053323,0,0.195585439054129,0,0.0916621857192001,0.0104899635130447,0,0.00775263531481322,0,0.0426349878900249,0.0728039279767897,0.173100119255638,0.144504841844618,0.00521037479962304,0.0661030781709465,0.0614486637373887,0,0,0,1.78929565172831
"TCGA-EW-A1OZ-01A",0.0119958998879386,0.0353896250629355,0.0161920045274628,0.0194254953957824,0,0.16974307688444,0,0.106811803243317,0,0,0.0284620074662358,0,0.0493350758284571,0.086571727197706,0.0924587599613536,0.153012053617027,0.0355198744531834,0.0608891317422075,0.134193464731954,0,0,0,1.72039906508108
"TCGA-EW-A1P0-01A",0.0478415264874117,0.0139062106778964,0.0320541752641477,0.0550641008195038,0,0.170084569587154,0.0239239281315301,0.122406157953463,0,0,0.0507337292041915,0,0.0532773386914142,0.10770752722249,0.103901032894392,0.11894463656372,0,0.0563610444665921,0.0437940220360928,0,0,0,1.83636154360479
"TCGA-EW-A1P1-01A",0.0781458756715825,0,0,0.0221322999812693,0,0.256418403284021,0,0.113575755526805,0,0,0,0.0552860463845337,0.0643141812158738,0.103924973096069,0.103791822012322,0.0884234368505562,0.0043881587017557,0.0826188173831888,0.026980229892023,0,0,0,1.84200401476489
"TCGA-EW-A1P3-01A",0.134121139018684,0.0276221505921414,0.00818351068160926,0,0,0.191489255013799,0,0.0733953785327781,0,0.0109050184543692,0,0,0.033828132792894,0.0456823304338729,0.131981434767863,0.124813595470807,0,0.0668063914280652,0.13452047419085,0,0.0166511886222665,0,1.82967057821088
"TCGA-EW-A1P4-01A",0.0468702145274357,0.0434967443745455,0,0.0543210469885649,0,0.164274776640538,0,0.0952296174613466,0,0,0,0.156993786593729,0.0129202181177969,0.0742899939731713,0.137843754208823,0.0387388696684037,0.0173447105788921,0.0864692574263528,0.0317772450562293,0,0,0.039429764384172,1.77894844737793
"TCGA-EW-A1P5-01A",0,0.0205935348651739,0,0,0,0.227250606202809,0,0.0699076833572284,0.00678691339935119,0,0.0135856370695824,0.070576690843014,0.0355430161122918,0.103727084663374,0.137501968430726,0.163367119254827,0,0.0706771016868687,0.0581707223484762,0,0,0.0223119217662778,1.94762910012189
"TCGA-EW-A1P6-01A",0.0992217819345389,0,0.172338762105071,0.0448708209295988,0,0.163042562861569,0,0.0131867262602779,0.00816273264572388,0,0,0.0690274967456445,0.0196367641162496,0.0474450630251058,0.0977116062076868,0.11714374919175,0.00853943054755486,0.00931669735383032,0.130355806075398,0,0,0,1.8600127310883
"TCGA-EW-A1P7-01A",0.194126416732694,0.00331228737895508,0,0.0908522735521647,0,0.157985252213763,0,0.0896020828850984,0.00212828973814787,0,0,0.0586263870356438,0.0585176503059491,0.0711076023955887,0.0966330706079599,0.0643595281784697,0.0125483616433946,0.0500635386769691,0.0501372586552017,0,0,0,1.87388721911889
"TCGA-EW-A1P8-01A",0.0133030044629563,0.0335666569849651,0,0.028013525562919,0,0.185680970939083,0,0.135917737414533,0,0,0,0.0637722814135068,0.0368266176180797,0,0.134023197942759,0.173544980975863,0.0949502724933228,0.0466623813924879,0,0.0339465634872958,0,0.0197918093122284,1.931885162397
"TCGA-EW-A1PA-01A",0.110600147736054,0,0.0744964276796578,0.0299602345433608,0,0.21751539170307,0.0271401562031993,0.0218741432536048,0.00582769252739465,0,0,0.0470061056878248,0.030928159720733,0.0850974446677296,0.124106161336669,0.048412535415936,0,0.0371906988347944,0.139844700689972,0,0,0,1.81578408596075
"TCGA-EW-A1PB-01A",0.0289766026683694,0,0,0.0213888634170893,0,0.116115401840623,0,0.125009438134759,0,0,0,0.188139758838816,0.0321457504260376,0.0335761362332493,0.169740153798992,0.151451736409828,0,0.0695038940378351,0.0334650780245443,0,0,0.0304871861698568,2.03073438975888
"TCGA-EW-A1PD-01A",0.106880751193659,0,0.026244053863372,0,0,0.243474861191579,0,0.0246897117183839,0.00416159540556164,0,0.0297074719778175,0.048038766879348,0.0326647669187865,0.128253739002835,0.111248198890313,0.10919068895912,0.0656574664121161,0,0.0667121057234725,0,0,0.00307582186363489,1.81181915237387
"TCGA-EW-A1PE-01A",0.155994480091936,0,0.0944977960728401,0.0507175830527365,0,0.125411051892962,0.0101075293531029,0.0990326085444828,0,0,0,0.00575361005778663,0.0296991170415394,0.0685164595421763,0.0866435918600481,0.105914146055108,0,0.0748330125062728,0.0535038982084662,0,0,0.0393751157205421,1.97745557194798
"TCGA-EW-A1PG-01A",0.154547001389109,0,0.0328636417340596,0.0443975543963546,0,0.28434677742152,0.0241812918519354,0.00800798007473534,0,0,0.0411453256786668,0,0.0369648515816394,0.0388836826525621,0.0793770191672829,0.0580006842938109,0.0110962327033816,0.105512127474694,0.0203649579572915,0.027878576829944,0.032432294793013,0,1.90764377748851
"TCGA-EW-A1PH-01A",0.118526545318622,0,0.0116598161853109,0.0414967600593224,0,0.173885079303398,0,0.137269741052171,0,0,0,0.0798167478553012,0.0416358978428666,0.0663921085074956,0.127713119492776,0.0710791902663085,0.000328282615940916,0.123687941537733,0,0,0,0.00650876996275327,1.86608126404697
"TCGA-EW-A2FS-01A",0.0806568725960313,0.0710210123313481,0.0484749439384387,0.101243125599457,0,0.162056264267915,0,0.0822610021287728,0,0.0182038778913705,0,0.0445852954573526,0.0463302165518199,0.113837553020472,0.0625715910440848,0.0353988956646086,0.0252721584064565,0.0489047033345927,0.0264446670399816,0,0.0327378207272974,0,1.75886393988862
"TCGA-EW-A2FV-01A",0.0687194529889259,0.0152190993908717,0.00838963040849498,0.0881221332177664,0,0.213186303662385,0.0162393123465138,0.0626119525609414,0,0,0,0.0461652031156197,0.0812942358361605,0.100652646619363,0.101466304808975,0.0297916860094034,0,0.0890210096768479,0.0763705528455885,0,0.00275047651214367,0,1.81384067178974
"TCGA-EW-A2FW-01A",0.0861996424236984,0,0.110918604445584,0,0,0.123380177986003,0,0.0596313496693762,0.000236108304652365,0,0,0.0345005345544406,0.000761908632711732,0.174073322803575,0.119219379876588,0.159054727152257,0,0.00627697921328108,0.125747264937832,0,0,0,1.78527841094706
"TCGA-EW-A6S9-01A",0.11539357062414,0,0.09601013841921,0.0195601164405306,0,0.163229143455873,0,0.0673352381046058,0,0,0,0.0511975692739702,0.00532509091013798,0.0797830386117818,0.0817362793519496,0.121370481802469,0,0.0617526841616033,0.134945338464478,0,0.00236131037925078,0,1.81637305727744
"TCGA-EW-A6SA-01A",0,0,0.016844650709358,0.11053640512966,0,0.123407810632937,0,0.129004469222153,0,0,0,0.104400997784643,0.0384698852082441,0.135459465129484,0.0483274219908727,0.0777455496090186,0,0,0.215803344583629,0,0,0,1.8120644083842
"TCGA-EW-A6SB-01A",0.00922270255367931,0.126635695322081,0.0877601446670872,0.0479911211548196,0,0.0948225323380805,0.0432053219347914,0.179482867125324,0.0108949865419687,0,0,0.088741082631045,0.0196395037484164,0.0768486309939102,0.0976734784679975,0.0213833359198788,0.00689474086738058,0.0616855002678234,0.0185764102441728,0,0,0.00854194522154361,1.8679252606166
"TCGA-EW-A6SC-01A",0.0855205468389618,0,0.0541910041824162,0,0,0.301467181401797,0,0.0775031471403767,0,0,0,0.0299621772880253,0.0528381329514462,0.0194952851077679,0.0900395109264003,0.0868766971955649,0.0515951079435519,0.0336803463122105,0,0.0876745669189319,0.0291562957925488,0,1.90632827611816
"TCGA-EW-A6SD-01A",0.0615600115198714,0.0155005475436244,0.132606322415849,0.0310577230565273,0,0.122995604691799,6.92177831318613e-05,0.113592605816938,0.00472840903422368,0,0,0.0660713866160935,0.0340953790975644,0.0746640776222747,0.157777697059303,0.0945600123017727,0.00820726512648231,0.0352651741010157,0.0472485662135293,0,0,0,1.79992069376666
"TCGA-GI-A2C8-01A",0.0338283075898342,0,0.0468042479183656,0.0167477640087225,0,0.177027852807677,0,0.119100043979919,0,0,0.0949313166804788,0,0.0200407545885251,0.0699729031496235,0.0912133354601602,0.194105798437189,0.00496888250262932,0.0292078426652555,0.0840716704129484,0,0,0.0179792797986714,1.9792364924353
"TCGA-GM-A2D9-01A",0.0621261657587969,0.031416524629971,0.081201038422615,0.0698238014798752,0,0.190677051312565,0,0.0089228647245603,0.00628176920253036,0,0,0.0435606126166353,0.0571010137500557,0.0835634441078715,0.111323914170901,0.147990769427408,0.0198922399167876,0.030670683609685,0.0554481068697421,0,0,0,1.81907110242463
"TCGA-GM-A2DA-01A",0.15477345713847,0,0.0872369118347434,0.10667159435361,0,0.158119002527737,0,0.0459666878555024,0,0,0,0.093381099604863,0.0300761399046242,0.0548514651872428,0.0813080464990494,0.0515151551479846,0,0.0169432621924517,0.115691071941175,0,0.00346610581254644,0,1.78446935561888
"TCGA-GM-A2DB-01A",0.191026042135888,0,0.02420669914486,0.0575080915214983,0,0.12853172666662,0.0144064812676834,0.0707283316284968,0,0,0.0262454376801968,0.0386860910116811,0.0316603712141948,0.101702651785365,0.128612495026999,0.0711619863703924,0.0060525454568172,0.0590064139000705,0.0504646351892366,0,0,0,1.65060491421524
"TCGA-GM-A2DC-01A",0.121152083575985,0,0.0156566406845861,0.111888366969516,0,0.0671549439411815,0,0.0865917741805703,0,0,0,0.0886364043000006,0.0202992907923198,0.080205519825213,0.127722963438651,0.0954281250645897,0.00310659593193013,0,0.165903088161373,0,0.0162542031340838,0,1.77858914335953
"TCGA-GM-A2DD-01A",0.100783065174048,0.00596694619283805,0,0.0773435039990028,0,0.160613547918267,0.0357615135992445,0.0400148102060185,0.00875063990630143,0,0,0.0367189819329813,0.0436253736297201,0.0559895002944132,0.126073359785799,0.107380679058618,0.0310739547500251,0.0774331189240616,0.0924710046286621,0,0,0,1.74551135534168
"TCGA-GM-A2DF-01A",0.138250956729433,0,0.103036586205822,0.0897560021124161,0,0.0956189806545173,0,0.132460129299926,0.00257375944924719,0,0,0.0681874181657666,0.0622269556269923,0.0986330412896043,0.101928402508989,0.0504946063549367,0.0175404225883312,0.0387882826671141,0.000504456346904134,0,0,0,1.74320826952872
"TCGA-GM-A2DH-01A",0.145565332911667,0,0,0.0678323492374926,0,0.173052644118088,0.00628899566993547,0.0979358721316872,0.00685988897024445,0,0,0.0576792472009562,0.0392203042733288,0.0728100232003148,0.140847268591365,0.0685328081370069,0.0400046604671371,0.0389148479692508,0.0420990852100772,0,0.00235667191144815,0,1.81169586850264
"TCGA-GM-A2DI-01A",0.112625363848141,0,0.0031266078362389,0.0911779480989529,0,0.122988695464754,0.0349274367143265,0.0712775299673185,0,0,0,0.0816785930188658,0.054339635555774,0.0416206485537535,0.132818448988091,0.0985487216594939,0.0171057940533779,0.0278570026127166,0.109907573628196,0,0,0,1.89408121840665
"TCGA-GM-A2DK-01A",0.117808211393826,0,0.0210635428037793,0.047979555636531,0,0.163583069706796,0,0.088496189093753,0,0,0,0.0876845693009252,0.0216557800522332,0.0581761289016136,0.0801497574156159,0.165453307220466,0.0403801022269585,0.0214504926271477,0.0861192936203548,0,0,0,1.75480724766816
"TCGA-GM-A2DL-01A",0.0192382732701338,0,0.0228042153585586,0.0482929749548924,0,0.179921460635544,0,0.055625850569672,0,0,0,0.123986556001446,0.0355279718265109,0.0429976128626534,0.067381469501865,0.176883251890117,0.0311709196035273,0.0881970548821702,0.0913836742793619,0,0.0103078071446401,0.00628090721890698,1.7626413772046
"TCGA-GM-A2DM-01A",0.0739103685591282,0,0.0179744940345841,0.0842212407196487,0,0.16518320218467,0,0.0386974507709315,0,0,0.00676171014667427,0.032657680333915,0.0413490399615135,0.0613888673814668,0.0721883993595698,0.165330683714273,0.109845083843571,0.0464538554558356,0.0147437451775737,0.02401034496811,0.0255110594330814,0.019772773955453,1.92328248475228
"TCGA-GM-A2DN-01A",0.107921114262811,0,0.0571918219987759,0.0697509229256195,0,0.116421007588781,0,0.114254418465381,0.00929486552553985,0,0.0217489882179349,0.0350598178578247,0.0644351345242549,0.092923764981684,0.133929514411505,0.0382794956123402,0.0531597315772665,0.0533791985686164,0.0322502034816653,0,0,0,1.8834288742977
"TCGA-GM-A2DO-01A",0.208422339282559,0,0,0.117822748311541,0,0.119792692032333,0.00859581708463041,0.0736478675242075,0.00325122358418396,0,0,0.0963267613288189,0.0393447694164435,0.0684419841491994,0.113502398467362,0.0547329725275322,0,0.0206695990645417,0.0754488272266474,0,0,0,1.91812496533563
"TCGA-GM-A3NW-01A",0.0731522191710596,0.0265695748813906,0.027295821729125,0.0365538438444996,0,0.248948922057058,0,0.0520700183573356,0,0,0.0245755479573488,0,0.030550522905432,0,0.0873297372716535,0.136098771395595,0.0139958737782028,0.0772895473206751,0.152914710677124,0,0.0126548886534999,0,1.85331225602833
"TCGA-GM-A3XG-01A",0.145834990811025,0,0.0762924418581044,0.000292711354547031,0,0.190740153647212,0,0.0731799638160112,0,0,0,0.0296110226128067,0.0225683741456637,0.176416248526624,0.145145773964289,0.0787606636158993,0.00764666979486968,0,0.0535109858529483,0,0,0,1.87268238240126
"TCGA-GM-A3XL-01A",0.0549364565667302,9.47178607955354e-05,0.109810256893898,0.11477493388938,0,0.0442440233614979,0.0315530937552667,0.112080059584834,0,0,0,0.0954702426060088,0.0285420964045715,0.0317866276484029,0.126947674821,0.126236884918195,0.0121087279330284,0.047930252301613,0.0634839514547771,0,0,0,1.76687851572429
"TCGA-GM-A5PV-01A",0.000654332618612138,0,0.0439613978063782,0.0590664409193987,0,0.243550036559524,0,0.0726305243585959,0,0,0,0.105886989439902,0.0265511929011777,0.0395927462840371,0.145969967778236,0.124342372090077,0.047281286831107,0.0220514738005671,0.0558251747950893,0,0.0126360638172972,0,1.90312215882656
"TCGA-GM-A5PX-01A",0.0476919677837266,0.0181544286865014,0,0.057793768724266,0,0.362014975415476,0,0.0102819370697885,0,0,0,0.0469414942858323,0.0489522364686231,0.14765478813609,0.095668418497497,0.00808566128801623,0.00113317082931258,0.0336380574943445,0.120786358709346,0,0.00120273661117966,0,1.86967781515272
"TCGA-HN-A2NL-01A",0.0677591373874584,0.0524445285978996,0.0338936591096492,0.133987333179467,0,0.105054083227423,0.0204523567672043,0.0717275371147335,0,0,0,0.0537181354021434,0.0292208344048543,0.0801142397681369,0.132345293177889,0.110048758854662,0,0.0472876004862397,0.0619465025222397,0,0,0,1.74688804232402
"TCGA-HN-A2OB-01A",0.0807959126550282,0,0.101803169119026,0.0363671944576391,0,0.149085724468594,0,0.0898095842241945,0,0,0,0.0589328121050324,0.0576699313052916,0.0568920778947522,0.08236532954629,0.105173059708451,0.00530001356969829,0.0228593080732788,0.152945882872724,0,0,0,1.91388341497829
"TCGA-LD-A66U-01A",0.172107069131524,0,0.0213270297610637,0.138416451526553,0,0.146563885932167,0,0.103682814094396,0.00332355731463396,0,0,0.0819651132443552,0.0474343496557686,0.0376445107751784,0.0897212215394287,0.060735624165641,0,0.0211164608723068,0.075961911986984,0,0,0,1.79774946325451
"TCGA-LD-A74U-01A",0.0806526190880203,0,0.0724863534325465,0.0173768406243033,0,0.169549523959402,0,0.0466456113295153,0.00834334899217651,0,0,0.0577909024191239,0.0508862901135218,0.0976022621003807,0.0957642729092196,0.125185796211516,0.0299622066372976,0.0164910017278918,0.131262970455085,0,0,0,1.83125230057527
"TCGA-LD-A7W5-01A",0.185326040054129,0,0.0397878173457678,0.0725935091704809,0,0.134173330639331,0,0.08102372442796,0.0151327792412417,0,0.0322458832890769,0.0515425252242011,0.0832961341641354,0.0594848837733478,0.093300974969621,0.0432527098325057,0.000712697871411283,0.0423486122919301,0.0657783777048601,0,0,0,1.81167928765103
"TCGA-LD-A7W6-01A",0.162402997162852,0,0.0846652554480281,0.0763522434775783,0,0.180270500195084,0,0.0690960444419456,0,0,0,0.0770346135990316,0.0225209660023515,0.0174000478689662,0.100779817462909,0.0621221351474971,0,0.0550618850827223,0.0922934941110345,0,0,0,1.91750883540928
"TCGA-LD-A9QF-01A",0.0563667869151698,0.0715744073101351,0,0.098402554451787,0,0.110006270883552,0,0.114731202554954,0,0,0.0334940654034669,0.0327877067318077,0.0549125525248387,0.14885774136099,0.124421608678769,0.0715413837643913,0.00416276052823084,0.0448914854486587,0.0338494734432484,0,0,0,1.79988503870346
"TCGA-LL-A50Y-01A",0.0985369195253049,0.0604523140908275,0,0.0803811936298684,0,0.151895677481974,0,0.0327470456974566,0.074555616722534,0,0.0456783319231369,0,0.0397768714946129,0.0409602443529399,0.0968626578553014,0.120981880436005,0.0831098984499851,0.00117189136380868,0.0728894569762442,0,0,0,1.8432015235342
"TCGA-LL-A5YL-01A",0.167065594985803,0,0.00146202624424201,0.0637603051133182,0,0.128869783020767,0,0.0367383430492707,0.0301848909399368,0,0,0.0888003416677373,0.0494461543536511,0.0522839530814308,0.0986206099567385,0.0997051857171277,0,0.0618629485191236,0.121199863350852,0,0,0,1.73567302297284
"TCGA-LL-A5YM-01A",0.0263555458407995,0,0.0924496040454518,0.102701865838802,0,0.0342468530623078,0,0.0369782901362676,0.039051653242441,0,0,0.0943157233598513,0.0150929923185396,0.125201824452759,0.103033681966843,0.151595131503108,0.00898226465945267,0,0.169994569573378,0,0,0,1.72210755446533
"TCGA-LL-A5YN-01A",0.165776290551476,0,0.0262577086613626,0.104103152881076,0,0.108666529825515,0.00384924091697979,0.0948843740490822,0.0211371824205171,0,0,0.0704489395750449,0.0345808504990121,0.0468211277287076,0.106749731720341,0.0961067014011013,0.0176260675315747,0.0317761355623456,0.071215966675863,0,0,0,1.77223693292095
"TCGA-LL-A5YO-01A",0.141663689024895,0,0.0558879899571271,0.0967901552727554,0,0.106748738643144,0.0239122159312546,0.0404586728023852,0.0405661623635046,0,0,0.0792241792506627,0.037339010832398,0.069943534116334,0.115664207644108,0.0743502404749533,0.0215804690406578,0.0113177630852809,0.0845529715605395,0,0,0,1.77979698275471
"TCGA-LL-A5YP-01A",0.0605955128671101,0,0.0375031966970858,0.0820520123970419,0,0.138275208295459,0,0.129052169079007,0,0,0,0.043859792360725,0.0752528756890178,0.0268590773883851,0.124583247545974,0.154690780041408,0.0199350594153191,0.0580726476096491,0.0369790926121283,0,0,0.0122893280016897,1.77990038188824
"TCGA-LL-A6FP-01A",0,0,0.00196843714454408,0,0,0.160519407373885,0,0.0371461822601317,0.0166180922429461,0,0,0.100631997555949,0.0119340072425629,0,0.0519463483751988,0.351929752494429,0.0123434007813168,0,0.223027899642388,0,0.00184386531276847,0.0300906095738802,1.81216871188613
"TCGA-LL-A6FQ-01A",0.00391637701518737,0,0.0192943638058191,0.012272498532684,0,0.131356155342469,0,0.0409020416373262,0.02953300527468,0,0,0.12549632563412,0.0352512086795121,0.188594500227081,0.0593245046284793,0.196743403372098,0.0106879847944048,0.0425427742254636,0.104084856830676,0,0,0,1.78447675154058
"TCGA-LL-A6FR-01A",0.039720106858708,0,0,0.047981387794043,0,0.0797771842199283,0,0,0.0774087263686333,0,0,0.0974372803730713,0.0296335407497325,0.239730675880959,0,0.194097476421975,0,0.0971801454238828,0.0960553278076292,0,0,0.000978148101437761,1.85817200001017
"TCGA-LL-A73Y-01A",0.150950906878852,0,0.0271662891522395,0,0,0.188512829939433,0,0.0926308560710035,0,0,0,0.0558322422394925,0.0378561733320416,0.139168592456081,0.0703411247725505,0.0389021127448379,0.0689743278803679,0.0941716447405269,0.0354928997925739,0,0,0,1.77525405761984
"TCGA-LL-A73Z-01A",0.187504363835777,0,0.0135358972290576,0.0505346443227971,0,0.112813680108214,0,0.0392906541046277,0.0051599459825931,0,0.00261222783509111,0.0767801564930766,0.059026288645299,0.0461690839457302,0.186664360512908,0.084217428473126,0.0174828278596926,0.0305574331541789,0.0876510074978318,0,0,0,1.74428986912349
"TCGA-LL-A740-01A",0.0248729453780402,0.00166031615822966,0.0382939534399588,0.0598466073326098,0,0.17581429682147,0,0.0254996922475015,0,0,0,0.133660977324986,0.0612254358694734,0.139297283697079,0.0261013459743962,0.0582731289917641,0.0440706697939513,0.0939465011838146,0.100175700544708,0,0.017261145242018,0,1.73144744812728
"TCGA-LL-A7SZ-01A",0.0126278932464121,0.0652574897411,0.158810463964765,0.0806486668218606,0,0.107847735495384,0,0.108641280665549,0.0280027009856677,0,0,0.0376391781829898,0.0345049629533084,0.0401983337679335,0.101076675471598,0.133666113176137,0.0116835406787369,0.0202920896390262,0.0591028752095321,0,0,0,1.77897968519294
"TCGA-LL-A7T0-01A",0.059476865222106,0,0.126502084363621,0.0907782548695521,0,0.140770024847736,0,0.0969728070983125,0.0042889709201575,0,0,0.0832848151454721,0.0238369290905078,0.0894420273185315,0.0922859057497259,0.114761804200073,0,0.021249516858589,0.0563499943156147,0,0,0,1.70763405075558
"TCGA-LL-A8F5-01A",0,0.0768617987272754,0.163148271477159,0.0329099994499098,0,0.128021408696868,0.0129505620688542,0.087791982995295,0.0387664958846452,0,0.0110494162057337,0.0329230799583902,0.0169223351678983,0.118315207734438,0.0853457047072959,0.0934908625781728,0,0.0687853676795883,0.0327175066684758,0,0,0,1.67297066096757
"TCGA-LL-A9Q3-01A",0.0329759046037443,0,0.0231234305617451,0.062487201255984,0,0.21220080534154,0,0.0321209579123121,0.0206079639843959,0,0,0.0952136870218771,0.0222440101264654,0.0507094379725287,0.102137435239639,0.118587709988075,0,0.0418921685022592,0.17221891974503,0,0.0134803677444041,0,1.78300351946734
"TCGA-OK-A5Q2-01A",0.247778231525617,0,0.00334478804692797,0.125259963090266,0,0.162885243374863,0,0.0927067179657044,0,0,0.00459272731822092,0.0241681620686333,0.00713144483617763,0.0535121785431514,0.0935241842482403,0.063377203753149,0.0318970582399416,0.025283431652764,0.0645386653363432,0,0,0,1.81021049283817
"TCGA-OL-A5D6-01A",0.0110265651137105,0.062919707237369,0.0191780147378566,0.164831665260713,0,0.17814920653329,0,0.079162239204989,0,0,0,0.0406749341572243,0.0585202585389913,0.0873022620086939,0.0835688255227174,0.0666188122880308,0,0.0453173324572516,0.102256236425745,0,0.000473940513417571,0,1.73189464665377
"TCGA-OL-A5D7-01A",0.123569923752854,0,0.088435026874036,0.132002605507775,0,0.0283946863079493,0.0361238015345609,0.117318964524603,0.0239266561990842,0,0,0.0305521367784789,0.0444011020931016,0.0612060255288994,0.153905577768264,0.0913616044373172,0,0.0551393861613141,0.0131347729388442,0,0.000527729592917964,0,1.86632653017136
"TCGA-OL-A5D8-01A",0.0763608227398926,0,0.0739764769982528,0.0413373553710549,0,0.093113433528732,0,0.157538747802247,0.0285411717487401,0,0.00327744858251001,0.0733270773483345,0.00917284598717155,0.0754435983566466,0.114159359159749,0.116507372289054,0.00548409783748669,0.0508209080177095,0.080939284232419,0,0,0,1.88249763593697
"TCGA-OL-A5DA-01A",0.0196472377229797,0.00774281789222771,0.0688357753595095,0.119271257911446,0,0.141850630569063,0.00684645147339173,0.110924973035231,0.0132742730443748,0,0.0287727811344886,0.0103620940286206,0.0216450176241468,0.0565227240271764,0.143521558878966,0.0803453161663258,0,0.0218154821670664,0.131442606598574,0,0.0171790023664108,0,1.86851714268514
"TCGA-OL-A5RU-01A",0.145352970165412,0.0305110627007716,0.0868145474365885,0.1089220479156,0,0.109524730903433,0,0.0925812932039258,0,0,0.0227286133849565,0,0.0580734087308629,0.0736900778026765,0.0989412270523216,0.0506017385055347,0,0.0536762632478469,0.0662250552686828,0,0.002356963681387,0,1.88176332240452
"TCGA-OL-A5RV-01A",0.170337375613679,0,0.127405235508434,6.21630237930846e-06,0,0.193514345457608,0,0.138808507795154,0,0,0.00225445838609883,0.0504750462834867,0.0179048379790753,0.0583565098976861,0.0173567903900182,0.0625939902417542,0.000303679943606244,0.039843759112202,0.120839247088818,0,0,0,1.93104421638601
"TCGA-OL-A5RW-01A",0.0744485578891235,0,0.0374564292462372,0.0297595090565384,0,0.165300878888914,0,0.156812413683286,0,0,0,0.0762122232697872,0.0361763379348626,0.0710802045917868,0.12416864432001,0.0987794119794933,0,0.0821901407721928,0.0213007790250899,0,0.0183954086548568,0.00791906068782123,1.92084972931605
"TCGA-OL-A5RX-01A",0.215138882348138,0,0.0162596989894923,0.0704437703850054,0,0.207126946745844,0,0.121263354341689,0.00914782167644157,0,0,0.0222643080175067,0.0436325113552263,0.0480743268355409,0.059843015828106,0.0713965996164577,0.00373968739177315,0.0561232220935767,0.055545854375202,0,0,0,1.86402687199649
"TCGA-OL-A5RY-01A",0.187976989984517,0,0.0521369775487578,0.0822051632110091,0,0.126684995210097,0.0152596056773275,0.0497450027936153,0,0,0,0.0566227769197142,0.0363407599091328,0.00391941813058606,0.107788984462264,0.122288843541323,0.0539331434557709,0.026070861215319,0.0790264779405672,0,0,0,1.77790764302284
"TCGA-OL-A5RZ-01A",0.0429331625144182,0.0977080616473017,0,0.16030806729769,0,0.162353512665376,0,0.176766513270272,0,0,0,0,0.0680546476781702,0.160146392170636,0.0145076706451669,0.0617339007195635,0,0.0366450008977641,0.0048402423248298,0,0.0140028281688117,0,1.7580577021155
"TCGA-OL-A5S0-01A",0.121176049404566,0,0,0.0436895431176081,0,0.135340965044035,0,0.113713282593781,0.0110339807789543,0,0,0.0665345535611604,0.0570762154068236,0.0976500957485638,0.150335786905757,0.0647448841409804,0.0227771858938129,0.0646021648139135,0.0513252925900434,0,0,0,1.79890721948556
"TCGA-OL-A66I-01A",0.0679282697105865,0,0.0276644236592615,0.10874997627783,0,0.105669226107798,0.0419595663277755,0.0862469114263175,0.0253593025880851,0,0,0.101602913911287,0.0362030728050883,0.0596053021903865,0.111880381446194,0.0448304175492145,0.0478901653347874,0.0434314823641371,0.0909785883012515,0,0,0,1.87151115102777
"TCGA-OL-A66J-01A",0.0425577295657404,0.0174424032510619,0,0.0307551187856007,0,0.13437049944937,0,0.108012542075943,0,0,0.106048964914892,0.0684575562849027,0.0181536855336759,0.0843886676667321,0.0875531257235544,0.143439240797284,0.0338959535192317,0.0437835644254565,0.0786346312609857,0,0.00250631674556931,0,1.84639488225374
"TCGA-OL-A66K-01A",0.177465086637013,0,0.0870376821779658,0.0402376804564939,0,0.121894853081396,0,0.0262635240244515,0.020127011905551,0,0,0.0481113797153398,0.0262419824573082,0.0744456476897935,0.0586644928389277,0.160830063478765,0,0.0265127050685105,0.132167890468485,0,0,0,1.93893909162013
"TCGA-OL-A66L-01A",0.119068947587203,0,0.020389085459196,0.171752495435143,0,0.0887044458312783,0,0.0685420628083155,0,0,0,0.0494266880761717,0.0743253002136714,0.0118012941596422,0.0989034703237239,0.137487162470847,0.00354815287306913,0.0419044699666769,0.114146424795062,0,0,0,1.79186784356224
"TCGA-OL-A66N-01A",0.11605599497228,0.0594484673817237,0.018821953696583,0.0991850076355866,0,0.189156844073824,0,0,0,0,0,0.0442628960466161,0.0439814702964404,0.0991843458794278,0.105053272833766,0.034569407297046,0.00870507090551727,0,0.181575268981189,0,0,0,1.81322543890857
"TCGA-OL-A66O-01A",0.0421027154681797,0,0.169431332113242,0.124672957533814,0,0.107762868761804,0,0.0520517895178852,0.0205706280277428,0,0,0.111055288932916,0.0135756122593902,0.082267324806184,0.0327278836226107,0.0380607964486461,0,0.0328083587773235,0.17291244373026,0,0,0,1.80554878944111
"TCGA-OL-A66P-01A",0.0279916021923928,0.0435248886462454,0.110187502926981,0.112590614379052,0,0.084971386297117,0,0.0993105038061542,0,0,0.0417946423098954,0.0769123970870567,0.0353855337133,0.0357962148393026,0.0838796917907756,0.097814324230665,0.0293331450282981,0.0194598679833442,0.101047684769421,0,0,0,1.68317380285042
"TCGA-OL-A6VO-01A",0.0277773165864565,0.0450957235346763,0.0115585310914879,0.0475691172663337,0,0.170849853206549,0.00776719294012322,0.0990142805784433,0.011646755199357,0,0,0.0331013688367915,0.0691282241318278,0.135362940159591,0.176716572171576,0.0723453836215213,0,0.078317278563736,0,0,0.0137494621115295,0,1.89953221564742
"TCGA-OL-A6VQ-01A",0.157555268514569,0,0.0457457080817945,0.0360627837599016,0,0.224602390633296,0.00157149527341337,0.0720106547117935,0,0,0,0.0208607935361665,0.0567619867328144,0.00500743505282329,0.0951065369896954,0.0859452283899811,0.0154326070265737,0.0695006758568017,0.111611440099196,0,0.00222499534117972,0,1.92629490118739
"TCGA-OL-A6VR-01A",0.118867809099479,0,0.0925469347883278,4.44202512848948e-05,0,0.149733184158954,0,0.0861101639525981,0,0,0,0.0849262560315938,0.0330760207099785,0.205405847202865,0.0535204595681043,0.0563573509706036,0,0.0125918901411895,0.106819663125021,0,0,0,1.95457777502779
"TCGA-OL-A97C-01A",0.0573919382517296,0,0,0.163305738367118,0,0.0524594043152203,0.024938093306886,0.141417886010209,0,0,0,0.0450006119819752,0.03784858954454,0.116623877342364,0.133801591543723,0.148703582105953,0,0.00858110755608433,0.0699275796741976,0,0,0,1.86045262524369
"TCGA-PE-A5DC-01A",0.0906656889313359,0,0,0.0357826822016365,0,0.20978957354251,0,0.0650854481841752,0.0454186162439212,0,0,0.0552938070749029,0.0447500571856093,0.127957906982374,0.114527198093685,0.0721978834325212,0,0.0307878422575392,0.10774329586979,0,0,0,1.76393634667946
"TCGA-PE-A5DD-01A",0.0901292657636427,0,0.0585441794659732,0.107407128114003,0,0.237474479450908,0,0.0781327541454122,0,0,0,0.067857137613193,0.0293160816523618,0.0624229991764654,0.0822567965718439,0.0495170306687291,0,0.0126703472140052,0.124271800163463,0,0,0,1.85295059514122
"TCGA-PE-A5DE-01A",0.115895297829868,0,0.0616064088372209,0.14096798651458,0,0.0910571364558303,0,0.0908906098321247,0.00595557038218413,0,0,0.143622736421829,0.0503499604401095,0.0466676995718886,0.127169540290931,0.0693554728327612,0,0.0247786993538096,0.0316828812368625,0,0,0,1.92704460882801
"TCGA-PL-A8LX-01A",0,0,0.0375363928142192,0.0214910994131457,0,0.326017802305004,0,0,0.0239895109333659,0,0,0.0936527877602281,0.00539044530114233,0.0210556148706189,0.101161517449197,0.268313379172662,0.00806841782634124,0,0.0751884263511147,0,0.00701230659884674,0.0111222992041147,1.90814317805175
"TCGA-PL-A8LY-01A",0.114442176021973,0,0.059757592888125,0.149219124540639,0,0.174332050582651,0,0.0888893903380273,0,0,0,0.0912746613276456,0.0112810116463104,0.0245038487184459,0.0746481218826195,0.197776158504456,0.000997481952470555,0,0.0128783815966364,0,0,0,1.86823719231932
"TCGA-PL-A8LZ-01A",0.119498959369913,0,0.0276828667522964,0.0717569164299794,0,0.100414476340609,0.0145267790355889,0.147653146493407,0,0,0.00395164652692483,0.0591775367284382,0.0390054837260054,0.0399942127524155,0.158959849664613,0.110395641712551,0,0.101256958655568,0,0,0.00572552581169153,0,1.90263740481744
"TCGA-S3-A6ZF-01A",0.155164447739969,0,0.0369046159344737,0.0420062602168975,0,0.162178159968709,0,0.0564094763821679,0,0,0,0.0781882987703482,0.0360267166991483,0.0512447977203163,0.117857256223693,0.0923111676854844,0.000387683771947932,0.056097105491127,0.115224013395718,0,0,0,1.80874889713352
"TCGA-S3-A6ZG-01A",0.0905666582783446,0,0.113352197762145,0.121414062481409,0,0.26166859443868,0,0,0,0,0,0.00473057831145507,0.0582361170044881,0.0534742591545785,0.105009348278035,0.0678135875817872,0,0.019935278546759,0.103799318162319,0,0,0,1.92705851598881
"TCGA-S3-A6ZH-01A",0.0911572393426678,0,0.0564402161818266,0.0290601486218074,0,0.120045099441662,0,0.0708405576963061,0.00935690370177764,0,0,0.0905163324207656,0.0600177988296656,0.0368845721426044,0.101511749485839,0.0814199986215444,0.027569761119384,0.0763552034231178,0.148824418971031,0,0,0,1.77079813886669
"TCGA-S3-AA0Z-01A",0.0746148329754064,0.00471684766881798,0.0589649049187278,0.0370022412877141,0,0.0995708616310257,0,0.217163310080417,0,0,0,0.104478005271305,0.0314661617718551,0.0696980604577756,0.14673153039358,0.111539774712171,0,0.0440534688312042,0,0,0,0,1.85501520028107
"TCGA-S3-AA10-01A",0.0917712910573464,0.0113692242715661,0.0199475846932211,0.0771191072978353,0,0.112363349148469,0.0419063759704372,0.148881520026855,0,0,0,0.0774450928009612,0.0372049640071514,0.0829418956305871,0.156768062803296,0.0732384472125702,0,0.0632135948162134,0,0,0.00582949026348969,0,1.86487342798454
"TCGA-S3-AA11-01A",0.106491434300526,0,0.0597638283783625,0.000216367672334425,0.00870342839020606,0.065437563582017,0,0.0534735319970279,0.0460387839122754,0,0.0104006519041872,0,0.0196097296317623,0.150560655111489,0.0580407164695075,0.168169233845642,0,0.0738362998625025,0.179257774942161,0,0,0,1.88990592086245
"TCGA-S3-AA12-01A",0.00882922006837061,0,0.112733652984503,0.0638663034275134,0,0.260659121017163,0,0.059191525641017,0.0205223100473778,0,0,0.0288067743481519,0.0617681092890032,0.0488498109328894,0.0641354649939355,0.147870871160172,0,0.0147504888574829,0.106655300847677,0,0.00136104638474371,0,1.86704449666795
"TCGA-S3-AA14-01A",0.125521857630877,0,0.104852070896611,0.0463555142464415,0,0.0976201315410902,0,0.122196927599371,0,0,0,0.09823477935448,0.0311973816296563,0.0362853712297018,0.0837302398851914,0.0990434735358928,0.00675084749660309,0.0195796036173492,0.128631801336735,0,0,0,1.80316876447959
"TCGA-S3-AA15-01A",0.171812069769218,0,0.11852935198205,0.0604705553426824,0,0.104973092075486,0.014898013876078,0.0769511628232156,0,0,0,0.061786061802853,0.0600159139029949,0.0523785223682495,0.0667053288223095,0.0812500979615737,0,0.0362938248668233,0.093936004406466,0,0,0,1.79215473347344
"TCGA-S3-AA17-01A",0.120184321468112,0.00830417886348795,0.0405751778244221,0.0593292283547537,0,0.108899942540032,0.0246861882651887,0.092197909166205,0.0141065425623603,0,0.0143887986898648,0.0499569354379589,0.059701747471641,0.0769161151896033,0.126547699200476,0.0964227624208713,0,0.0688508191895625,0.0389316333554609,0,0,0,1.86259471234274
"TCGA-UL-AAZ6-01A",0.00684281143085524,0,0.0275681465822258,0.0526355943892192,0,0.176546392880975,0,0.038049786806486,0.0440685492154591,0,0,0.116256343319712,0.0388639620380865,0.12079088603333,0.106120900714965,0.124741551793965,0,0.0162519901807053,0.131263084614015,0,0,0,1.74689353279767
"TCGA-UU-A93S-01A",0.0260954389430807,0.00814451528148926,0.0561268002306279,0,0,0.116257843077446,0,0.105257064434361,0.0102294956444365,0,0,0.125380452363595,0.023633799330016,0.151838597257923,0.123599334056447,0.0649684382524127,0,0.100892680891069,0.0875755402370961,0,0,0,1.85995922581231
"TCGA-V7-A7HQ-01A",0.0913554112399796,0,0.0173716600236288,0.00824659557855853,0,0.0911706479934076,0,0.0519302391250754,0.0482216768585102,0,0,0.178899262423921,0.0237794806552824,0.0552720168147154,0.0735877851425017,0.160879208424802,0.00647630437280056,0.019471812372181,0.173337898974636,0,0,0,1.76744503000905
"TCGA-W8-A86G-01A",0.183597927369098,0,0.132857822085282,0.0178326592985897,0,0.0578492977667534,0,0.0492470018176086,0.0602716051310518,0,0,0.0805874774385286,0.0135005015617485,0.0485354876113425,0.0392864735368257,0.0986335726125738,0,0.0330937073947971,0.184706466375801,0,0,0,1.97635600476887
"TCGA-WT-AB41-01A",0.196660966037675,0,0.0350243664161829,0.125644621600817,0,0.0670140154816121,0.0021239888989556,0.0930373340829651,0.0634162041472225,0,0,0.0124128892891921,0.0322917649366103,0.0578795080177693,0.0884243313909477,0.0615156957918119,0.0122381050547764,0.0689879244805793,0.0833282843728831,0,0,0,1.84669789924441
"TCGA-WT-AB44-01A",0.142272061090129,0,0.0562823452214089,0.0494018987717727,0,0.142907337314744,0,0.0569910040907443,0.0137858507659726,0,0,0.0404495151745142,0.0242663435901134,0.150947011494624,0.0467737710241991,0.0958549355837164,0,0.0626946951510899,0.117373230726971,0,0,0,1.74562668335329
"TCGA-XX-A899-01A",0.170461223226173,0,0.0193399089539762,0.0629097741605589,0,0.152041911344596,0.0210361343292742,0.0648391082651913,0,0,0.013592907541126,0.018943305539716,0.0650107307654933,0.0558272207377771,0.0814469413847763,0.0866285041817968,0,0.0600507312366452,0.1278715983329,0,0,0,1.8244795220541
"TCGA-XX-A89A-01A",0.0628097847651415,0,0.117039836061901,0.041276199520055,0,0.21689487805741,0,0.0765330287834558,0,0,0,0.0835049761058986,0.0495445047889562,0.0402344002201631,0.0994973250527209,0.107442946267749,0.00204351644780642,0.0395857503173735,0.0635928536113686,0,0,0,1.85367005399628
"TCGA-Z7-A8R5-01A",0.205017745652926,0,0,0.172258356476975,0,0.070754429996223,0,0.0751557337232047,0,0,0,0.0888549436235705,0.0605893254112174,0.053085122255598,0.051286346041049,0.126115540075334,0,0.0146007417266319,0.0822817150172699,0,0,0,1.8047656168203
"TCGA-Z7-A8R6-01A",0.0726411298775196,0,0.0292978986368341,0.0443585445529896,0,0.183266272249056,0,0.0880033668012146,0,0,0,0.105593540865683,0.0312161624141722,0.0813225245076953,0.0961835109510322,0.080187291572815,0.0492176329281822,0.0109605054022979,0.125606160145457,0,0.00165274335350748,0.000492715741544071,1.78953104859611
