k,resample,adjusted_rand_index,sample_retention,mean_cluster_jaccard,minimum_cluster_jaccard,heldout_adjusted_rand_index,heldout_sample_retention,heldout_mean_cluster_jaccard,cluster_1_jaccard,cluster_2_jaccard,cluster_3_jaccard,cluster_4_jaccard,cluster_5_jaccard
3,1,0.9408956672930615,0.9821428571428571,0.9682258995975598,0.9603960396039604,0.9276217353657562,0.9790575916230366,0.966661457519404,0.9815950920245399,0.9603960396039604,0.9626865671641791,,
3,2,0.9667432534368685,0.990546218487395,0.9850181428232977,0.9773869346733668,0.9260600191238985,0.9790575916230366,0.967871485943775,1.0,0.9776674937965261,0.9773869346733668,,
3,3,0.9450046940224537,0.9842436974789915,0.9752122470543426,0.9623115577889447,0.9434677928018202,0.9842931937172775,0.9763106251752173,1.0,0.9633251833740831,0.9623115577889447,,
3,4,0.9470624013861859,0.9842436974789915,0.9726903189277544,0.9646464646464646,0.93209430787165,0.9790575916230366,0.9611233193493512,0.9876543209876543,0.9646464646464646,0.9657701711491442,,
3,5,0.9347306425144456,0.9800420168067226,0.9637788577133892,0.9573934837092731,0.9445262884569018,0.9842931937172775,0.9754307116104869,0.975609756097561,0.9573934837092731,0.9583333333333334,,
3,6,0.9599799087559798,0.9873949579831933,0.9751833238423276,0.9704433497536946,0.9505676554593772,0.9842931937172775,0.9693590961883646,0.9753086419753086,0.9797979797979798,0.9704433497536946,,
3,7,0.9873114640309737,0.9957983193277311,0.9908469583232286,0.9876543209876543,0.981067957961404,0.9947643979057592,0.9918831168831169,0.9876543209876543,0.9924242424242424,0.992462311557789,,
3,8,0.9667413496674555,0.990546218487395,0.9850187032418952,0.9775,1.0,1.0,1.0,1.0,0.9775,0.9775561097256857,,
3,9,0.9772941805728654,0.9926470588235294,0.9846562764660924,0.9815950920245399,0.9679939354134633,0.9895287958115183,0.978818405647674,0.9815950920245399,0.9873737373737373,0.985,,
3,10,0.9740663346163372,0.9926470588235294,0.9883187134502923,0.9824561403508771,0.9629403436404319,0.9895287958115183,0.9834311001337861,1.0,0.9825,0.9824561403508771,,
3,11,0.9527555637534396,0.9852941176470589,0.9719166918494085,0.9696969696969697,0.9088019627962578,0.9738219895287958,0.9594627594627595,0.975609756097561,0.9696969696969697,0.9704433497536946,,
3,12,0.9496361483333448,0.9852941176470589,0.9755768785590919,0.9659367396593674,0.9627708874406015,0.9895287958115183,0.9835353535353536,0.9937888198757764,0.9670050761421319,0.9659367396593674,,
3,13,0.9507050565308711,0.9852941176470589,0.974301935958807,0.964735516372796,0.9458224449246746,0.9842931937172775,0.9744715447154472,0.9876543209876543,0.964735516372796,0.9705159705159705,,
3,14,0.9740660871892532,0.9926470588235294,0.988318567066421,0.9824120603015075,0.9443995390311393,0.9842931937172775,0.9755770662695458,1.0,0.9824120603015075,0.9825436408977556,,
3,15,0.9480712175689471,0.9842436974789915,0.9714514175854129,0.964735516372796,0.9497947622856749,0.9842931937172775,0.9690963219968481,0.9814814814814815,0.964735516372796,0.9681372549019608,,
3,16,0.9440924418532142,0.9821428571428571,0.9645704252868313,0.9631901840490797,0.9673622733758462,0.9895287958115183,0.9777420646985865,0.9631901840490797,0.9652605459057072,0.9652605459057072,,
3,17,0.9501823328222282,0.9842436974789915,0.9691176100153657,0.9675810473815462,0.9439767108716396,0.9842931937172775,0.9758530942741469,0.9696969696969697,0.9675810473815462,0.970074812967581,,
3,18,0.9399144194559702,0.9821428571428571,0.9693958334250093,0.9568527918781726,0.9693158604498925,0.9895287958115183,0.9779411764705882,0.9876543209876543,0.9568527918781726,0.9636803874092009,,
3,19,0.9568699859037787,0.9873949579831933,0.9788258574265906,0.9698492462311558,0.9636314304909137,0.9895287958115183,0.9828806584362141,0.9937888198757764,0.9728395061728395,0.9698492462311558,,
3,20,0.866501911358614,0.9600840336134454,0.9363458439145905,0.9081885856079405,0.8566303921661786,0.9581151832460733,0.9366150961087669,0.9875,0.9133489461358314,0.9081885856079405,,
3,21,0.9297222143235484,0.9779411764705882,0.9581166139901008,0.9525,0.957850572858258,0.9842931937172775,0.9641927309837758,0.9634146341463414,0.9584352078239609,0.9525,,
3,22,0.9381815955717001,0.9810924369747899,0.965389239391397,0.9587378640776699,0.8966890687968855,0.9685863874345549,0.945115757146232,0.9753086419753086,0.9621212121212122,0.9587378640776699,,
3,23,0.9574350225634732,0.9863445378151261,0.9722305413771192,0.968944099378882,0.9872638555722555,0.9947643979057592,0.9844407064760303,0.968944099378882,0.9752475247524752,0.9725,,
3,24,0.9456173988935253,0.9831932773109243,0.968597983662546,0.9595959595959596,0.9444591648559234,0.9842931937172775,0.9754318046456224,0.975609756097561,0.9595959595959596,0.9705882352941176,,
3,25,0.83755747858411,0.9495798319327731,0.9147276613611206,0.8878048780487805,0.8117601045652088,0.9424083769633508,0.9072662601626016,0.9573170731707317,0.8990610328638498,0.8878048780487805,,
3,26,0.9836050306276065,0.9947478991596639,0.9891756581265184,0.9876543209876543,1.0,1.0,1.0,0.9876543209876543,0.9898477157360406,0.9900249376558603,,
3,27,0.9810362408051289,0.9936974789915967,0.9862894720516162,0.9814814814814815,0.9858545022065582,0.9947643979057592,0.9868191721132898,0.9814814814814815,0.9849246231155779,0.992462311557789,,
3,28,0.9673421504326831,0.9894957983193278,0.9785030845283327,0.975609756097561,0.9874968585875659,0.9947643979057592,0.9862290862290862,0.975609756097561,0.9798994974874372,0.98,,
3,29,0.9773358850642855,0.9926470588235294,0.9846179323728288,0.9814814814814815,0.9681437484113635,0.9895287958115183,0.9767722473604827,0.9814814814814815,0.9848101265822785,0.9875621890547264,,
3,30,0.9479380472908451,0.9842436974789915,0.9715006132817199,0.9635922330097088,0.9269179005156822,0.9790575916230366,0.9671801067149904,0.9813664596273292,0.9695431472081218,0.9635922330097088,,
3,31,0.9542844373962993,0.9863445378151261,0.9759654188238418,0.967741935483871,0.8775364323069688,0.9633507853403142,0.941437908496732,0.9876543209876543,0.9725,0.967741935483871,,
3,32,0.9305389784384683,0.9779411764705882,0.956831501006278,0.9562043795620438,0.9733976604565524,0.9895287958115183,0.9733196464830648,0.9567901234567902,0.9562043795620438,0.9575,,
3,33,0.9517007168726096,0.9852941176470589,0.9730994099776445,0.967741935483871,0.9811355387943334,0.9947643979057592,0.9918261562998406,0.9814814814814815,0.970074812967581,0.967741935483871,,
3,34,0.9320442479302968,0.9789915966386554,0.960968793839115,0.9538834951456311,0.9494012448879154,0.9842931937172775,0.9678518660586172,0.9693251533742331,0.9596977329974811,0.9538834951456311,,
3,35,0.949245204248784,0.9842436974789915,0.9702050844403466,0.9646464646464646,0.9207374481024599,0.9738219895287958,0.9471135609293504,0.9753086419753086,0.9646464646464646,0.9706601466992665,,
3,36,0.9491694606964393,0.9842436974789915,0.9702441333090364,0.9625,0.9503905938430071,0.9842931937172775,0.9697316596050775,0.9754601226993865,0.9727722772277227,0.9625,,
3,37,0.9788392904966865,0.9936974789915967,0.9887202246344037,0.9848484848484849,0.9812875134827057,0.9947643979057592,0.991715550066893,0.99375,0.9848484848484849,0.9875621890547264,,
3,38,0.8433433656047006,0.9516806722689075,0.9189933158652216,0.8921568627450981,0.8155006825069295,0.9424083769633508,0.9012189714457821,0.9634146341463414,0.9014084507042254,0.8921568627450981,,
3,39,0.9430148798142878,0.9821428571428571,0.9657935051893204,0.9593908629441624,0.9324496086076937,0.9790575916230366,0.9601090741835864,0.9696969696969697,0.9593908629441624,0.9682926829268292,,
3,40,0.9466226713110174,0.9831932773109243,0.9674286834687962,0.9619289340101523,0.8956168332691502,0.9685863874345549,0.9444644861311527,0.9696969696969697,0.9619289340101523,0.9706601466992665,,
3,41,0.9320152444155171,0.9789915966386554,0.9609750348178485,0.9541062801932367,0.9495982995079858,0.9842931937172775,0.9689037313577943,0.9693251533742331,0.959493670886076,0.9541062801932367,,
3,42,0.8463659165759849,0.9516806722689075,0.9151547267814347,0.8938271604938272,0.8500105131962193,0.9528795811518325,0.916662505201831,0.9444444444444444,0.9071925754060325,0.8938271604938272,,
3,43,0.9589858330078053,0.9873949579831933,0.9763858120547303,0.9725,0.9554149001901839,0.9842931937172775,0.9632034632034632,0.9815950920245399,0.9725,0.9750623441396509,,
3,44,0.9543449129419506,0.9863445378151261,0.9759295242031815,0.9671717171717171,0.9638318790031849,0.9895287958115183,0.9825729825729826,0.9875776397515528,0.9671717171717171,0.9730392156862745,,
3,45,0.9512086697709614,0.9842436974789915,0.967982730307757,0.963855421686747,0.9496099172994548,0.9842931937172775,0.9689355973985956,0.963855421686747,0.9724310776942355,0.9676616915422885,,
3,46,0.9316876249769681,0.9800420168067226,0.9674721245548735,0.9528535980148883,0.9623094440686275,0.9895287958115183,0.9839357429718877,0.9937888198757764,0.9557739557739557,0.9528535980148883,,
3,47,0.8844652366331534,0.9653361344537815,0.9428235370658814,0.9200968523002422,0.9153853149983583,0.9738219895287958,0.9528322440087145,0.9813664596273292,0.927007299270073,0.9200968523002422,,
3,48,0.8833345050903272,0.9632352941176471,0.9324147302529365,0.9174757281553398,0.8777899894043752,0.9633507853403142,0.9372452429247561,0.9457831325301205,0.9174757281553398,0.9339853300733496,,
3,49,0.9502328031337762,0.9842436974789915,0.9690906640808684,0.964735516372796,0.9276592100516043,0.9790575916230366,0.9666197256558702,0.9696969696969697,0.964735516372796,0.9728395061728395,,
3,50,0.951206498317745,0.9842436974789915,0.9678925592531563,0.9634146341463414,0.9816138577813781,0.9947643979057592,0.991365265558814,0.9634146341463414,0.9723618090452262,0.9679012345679012,,
3,51,0.9453916193841146,0.9831932773109243,0.9686336330684274,0.9635036496350365,0.981253512666255,0.9947643979057592,0.9917073667073667,0.9753086419753086,0.9670886075949368,0.9635036496350365,,
3,52,0.9114824686492748,0.9737394957983193,0.9566189035143283,0.9385749385749386,0.9447578750176928,0.9842931937172775,0.9753048780487804,0.9876543209876543,0.9385749385749386,0.9436274509803921,,
3,53,0.9810070709010948,0.9936974789915967,0.9863122880588128,0.9815950920245399,0.9448080150378411,0.9842931937172775,0.9752482811306341,0.9815950920245399,0.9873417721518988,0.99,,
3,54,0.9688722240487276,0.990546218487395,0.982534564595604,0.9798994974874372,0.9444059951881655,0.9842931937172775,0.9755770662695458,0.9876543209876543,0.9800498753117207,0.9798994974874372,,
3,55,0.9814296441427668,0.9947478991596639,0.9916342322597439,0.9873096446700508,0.9624366901207111,0.9895287958115183,0.9838330393885949,1.0,0.9873096446700508,0.9875930521091811,,
3,56,0.886975567547958,0.9663865546218487,0.9456570366441753,0.9234567901234568,0.8805946084309392,0.9633507853403142,0.9371844066288512,0.9875,0.9260143198090692,0.9234567901234568,,
3,57,0.8244326457604833,0.9453781512605042,0.9086636264323347,0.8759124087591241,0.8169426153493948,0.9424083769633508,0.9003425372096258,0.9570552147239264,0.8930232558139535,0.8759124087591241,,
3,58,0.8811528198426498,0.9642857142857143,0.9412130412891034,0.9199029126213593,0.8762976325697679,0.9633507853403142,0.9359360730593608,0.9815950920245399,0.9199029126213593,0.9221411192214112,,
3,59,0.9294672416543575,0.9779411764705882,0.9581609798853447,0.9541062801932367,0.9385032752557662,0.9790575916230366,0.9545021821643608,0.9634146341463414,0.9569620253164557,0.9541062801932367,,
3,60,0.9825280793305722,0.9947478991596639,0.9903919181830476,0.9874371859296482,0.9813668084956814,0.9947643979057592,0.9916457811194653,0.9937888198757764,0.9874371859296482,0.9899497487437185,,
3,61,0.9725409646489583,0.9915966386554622,0.9841887937630539,0.9824120603015075,0.9556568842961737,0.9842931937172775,0.9621192971540052,0.9876543209876543,0.9825,0.9824120603015075,,
3,62,0.8252778724765466,0.9464285714285714,0.9127850803846287,0.8833746898263027,0.795974795528026,0.93717277486911,0.8992314874667816,0.9691358024691358,0.8858447488584474,0.8833746898263027,,
3,63,0.8252275375716066,0.9464285714285714,0.9140087161474252,0.8817733990147784,0.8126334047577258,0.9424083769633508,0.9069625931492,0.9754601226993865,0.8847926267281107,0.8817733990147784,,
3,64,0.8940014114467741,0.9684873949579832,0.9487303021178359,0.9292682926829269,0.9117827354885152,0.9738219895287958,0.9571188188677198,0.9876543209876543,0.9292682926829269,0.9292682926829269,,
3,65,0.92839280177737,0.976890756302521,0.9540444348191347,0.949748743718593,0.9035217223023192,0.9685863874345549,0.9410274537527984,0.9512195121951219,0.949748743718593,0.9611650485436893,,
3,66,0.9517210870865804,0.9852941176470589,0.9731084643791431,0.9675810473815462,0.9323188401091859,0.9790575916230366,0.9611233193493512,0.9815950920245399,0.9675810473815462,0.9701492537313433,,
3,67,0.8374729183767182,0.9495798319327731,0.9146958618569595,0.8875305623471883,0.8799533615422364,0.9633507853403142,0.9371925413785879,0.9567901234567902,0.8997668997668997,0.8875305623471883,,
3,68,0.9762197391246045,0.9926470588235294,0.9858463581452014,0.9848101265822785,0.9634725111596147,0.9895287958115183,0.983008658008658,0.9876543209876543,0.9848101265822785,0.9850746268656716,,
3,69,0.9589922939595622,0.9873949579831933,0.9763687619095424,0.9720812182741116,0.9317363951321076,0.9790575916230366,0.961225702402173,0.9815950920245399,0.9720812182741116,0.9754299754299754,,
3,70,0.9740668294563414,0.9926470588235294,0.9883178350920286,0.9823232323232324,1.0,1.0,1.0,1.0,0.9823232323232324,0.9826302729528535,,
3,71,0.9320112495323998,0.9779411764705882,0.9555913013117862,0.95,0.9282677897787764,0.9790575916230366,0.9658994032395567,0.950920245398773,0.95,0.9658536585365853,,
3,72,0.9788013434516514,0.9936974789915967,0.9887290619765494,0.985,0.9813183399411296,0.9947643979057592,0.9916795865633076,0.99375,0.985,0.9874371859296482,,
3,73,0.9615613846140527,0.9884453781512605,0.9792388883757684,0.975,0.9875352037890479,0.9947643979057592,0.9839800117577896,0.9876543209876543,0.975,0.9750623441396509,,
3,74,0.9124932957713889,0.9737394957983193,0.9553143323072243,0.9392405063291139,0.9147565188267887,0.9738219895287958,0.9522102747909199,0.9815950920245399,0.9392405063291139,0.9451073985680191,,
3,75,0.8615713565793934,0.957983193277311,0.9307087470250021,0.9061728395061729,0.8479911669376763,0.9528795811518325,0.9108233036804466,0.9751552795031055,0.9107981220657277,0.9061728395061729,,
3,76,0.9873115245938202,0.9957983193277311,0.9908468624287708,0.9876543209876543,1.0,1.0,1.0,0.9876543209876543,0.9924050632911392,0.9924812030075187,,
3,77,0.8657195600929485,0.9590336134453782,0.9310029877355678,0.910411622276029,0.9462062614381869,0.9842931937172775,0.9741924741924742,0.9691358024691358,0.9134615384615384,0.910411622276029,,
3,78,0.9384312636380836,0.9810924369747899,0.965314631461824,0.9543147208121827,0.9819641201990151,0.9947643979057592,0.9911530178685757,0.975609756097561,0.9543147208121827,0.9660194174757282,,
3,79,0.9777430127461771,0.9936974789915967,0.9899748743718592,0.9849246231155779,0.9620966919149043,0.9895287958115183,0.984090909090909,1.0,0.985,0.9849246231155779,,
3,80,0.9836050306276065,0.9947478991596639,0.9891756581265184,0.9876543209876543,1.0,1.0,1.0,0.9876543209876543,0.9898477157360406,0.9900249376558603,,
3,81,0.971462304124223,0.9915966386554622,0.9854169184963348,0.9800498753117207,0.986784423993434,0.9947643979057592,0.9839090026355942,0.9937888198757764,0.9824120603015075,0.9800498753117207,,
3,82,0.9393305410005411,0.9810924369747899,0.9641423729920663,0.9575,0.9212726870125254,0.9738219895287958,0.9427940551128957,0.9693251533742331,0.9656019656019657,0.9575,,
3,83,0.856518829397625,0.9548319327731093,0.9186841717989945,0.9021479713603818,0.889518672032618,0.9633507853403142,0.9263618244648054,0.9386503067484663,0.9021479713603818,0.9152542372881356,,
3,84,0.9517085335302716,0.9852941176470589,0.9731175333636859,0.9681372549019608,0.9449924735017996,0.9842931937172775,0.9751082251082251,0.9815950920245399,0.9696202531645569,0.9681372549019608,,
3,85,0.928654388154042,0.9779411764705882,0.9593029201191966,0.9472361809045227,0.9460263173832202,0.9842931937172775,0.974320987654321,0.9696969696969697,0.9609756097560975,0.9472361809045227,,
3,86,0.784932074878547,0.9296218487394958,0.8748487441540199,0.8606356968215159,0.8024456638441201,0.9319371727748691,0.8721998314103576,0.9005847953216374,0.8633257403189066,0.8606356968215159,,
3,87,0.8700571808278591,0.9611344537815126,0.9378607892946468,0.9111111111111111,0.8314780717601754,0.9476439790575916,0.9060135404221427,0.9875776397515528,0.9148936170212766,0.9111111111111111,,
3,88,0.9381694303169912,0.9810924369747899,0.9654273562972221,0.9564164648910412,0.9126122311080102,0.9738219895287958,0.952365293292321,0.9753086419753086,0.9645569620253165,0.9564164648910412,,
3,89,0.875402951431599,0.9600840336134454,0.9253608892177217,0.9195979899497487,0.8901579764502255,0.9685863874345549,0.952647800504343,0.9341317365269461,0.9195979899497487,0.9223529411764706,,
3,90,0.9390484674662402,0.9800420168067226,0.9589796128593054,0.9515151515151515,0.9325275255069995,0.9790575916230366,0.9604370416383765,0.9515151515151515,0.957286432160804,0.9681372549019608,,
3,91,0.949245204248784,0.9842436974789915,0.9702050844403466,0.9646464646464646,0.9684405055733666,0.9895287958115183,0.9773449449961404,0.9753086419753086,0.9646464646464646,0.9706601466992665,,
3,92,0.924481079311921,0.9779411764705882,0.9642971323386941,0.9495192307692307,0.9633346948892317,0.9895287958115183,0.9831196581196582,0.99375,0.9496221662468514,0.9495192307692307,,
3,93,0.8724283176275148,0.9611344537815126,0.9341089346594144,0.9138755980861244,0.8628719128984815,0.9581151832460733,0.9293650793650793,0.9691358024691358,0.9138755980861244,0.9193154034229829,,
3,94,0.9563857971561117,0.9863445378151261,0.9735587599276618,0.9723618090452262,0.8889803826592395,0.9685863874345549,0.9534820824881677,0.975609756097561,0.9723618090452262,0.9727047146401985,,
3,95,0.9491698412173672,0.9842436974789915,0.9702516511389984,0.9645569620253165,0.9271321910814755,0.9790575916230366,0.967032967032967,0.975609756097561,0.9645569620253165,0.9705882352941176,,
3,96,0.9605219506800841,0.9884453781512605,0.9804784896542652,0.9727722772277227,0.9811603093422718,0.9947643979057592,0.9918197330121449,0.9937888198757764,0.9727722772277227,0.9748743718592965,,
3,97,0.9605046702481029,0.9884453781512605,0.9804817790508489,0.972972972972973,0.9811730171014337,0.9947643979057592,0.9918049270990448,0.9937888198757764,0.9746835443037974,0.972972972972973,,
3,98,0.996266873645409,0.9989495798319328,0.9983185544232832,0.9974619289340102,0.9815489016348934,0.9947643979057592,0.991504329004329,1.0,0.9974619289340102,0.9974937343358395,,
3,99,0.9491583184662917,0.9842436974789915,0.9702527845163539,0.9625935162094763,0.9501452219741404,0.9842931937172775,0.9699561403508773,0.9754601226993865,0.9727047146401985,0.9625935162094763,,
3,100,0.9391781115528297,0.9810924369747899,0.9641427788074802,0.9588377723970944,0.9815532749593909,0.9947643979057592,0.9914737466947278,0.968944099378882,0.9646464646464646,0.9588377723970944,,
3,101,0.9814285810900294,0.9947478991596639,0.991635180520571,0.9874055415617129,0.9465850300707588,0.9842931937172775,0.9736263736263737,1.0,0.9874055415617129,0.9875,,
3,102,0.8698671562623073,0.9611344537815126,0.9378958124975187,0.9125295508274232,0.7952886678565609,0.93717277486911,0.8996876799623367,0.9875776397515528,0.9125295508274232,0.9135802469135802,,
3,103,0.9740685612476542,0.9926470588235294,0.988316517306929,0.9822335025380711,0.9639879982487192,0.9895287958115183,0.9825782001244415,1.0,0.9822335025380711,0.9827160493827161,,
3,104,0.9553570491012818,0.9863445378151261,0.974725818306312,0.9695431472081218,0.9690948583177952,0.9895287958115183,0.97302847754655,0.9815950920245399,0.9695431472081218,0.9730392156862745,,
3,105,0.9586881862060851,0.9863445378151261,0.971070132459146,0.9631901840490797,0.9030300013687891,0.9685863874345549,0.9394794174979934,0.9631901840490797,0.9697732997481109,0.980246913580247,,
3,106,0.926373897951542,0.9779411764705882,0.9618123757146496,0.9496402877697842,0.9442519708774756,0.9842931937172775,0.975685234305924,0.9813664596273292,0.9544303797468354,0.9496402877697842,,
3,107,0.942424419737491,0.9831932773109243,0.9723268577545809,0.960880195599022,0.9243317819064494,0.9790575916230366,0.9691622103386809,0.9937888198757764,0.9623115577889447,0.960880195599022,,
3,108,0.9428240669964328,0.9810924369747899,0.9604509815981069,0.950920245398773,0.9125402670372449,0.9685863874345549,0.9255619229993006,0.950920245398773,0.9573934837092731,0.9730392156862745,,
3,109,0.9594566894105488,0.9884453781512605,0.9817344516406528,0.9724310776942355,0.9627454756792316,0.9895287958115183,0.9835652349263965,1.0,0.9727722772277227,0.9724310776942355,,
3,110,0.9667423015794063,0.990546218487395,0.9850185164403547,0.9774436090225563,0.9807441952026038,0.9947643979057592,0.9921470805617147,1.0,0.9776119402985075,0.9774436090225563,,
3,111,0.9455935291399827,0.9831932773109243,0.9685963125139371,0.9625,0.9386990731297442,0.9790575916230366,0.9524710218730297,0.9753086419753086,0.9679802955665024,0.9625,,
3,112,0.9096238980973349,0.9726890756302521,0.9526017198663429,0.9376498800959233,0.9132234368185087,0.9738219895287958,0.9529768604185346,0.9751552795031055,0.945,0.9376498800959233,,
3,113,0.9710080970970262,0.990546218487395,0.9801166243818574,0.9753086419753086,1.0,1.0,1.0,0.9753086419753086,0.9873737373737373,0.9776674937965261,,
3,114,0.9398637449673521,0.9821428571428571,0.9694276996048582,0.9573934837092731,0.9435884671591793,0.9842931937172775,0.9760698198198199,0.9876543209876543,0.9632352941176471,0.9573934837092731,,
3,115,0.9371490540883445,0.9810924369747899,0.9666312546413728,0.9563106796116505,0.93120664389003,0.9790575916230366,0.9596274184394106,0.9813664596273292,0.9622166246851386,0.9563106796116505,,
3,116,0.9532498725606463,0.9863445378151261,0.9772082166702424,0.9682926829268292,0.944579654314649,0.9842931937172775,0.9753753753753753,0.9937888198757764,0.9695431472081218,0.9682926829268292,,
3,117,0.9703989635789046,0.9915966386554622,0.9866665833328124,0.9799498746867168,0.9626060241962929,0.9895287958115183,0.9836791560929492,1.0,0.9799498746867168,0.9800498753117207,,
3,118,0.930223797869902,0.9789915966386554,0.9633608248227584,0.9526184538653366,0.9144310626879627,0.9738219895287958,0.953062695610121,0.9813664596273292,0.9560975609756097,0.9526184538653366,,
3,119,0.9466672193765663,0.9831932773109243,0.9673955923149679,0.9646464646464646,0.9238448551991614,0.9738219895287958,0.946145895448221,0.9693251533742331,0.9646464646464646,0.9682151589242054,,
3,120,0.8905396677338748,0.967436974789916,0.9471636295168033,0.926829268292683,0.9625641494478561,0.9895287958115183,0.9837301587301588,0.9876543209876543,0.926829268292683,0.927007299270073,,
3,121,0.8649114965998181,0.9590336134453782,0.9322451093588446,0.9086538461538461,0.8676793595631287,0.9581151832460733,0.9249836921069798,0.9754601226993865,0.9086538461538461,0.912621359223301,,
3,122,0.9527034238600455,0.9852941176470589,0.9719164254451749,0.9681372549019608,0.9810579937026516,0.9947643979057592,0.9918950781019746,0.9754601226993865,0.9721518987341772,0.9681372549019608,,
3,123,0.9899209536262554,0.9968487394957983,0.9937355772480183,0.9924812030075187,0.9628247075864641,0.9895287958115183,0.9835164835164836,0.9937888198757764,0.9949367088607595,0.9924812030075187,,
3,124,0.8415220117391281,0.9516806722689075,0.9215209904814409,0.8880778588807786,0.7847507540443536,0.9319371727748691,0.8765842254214347,0.9753086419753086,0.9011764705882352,0.8880778588807786,,
3,125,0.9506639861743184,0.9852941176470589,0.9743216426150667,0.9650872817955112,0.9085161946134369,0.9738219895287958,0.9597868217054263,0.9876543209876543,0.9702233250620348,0.9650872817955112,,
3,126,0.9641473413147481,0.9894957983193278,0.9821102285105331,0.9748743718592965,0.981830601867468,0.9947643979057592,0.9912820512820514,0.9937888198757764,0.9776674937965261,0.9748743718592965,,
3,127,0.9588588831873041,0.9873949579831933,0.9763946555775623,0.9706601466992665,0.9503629196068374,0.9842931937172775,0.9681626098715349,0.9813664596273292,0.9771573604060914,0.9706601466992665,,
3,128,0.9188512029894152,0.9716386554621849,0.9374529777309343,0.9064327485380117,0.9675550155099495,0.9895287958115183,0.9784248534248534,0.9064327485380117,0.9523809523809523,0.9535452322738386,,
3,129,0.9248329710450989,0.9758403361344538,0.9524311551655797,0.9472361809045227,0.9315946563807631,0.9790575916230366,0.9610924443773281,0.9512195121951219,0.9472361809045227,0.9588377723970944,,
3,130,0.931206957276683,0.9789915966386554,0.9621154208906235,0.9518987341772152,1.0,1.0,1.0,0.975609756097561,0.9518987341772152,0.9588377723970944,,
3,131,0.9814287582739375,0.9947478991596639,0.9916349698145209,0.9873737373737373,0.9813171433928837,0.9947643979057592,0.991588449505052,1.0,0.9873737373737373,0.9875311720698254,,
3,132,0.9777430127461771,0.9936974789915967,0.9899743705713856,0.9848484848484849,0.9447578750176928,0.9842931937172775,0.9753048780487804,1.0,0.9848484848484849,0.9850746268656716,,
3,133,0.948603455250814,0.9852941176470589,0.9768367983709396,0.964824120603015,0.9632122792264232,0.9895287958115183,0.9832119100411782,1.0,0.9656862745098039,0.964824120603015,,
3,134,0.9568843416714713,0.9873949579831933,0.9788311781719915,0.97,0.9443565305817074,0.9842931937172775,0.9755555555555556,0.9937888198757764,0.97,0.9727047146401985,,
3,135,0.9825091541406528,0.9947478991596639,0.9903939749347815,0.9874686716791979,0.981413743931444,0.9947643979057592,0.9916139240506329,0.9937888198757764,0.9899244332493703,0.9874686716791979,,
3,136,0.9641467425678995,0.9894957983193278,0.982123396374604,0.9753086419753086,0.9272395446212509,0.9790575916230366,0.966896551724138,0.9937888198757764,0.9772727272727273,0.9753086419753086,,
3,137,0.9814296441427668,0.9947478991596639,0.9916342322597439,0.9873096446700508,0.963122447928837,0.9895287958115183,0.9832679738562091,1.0,0.9873096446700508,0.9875930521091811,,
3,138,0.9368099802323772,0.9800420168067226,0.9613313439115493,0.9580246913580247,0.9136373063154366,0.9738219895287958,0.9530978530652767,0.9631901840490797,0.9627791563275434,0.9580246913580247,,
3,139,0.9334607148856721,0.976890756302521,0.9487700728921652,0.9235294117647059,0.9193833128028516,0.9738219895287958,0.9466463414634146,0.9235294117647059,0.9571788413098237,0.9656019656019657,,
3,140,0.9673446456663775,0.9894957983193278,0.9785010691238741,0.975609756097561,0.9889260239429086,0.9947643979057592,0.9829594853069031,0.975609756097561,0.9796954314720813,0.9801980198019802,,
3,141,0.9434408768382642,0.9831932773109243,0.9710739803847992,0.9602977667493796,0.9317147095925731,0.9790575916230366,0.9593549454660565,0.9875776397515528,0.9602977667493796,0.9653465346534653,,
3,142,0.9479695817698609,0.9842436974789915,0.9714926878235467,0.9634146341463414,0.9252134555827017,0.9790575916230366,0.9683333333333334,0.9813664596273292,0.9696969696969697,0.9634146341463414,,
3,143,0.8401768158397889,0.9495798319327731,0.9109246042003326,0.8886198547215496,0.8675628489628411,0.9581151832460733,0.9229890420135898,0.9382716049382716,0.9058823529411765,0.8886198547215496,,
3,144,0.8905369048198631,0.967436974789916,0.9471616513948323,0.9243902439024391,0.9092890824310288,0.9738219895287958,0.9590530077427039,0.9876543209876543,0.9294403892944039,0.9243902439024391,,
3,145,0.9568682366810867,0.9873949579831933,0.978828636377858,0.9699248120300752,0.9680667661068222,0.9895287958115183,0.9772777005457729,0.9937888198757764,0.9727722772277227,0.9699248120300752,,
3,146,0.7945762379178269,0.9327731092436975,0.879265690512157,0.8676470588235294,0.7610977231409604,0.9214659685863874,0.8648879142300195,0.9005847953216374,0.8695652173913043,0.8676470588235294,,
3,147,0.8322795141192342,0.9495798319327731,0.9224151786728458,0.8830845771144279,0.7851478715309835,0.93717277486911,0.9109351806036615,0.99375,0.8904109589041096,0.8830845771144279,,
3,148,0.9836045611031929,0.9947478991596639,0.9891761676602476,0.9876543209876543,0.9626855059234821,0.9895287958115183,0.9836345381526105,0.9876543209876543,0.9899244332493703,0.9899497487437185,,
3,149,0.9820934607440402,0.9936974789915967,0.9851114348974918,0.9754601226993865,0.9498228554922844,0.9842931937172775,0.9697370530703863,0.9754601226993865,0.9899244332493703,0.9899497487437185,,
3,150,0.8968711987989411,0.9684873949579832,0.9450042324326825,0.9310344827586207,0.8934371500678531,0.9685863874345549,0.9501547987616098,0.9695121951219512,0.9344660194174758,0.9310344827586207,,
3,151,0.9312774629057907,0.9789915966386554,0.9620669972608651,0.949238578680203,0.9269516999105732,0.9790575916230366,0.9669172932330827,0.975609756097561,0.949238578680203,0.961352657004831,,
3,152,0.9434519936773341,0.9831932773109243,0.9710708778809137,0.9627791563275434,0.9249803897198897,0.9790575916230366,0.9684765177548683,0.9876543209876543,0.9627791563275434,0.9627791563275434,,
3,153,0.949239891665297,0.9842436974789915,0.9702043105563289,0.9650872817955112,0.9135689770867103,0.9738219895287958,0.9523809523809522,0.9751552795031055,0.9703703703703703,0.9650872817955112,,
3,154,0.9652130892673141,0.9894957983193278,0.9808832735125365,0.9772727272727273,0.9811603093422718,0.9947643979057592,0.9918197330121449,0.9876543209876543,0.9772727272727273,0.9777227722772277,,
3,155,0.971462304124223,0.9915966386554622,0.9854169184963348,0.9800498753117207,0.9255851741019079,0.9790575916230366,0.9682134241521214,0.9937888198757764,0.9824120603015075,0.9800498753117207,,
3,156,0.9579213303502783,0.9873949579831933,0.9775970456360175,0.9725,0.9445262884569018,0.9842931937172775,0.9754307116104869,0.9876543209876543,0.972636815920398,0.9725,,
3,157,0.8129868787407072,0.9422268907563025,0.9067220232161572,0.8691358024691358,0.8207100237446312,0.9424083769633508,0.8952279707063547,0.968944099378882,0.8820861678004536,0.8691358024691358,,
3,158,0.8690639246691527,0.9590336134453782,0.9260917372337741,0.9121140142517815,0.865961153970426,0.9581151832460733,0.9237902278599952,0.9447852760736196,0.9121140142517815,0.9213759213759214,,
3,159,0.9553525734942244,0.9863445378151261,0.9747328218874655,0.9696969696969697,0.9111663918838443,0.9738219895287958,0.957530392313001,0.9815950920245399,0.9696969696969697,0.9729064039408867,,
3,160,0.8388637257218886,0.9506302521008403,0.9187696154813357,0.8883495145631068,0.8269320092046751,0.9476439790575916,0.9147570912703206,0.9691358024691358,0.8988235294117647,0.8883495145631068,,
3,161,0.8383200763852718,0.9506302521008403,0.9199598211036119,0.8848039215686274,0.9098735228197061,0.9738219895287958,0.9587471352177235,0.9753086419753086,0.8997668997668997,0.8848039215686274,,
3,162,0.9605004298771503,0.9884453781512605,0.9804752119320582,0.972636815920398,1.0,1.0,1.0,0.9937888198757764,0.975,0.972636815920398,,
3,163,0.9527592250219881,0.9852941176470589,0.9719068895350312,0.9652605459057072,0.938732203222543,0.9790575916230366,0.9545021821643608,0.9754601226993865,0.975,0.9652605459057072,,
3,164,0.9758354671593064,0.9915966386554622,0.9806714922090288,0.9696969696969697,1.0,1.0,1.0,0.9696969696969697,0.982367758186398,0.9899497487437185,,
3,165,0.9651629187312452,0.9894957983193278,0.9808979777742232,0.9753694581280788,0.9870734350536695,0.9947643979057592,0.9841736694677872,0.9875776397515528,0.979746835443038,0.9753694581280788,,
3,166,0.956865972770501,0.9873949579831933,0.9788334829212518,0.970074812967581,0.963499012363031,0.9895287958115183,0.9829810298102982,0.9937888198757764,0.972636815920398,0.970074812967581,,
3,167,0.9699031960040945,0.990546218487395,0.981312572251014,0.9777227722772277,0.9270959709418091,0.9790575916230366,0.9670581058410859,0.9813664596273292,0.9848484848484849,0.9777227722772277,,
3,168,0.9106393900000737,0.9726890756302521,0.951346549540994,0.9399038461538461,0.937082576752112,0.9790575916230366,0.9560526570371858,0.9691358024691358,0.945,0.9399038461538461,,
3,169,0.9714842491895291,0.9915966386554622,0.9854001002435245,0.9796954314720813,0.9630218668999772,0.9895287958115183,0.9832843213124903,0.9937888198757764,0.9796954314720813,0.9827160493827161,,
3,170,0.9409140034696809,0.9821428571428571,0.968192729326137,0.9593908629441624,0.981239469333912,0.9947643979057592,0.9917494270435446,0.9815950920245399,0.9593908629441624,0.9635922330097088,,
3,171,0.9416746962743833,0.9821428571428571,0.9670325179042901,0.9589371980676329,0.9457786926357895,0.9842931937172775,0.9745212593313859,0.9751552795031055,0.9670050761421319,0.9589371980676329,,
3,172,0.9751360355412605,0.9926470588235294,0.9870764064703028,0.9826302729528535,0.9871867755788923,0.9947643979057592,0.9841269841269842,0.9937888198757764,0.9848101265822785,0.9826302729528535,,
3,173,0.9772941805728654,0.9926470588235294,0.9846562764660924,0.9815950920245399,0.9868405797385522,0.9947643979057592,0.9859766691486721,0.9815950920245399,0.9873737373737373,0.985,,
3,174,0.943496173791109,0.9831932773109243,0.9710346463733996,0.9595959595959596,0.9813589263434442,0.9947643979057592,0.9916549314139674,0.9876543209876543,0.9595959595959596,0.9658536585365853,,
3,175,0.9740668294563414,0.9926470588235294,0.988318567066421,0.9824120603015075,0.9810798373374001,0.9947643979057592,0.9918687167356594,1.0,0.9825436408977556,0.9824120603015075,,
3,176,0.9310684474283552,0.9789915966386554,0.9621765940158129,0.9542168674698795,0.9491499139595981,0.9842931937172775,0.9693423801583195,0.9754601226993865,0.9568527918781726,0.9542168674698795,,
3,177,0.8096322791341267,0.9411764705882353,0.9051620013305838,0.8645320197044335,0.8735718335746677,0.9633507853403142,0.9444444444444443,0.9691358024691358,0.8818181818181818,0.8645320197044335,,
3,178,0.9424508527139788,0.9831932773109243,0.9722961430355909,0.9595959595959596,0.8952251161722934,0.9685863874345549,0.9449247299209159,0.9937888198757764,0.9595959595959596,0.9635036496350365,,
3,179,0.9394169405535581,0.9810924369747899,0.9641621670781699,0.9568527918781726,0.9440295421402423,0.9842931937172775,0.9758720930232557,0.9696969696969697,0.9568527918781726,0.9659367396593674,,
3,180,0.9772948755915325,0.9926470588235294,0.9845767228091281,0.98125,0.9559895846844276,0.9842931937172775,0.9626016260162601,0.98125,0.9874055415617129,0.9850746268656716,,
3,181,0.9363003355505753,0.9810924369747899,0.9678192784501917,0.955,0.951041568188027,0.9842931937172775,0.9682431616103235,0.9875776397515528,0.955,0.960880195599022,,
3,182,0.9714996830480521,0.9915966386554622,0.985404294941918,0.979746835443038,0.9816125435929606,0.9947643979057592,0.9914291953270008,0.99375,0.979746835443038,0.9827160493827161,,
3,183,0.9326275810402967,0.9800420168067226,0.9662491890193293,0.9538834951456311,0.949538327766715,0.9842931937172775,0.9674825174825176,0.9875776397515528,0.9538834951456311,0.957286432160804,,
3,184,0.9567952034297357,0.9873949579831933,0.978854308530395,0.9707317073170731,0.9497310900986706,0.9842931937172775,0.9696230598669623,0.99375,0.9720812182741116,0.9707317073170731,,
3,185,0.8563472025106271,0.9569327731092437,0.9317542026974195,0.9037037037037037,0.8801987703019808,0.9633507853403142,0.9393636515075796,0.9875776397515528,0.9039812646370023,0.9037037037037037,,
3,186,0.9615968576282311,0.9884453781512605,0.9792303864951086,0.9746835443037974,0.9623593483984723,0.9895287958115183,0.983877233877234,0.9875776397515528,0.9746835443037974,0.9754299754299754,,
3,187,0.9751355016506762,0.9926470588235294,0.9870747898002928,0.9825870646766169,0.9455010670524177,0.9842931937172775,0.9746734628862694,0.9937888198757764,0.9848484848484849,0.9825870646766169,,
3,188,0.986229204488066,0.9957983193277311,0.9920585215609785,0.9899244332493703,0.9811243271308626,0.9947643979057592,0.9918395780464745,0.9937888198757764,0.9899244332493703,0.992462311557789,,
3,189,0.9480908060666225,0.9842436974789915,0.9714665027313524,0.964824120603015,0.949893772045723,0.9842931937172775,0.969303788580897,0.9815950920245399,0.9679802955665024,0.964824120603015,,
3,190,0.9445061843429841,0.9831932773109243,0.9698246890056071,0.9620253164556962,0.9268432812001277,0.9790575916230366,0.9671671671671672,0.9815950920245399,0.9620253164556962,0.9658536585365853,,
3,191,0.9449076735978806,0.9821428571428571,0.9633302475962654,0.9567901234567902,0.9027889186867745,0.9685863874345549,0.9412166780587833,0.9567901234567902,0.9696969696969697,0.9635036496350365,,
3,192,0.9471039718049044,0.9842436974789915,0.9726510282271682,0.9619289340101523,0.9312421071862067,0.9790575916230366,0.9607026143790849,0.9876543209876543,0.9619289340101523,0.9683698296836983,,
3,193,0.9355583878211179,0.9800420168067226,0.9625578264937964,0.9564164648910412,0.9438122259062115,0.9790575916230366,0.9479292700141158,0.9691358024691358,0.9621212121212122,0.9564164648910412,,
3,194,0.9387492565073502,0.9821428571428571,0.9707288215204164,0.9586374695863747,0.8968590242320845,0.9685863874345549,0.9452516426200637,0.99375,0.9586374695863747,0.9597989949748744,,
3,195,0.9873138415338163,0.9957983193277311,0.9908340240148021,0.9875776397515528,0.9681835539844654,0.9895287958115183,0.9772777005457729,0.9875776397515528,0.9949494949494949,0.9899749373433584,,
3,196,0.9248569202645065,0.976890756302521,0.9577582546300998,0.9495192307692307,0.9317982257860352,0.9790575916230366,0.9605805335161786,0.9693251533742331,0.9544303797468354,0.9495192307692307,,
3,197,0.9714633253933777,0.9915966386554622,0.9854106527536564,0.9798994974874372,0.944014219061608,0.9842931937172775,0.9758896151053014,0.9937888198757764,0.9825436408977556,0.9798994974874372,,
3,198,0.9925431062587164,0.9978991596638656,0.9966414564404514,0.9949494949494949,1.0,1.0,1.0,1.0,0.9949494949494949,0.9949748743718593,,
3,199,0.949151845239525,0.9842436974789915,0.9702626827876258,0.9624060150375939,0.9306666733120069,0.9790575916230366,0.9600189933523268,0.975609756097561,0.9727722772277227,0.9624060150375939,,
3,200,0.9466347055180423,0.9831932773109243,0.9673462371898767,0.9628712871287128,0.9034683827588823,0.9685863874345549,0.9317412935323383,0.968944099378882,0.9702233250620348,0.9628712871287128,,
4,1,0.9324298443269905,0.9747899159663865,0.9505382255219457,0.9207317073170732,0.9477835922808019,0.9790575916230366,0.9548894790283528,0.9790209790209791,0.9638888888888889,0.9385113268608414,0.9207317073170732,
4,2,0.9215795518870917,0.9726890756302521,0.9506827758551758,0.9302325581395349,0.969623657714074,0.9895287958115183,0.9810155122655123,0.986013986013986,0.9350282485875706,0.9514563106796117,0.9302325581395349,
4,3,0.9478096512121172,0.9810924369747899,0.9636226766632932,0.9341317365269461,0.963132784974962,0.9842931937172775,0.9628747072599533,0.9929577464788732,0.9635854341736695,0.9638157894736842,0.9341317365269461,
4,4,0.9406146643445255,0.976890756302521,0.9514641624160841,0.9151515151515152,0.914485015573751,0.9685863874345549,0.939914161408173,0.9659863945578231,0.9607843137254902,0.9639344262295082,0.9151515151515152,
4,5,0.9557553445986097,0.9842436974789915,0.9702567917342393,0.9526627218934911,0.9510206182062447,0.9842931937172775,0.9724418129848917,0.9929577464788732,0.9715909090909091,0.9638157894736842,0.9526627218934911,
4,6,0.9374029736553375,0.976890756302521,0.9549621730727853,0.9298245614035088,0.9723508975101331,0.9895287958115183,0.9786460101867572,0.9793103448275862,0.961218836565097,0.9494949494949495,0.9298245614035088,
4,7,0.9274491009468445,0.9726890756302521,0.9465485087305971,0.9216867469879518,0.912474700951161,0.9685863874345549,0.9425825873545561,0.9724137931034482,0.96398891966759,0.9281045751633987,0.9216867469879518,
4,8,0.9331925262895984,0.9758403361344538,0.9546380826057459,0.9204545454545454,0.9290608236916084,0.9738219895287958,0.9493120436516662,0.9929577464788732,0.9553072625698324,0.9498327759197325,0.9204545454545454,
4,9,0.9268127156125299,0.9716386554621849,0.9420441723562509,0.8928571428571429,0.8910403963519892,0.9581151832460733,0.9202375807461183,0.9724137931034482,0.9581005586592178,0.9448051948051948,0.8928571428571429,
4,10,0.9348566863012077,0.9737394957983193,0.9444684128491541,0.8773006134969326,0.935961189378511,0.9738219895287958,0.935496393508315,0.986013986013986,0.9720670391061452,0.9424920127795527,0.8773006134969326,
4,11,0.9475229654344943,0.9800420168067226,0.9598318503350304,0.9127906976744186,0.9422060085781697,0.9790575916230366,0.9594775006776906,0.9929577464788732,0.9633802816901409,0.9701986754966887,0.9127906976744186,
4,12,0.8971809897692404,0.9590336134453782,0.917642766310092,0.8209876543209876,0.8699660430597134,0.9476439790575916,0.890453486535576,0.9929577464788732,0.9538043478260869,0.9028213166144201,0.8209876543209876,
4,13,0.8434763097694193,0.9411764705882353,0.8905197589777871,0.8181818181818182,0.8292481554532738,0.93717277486911,0.8826117744731765,0.9655172413793104,0.923728813559322,0.8546511627906976,0.8181818181818182,
4,14,0.926569020501012,0.9737394957983193,0.9514168271435713,0.9302325581395349,0.9714887477581466,0.9895287958115183,0.978957528957529,0.9861111111111112,0.9532967032967034,0.936026936026936,0.9302325581395349,
4,15,0.9450229898615508,0.9810924369747899,0.9659198353166025,0.9523809523809523,0.9520763275284938,0.9842931937172775,0.9721224853577795,0.993006993006993,0.9575070821529745,0.9607843137254902,0.9523809523809523,
4,16,0.9416453684606075,0.976890756302521,0.952226279833324,0.8895027624309392,0.9415321896086052,0.9790575916230366,0.9615732458755715,0.9861111111111112,0.9602272727272727,0.9730639730639731,0.8895027624309392,
4,17,0.9243597271561591,0.9684873949579832,0.9309084550261879,0.8650306748466258,0.9211039816691593,0.9685863874345549,0.9369230866040501,0.9530201342281879,0.9664804469273743,0.9391025641025641,0.8650306748466258,
4,18,0.9579122203064034,0.9852941176470589,0.9729249810755902,0.9526627218934911,0.9466481732622675,0.9790575916230366,0.9555642794015529,1.0,0.9688385269121813,0.9701986754966887,0.9526627218934911,
4,19,0.9644064186544805,0.9873949579831933,0.9754488604626725,0.9629629629629629,0.9462562494514263,0.9790575916230366,0.9508087520767373,0.9861111111111112,0.9696132596685083,0.9831081081081081,0.9629629629629629,
4,20,0.8784642181488301,0.9558823529411765,0.9196935338186069,0.8757062146892656,0.9254410589797049,0.9738219895287958,0.9519591338218789,0.9793103448275862,0.9146666666666666,0.9090909090909091,0.8757062146892656,
4,21,0.9392421314880723,0.976890756302521,0.9540376129505472,0.9022988505747126,0.933986203489322,0.9738219895287958,0.9474327313885889,0.9929577464788732,0.9608938547486033,0.96,0.9022988505747126,
4,22,0.9273885658359301,0.9737394957983193,0.9507454345077977,0.9239766081871345,0.9627313562960681,0.9842931937172775,0.9622304723865582,0.9861111111111112,0.9532967032967034,0.9395973154362416,0.9239766081871345,
4,23,0.937209347586438,0.9747899159663865,0.9457263341634785,0.8994082840236687,0.9655650102295549,0.9842931937172775,0.9606751947354284,0.958041958041958,0.9586776859504132,0.9667774086378738,0.8994082840236687,
4,24,0.9231377678237602,0.9726890756302521,0.9499221333543569,0.9302325581395349,0.9852030743379284,0.9947643979057592,0.9896771771771772,0.9861111111111112,0.9506849315068493,0.9326599326599326,0.9302325581395349,
4,25,0.9300999531471021,0.9737394957983193,0.9489358846490686,0.8938547486033519,0.9162601704627906,0.9685863874345549,0.9414622975914877,0.9929577464788732,0.9519774011299436,0.956953642384106,0.8938547486033519,
4,26,0.9358996202735397,0.9779411764705882,0.9611574473050432,0.9393939393939394,1.0,1.0,1.0,1.0,0.9591280653950953,0.9393939393939394,0.9461077844311377,
4,27,0.9541837195982839,0.9831932773109243,0.9666389637914244,0.9512195121951219,0.9695146378081225,0.9895287958115183,0.9799662668665667,0.9793103448275862,0.9693593314763231,0.9666666666666667,0.9512195121951219,
4,28,0.911895568121572,0.9642857142857143,0.9264910672890704,0.8388888888888889,0.905039235711753,0.9633507853403142,0.925413674808686,0.9726027397260274,0.9439775910364145,0.9504950495049505,0.8388888888888889,
4,29,0.9217964842451306,0.9726890756302521,0.9511554196075735,0.9302325581395349,0.9390715126909298,0.9790575916230366,0.9617691259217839,0.993006993006993,0.9453551912568307,0.936026936026936,0.9302325581395349,
4,30,0.9368570410785654,0.9758403361344538,0.9515315527342972,0.9090909090909091,0.9058281623500243,0.9633507853403142,0.9284559643255296,0.986013986013986,0.9692737430167597,0.941747572815534,0.9090909090909091,
4,31,0.9193200673830335,0.9705882352941176,0.9442840893613862,0.9161676646706587,0.9697818356006299,0.9895287958115183,0.9798724825898739,0.9793103448275862,0.9546742209631728,0.926984126984127,0.9161676646706587,
4,32,0.9420917153976113,0.9779411764705882,0.9551984375363749,0.9281437125748503,0.9390402786720036,0.9790575916230366,0.9622871168102585,0.9722222222222222,0.9664804469273743,0.9539473684210527,0.9281437125748503,
4,33,0.8974803926646555,0.9611344537815126,0.9266487880881662,0.861878453038674,0.89648527232731,0.9633507853403142,0.936111111111111,0.993006993006993,0.9453551912568307,0.9063545150501672,0.861878453038674,
4,34,0.9347327354938717,0.9737394957983193,0.9437465917175261,0.8841463414634146,0.8964190549887046,0.9581151832460733,0.90715799031477,0.9726027397260274,0.96398891966759,0.954248366013072,0.8841463414634146,
4,35,0.9436330688468414,0.9779411764705882,0.9546069933220109,0.9028571428571428,0.951118850156917,0.9790575916230366,0.950249176111245,0.986013986013986,0.9661016949152542,0.9634551495016611,0.9028571428571428,
4,36,0.8954901408551471,0.957983193277311,0.9132422104881329,0.8414634146341463,0.8700685429913424,0.9476439790575916,0.8963300381210828,0.9530201342281879,0.9482288828337875,0.9102564102564102,0.8414634146341463,
4,37,0.9467504022036461,0.9779411764705882,0.9516738603277065,0.8994082840236687,0.9567886330972069,0.9790575916230366,0.9440063457669092,0.9722222222222222,0.9772727272727273,0.9577922077922078,0.8994082840236687,
4,38,0.9534214709900218,0.9821428571428571,0.9636091994229632,0.930635838150289,0.9482165919833645,0.9790575916230366,0.9552673785724632,0.986013986013986,0.9745762711864406,0.9632107023411371,0.930635838150289,
4,39,0.9323232506569682,0.9737394957983193,0.9466426114594217,0.8888888888888888,0.9116100662492097,0.9685863874345549,0.9437423687423687,0.9793103448275862,0.9517045454545454,0.9666666666666667,0.8888888888888888,
4,40,0.8912895551035012,0.9548319327731093,0.9065206925254219,0.7988826815642458,0.912466863309373,0.9633507853403142,0.9224556093623891,0.9594594594594594,0.9380281690140845,0.9297124600638977,0.7988826815642458,
4,41,0.9478804593378887,0.9800420168067226,0.9582668699570055,0.9263803680981595,0.8863432107928271,0.9581151832460733,0.9197291553848931,0.9726027397260274,0.9642857142857143,0.9697986577181208,0.9263803680981595,
4,42,0.9401598621847207,0.976890756302521,0.95340693011664,0.9141104294478528,0.9301642660991434,0.9738219895287958,0.9472537398580122,0.986013986013986,0.9801699716713881,0.9333333333333333,0.9141104294478528,
4,43,0.91674142582163,0.9653361344537815,0.9271370501597219,0.8491620111731844,0.9377268948342025,0.9738219895287958,0.9389242602405334,0.9657534246575342,0.9664804469273743,0.9271523178807947,0.8491620111731844,
4,44,0.9225240414938769,0.967436974789916,0.9284400123685838,0.8666666666666667,0.9663489998763839,0.9842931937172775,0.9503911806543386,0.9455782312925171,0.9696969696969697,0.9318181818181818,0.8666666666666667,
4,45,0.9473440470882105,0.9810924369747899,0.9634313419660858,0.9390243902439024,0.903736789016878,0.9633507853403142,0.9227335164835165,0.9861111111111112,0.9587912087912088,0.9697986577181208,0.9390243902439024,
4,46,0.9306943310841181,0.9726890756302521,0.9434844299523257,0.8862275449101796,0.8765970825330841,0.9528795811518325,0.9070512820512819,0.9790209790209791,0.9661971830985916,0.9424920127795527,0.8862275449101796,
4,47,0.9273419468579294,0.9737394957983193,0.9502630256805761,0.9212121212121213,0.9701194951748168,0.9895287958115183,0.9802995391705069,0.9861111111111112,0.9539295392953929,0.939799331103679,0.9212121212121213,
4,48,0.9322945278469875,0.9726890756302521,0.9416707906716957,0.8895348837209303,0.9177137252542411,0.9685863874345549,0.9371315813058712,0.9594594594594594,0.96045197740113,0.9572368421052632,0.8895348837209303,
4,49,0.914804113721576,0.967436974789916,0.9370475889794804,0.8633879781420765,0.9591084965259288,0.9842931937172775,0.9679898058930316,0.9929577464788732,0.9382022471910112,0.9536423841059603,0.8633879781420765,
4,50,0.9258204249244104,0.9716386554621849,0.9435037253725372,0.8888888888888888,0.9473418246108113,0.9790575916230366,0.9545478774956386,0.9791666666666666,0.9488636363636364,0.9570957095709571,0.8888888888888888,
4,51,0.9073551958744187,0.9642857142857143,0.9296807243332406,0.8580246913580247,0.9214305705984065,0.9685863874345549,0.937171052631579,0.993006993006993,0.9536784741144414,0.9140127388535032,0.8580246913580247,
4,52,0.939082296965023,0.9789915966386554,0.9625988521683572,0.946843853820598,0.950998262125708,0.9790575916230366,0.9494162234855431,0.993006993006993,0.9584487534626038,0.946843853820598,0.9520958083832335,
4,53,0.9270601395781245,0.9695378151260504,0.9340417395810372,0.8554913294797688,0.9238222055349865,0.9685863874345549,0.9275868319004026,0.9659863945578231,0.9608938547486033,0.9537953795379538,0.8554913294797688,
4,54,0.9331766417177852,0.9747899159663865,0.9495148832801408,0.9058823529411765,0.9153148150000187,0.9685863874345549,0.939214237255282,0.9790209790209791,0.9534246575342465,0.959731543624161,0.9058823529411765,
4,55,0.928916702637209,0.9705882352941176,0.9370426649055632,0.8647058823529412,0.9482928348744385,0.9790575916230366,0.9553784450843275,0.9726027397260274,0.9689265536723164,0.9419354838709677,0.8647058823529412,
4,56,0.9368260388500004,0.9758403361344538,0.951499045999948,0.9017341040462428,0.9007800985543789,0.9633507853403142,0.9314117002429971,0.986013986013986,0.957983193277311,0.9602649006622517,0.9017341040462428,
4,57,0.9139383996732484,0.9663865546218487,0.9301006802956193,0.9041916167664671,0.8361766694340356,0.93717277486911,0.8793912610089082,0.9305555555555556,0.9550561797752809,0.9305993690851735,0.9041916167664671,
4,58,0.9231987944527124,0.9737394957983193,0.9540715097533076,0.9385474860335196,0.9697804811551702,0.9895287958115183,0.9800722094854879,0.993006993006993,0.9385474860335196,0.9453376205787781,0.9393939393939394,
4,59,0.8976985894122176,0.9558823529411765,0.9037681719260245,0.7839506172839507,0.8869472969387371,0.9528795811518325,0.8939579619726679,0.9594594594594594,0.9636871508379888,0.9079754601226994,0.7839506172839507,
4,60,0.9533348219901873,0.9831932773109243,0.9679212028138978,0.9461077844311377,0.9394744565031139,0.9790575916230366,0.9606649831649832,0.993006993006993,0.9693593314763231,0.9632107023411371,0.9461077844311377,
4,61,0.8645072378446543,0.9516806722689075,0.9131864544929035,0.8882175226586103,0.9408507603696931,0.9790575916230366,0.9597498183545718,0.9455782312925171,0.9098591549295775,0.8882175226586103,0.9090909090909091,
4,62,0.9356664681949929,0.976890756302521,0.9566532658328369,0.9166666666666666,0.9486679802874545,0.9790575916230366,0.955657114624506,1.0,0.9534246575342465,0.9565217391304348,0.9166666666666666,
4,63,0.9034910373551714,0.9632352941176471,0.9280412605429825,0.8659217877094972,0.9279065352118806,0.9738219895287958,0.953096315237346,0.9726027397260274,0.9342465753424658,0.9393939393939394,0.8659217877094972,
4,64,0.9544059136431826,0.9831932773109243,0.9669757931022466,0.936046511627907,0.9542757760703287,0.9842931937172775,0.9730325145689233,0.993006993006993,0.96875,0.9700996677740864,0.936046511627907,
4,65,0.9209496034650504,0.9663865546218487,0.9237638849483498,0.8650306748466258,0.9468475672312554,0.9790575916230366,0.9536163522012578,0.9194630872483222,0.9561643835616438,0.9543973941368078,0.8650306748466258,
4,66,0.9728936943828604,0.990546218487395,0.9822094228990031,0.975609756097561,0.9822479596941226,0.9947643979057592,0.9924845269672856,0.9929577464788732,0.9803370786516854,0.979933110367893,0.975609756097561,
4,67,0.9403433569622142,0.9779411764705882,0.9574016249149939,0.9235294117647059,0.9562490605514434,0.9842931937172775,0.9697315365025467,0.993006993006993,0.9669421487603306,0.9461279461279462,0.9235294117647059,
4,68,0.9268326305249659,0.9705882352941176,0.9372860332990987,0.8658536585365854,0.9067594711363426,0.9633507853403142,0.9231598051190939,0.9722222222222222,0.953551912568306,0.9575163398692811,0.8658536585365854,
4,69,0.9313106836068142,0.9737394957983193,0.9480209530257587,0.9074074074074074,0.9167910788432918,0.9633507853403142,0.9128631531070555,0.986013986013986,0.9721448467966574,0.9265175718849841,0.9074074074074074,
4,70,0.9394551503068281,0.9779411764705882,0.9572876695267389,0.927710843373494,0.9289882188359943,0.9738219895287958,0.9492678889737713,0.986013986013986,0.958904109589041,0.9565217391304348,0.927710843373494,
4,71,0.9336730005735062,0.9747899159663865,0.9497448860241988,0.9011627906976745,0.9061550014481078,0.9633507853403142,0.926766620732138,0.9861111111111112,0.958217270194986,0.9534883720930233,0.9011627906976745,
4,72,0.8989197587465342,0.9569327731092437,0.9058000988483512,0.7962962962962963,0.8871071800268564,0.9528795811518325,0.9002450980392157,0.9523809523809523,0.9562841530054644,0.9182389937106918,0.7962962962962963,
4,73,0.8433021068650748,0.9380252100840336,0.8848855986799117,0.8010204081632653,0.8195750760293905,0.9319371727748691,0.8781242740998838,0.9659863945578231,0.9273743016759777,0.8451612903225807,0.8010204081632653,
4,74,0.9239105276542607,0.9747899159663865,0.9578149729865594,0.9376770538243626,0.9574912106723417,0.9842931937172775,0.9670862867838842,0.993006993006993,0.9376770538243626,0.9424920127795527,0.9580838323353293,
4,75,0.9449119460509776,0.9810924369747899,0.9660404417495329,0.9514563106796117,0.9573069547862626,0.9842931937172775,0.9665834165834166,0.986013986013986,0.963276836158192,0.9514563106796117,0.9634146341463414,
4,76,0.9624566433479842,0.9863445378151261,0.9731119031907269,0.9585798816568047,0.9876194031545009,0.9947643979057592,0.9853030303030303,0.986013986013986,0.9744318181818182,0.973421926910299,0.9585798816568047,
4,77,0.9453499802806595,0.9800420168067226,0.9612831498857066,0.9272727272727272,0.9702838398702286,0.9895287958115183,0.9798901366815488,0.9929577464788732,0.9613259668508287,0.9635761589403974,0.9272727272727272,
4,78,0.9469698502388977,0.9800420168067226,0.9597864907074194,0.9263803680981595,0.8870955164006795,0.9581151832460733,0.921208678717667,0.9859154929577465,0.9696132596685083,0.9572368421052632,0.9263803680981595,
4,79,0.9298528685460186,0.9737394957983193,0.9499625622673712,0.9074074074074074,0.905785824870922,0.9633507853403142,0.9318910737666518,1.0,0.9696132596685083,0.9228295819935691,0.9074074074074074,
4,80,0.9087054983450902,0.9642857142857143,0.9279402515161198,0.8658536585365854,0.8878627062985085,0.9581151832460733,0.9188988095238095,0.9724137931034482,0.963276836158192,0.9102167182662538,0.8658536585365854,
4,81,0.9232343466640892,0.9737394957983193,0.9545413869177058,0.9292604501607717,0.9278850395169976,0.9738219895287958,0.949881329113924,0.993006993006993,0.9491525423728814,0.9292604501607717,0.9467455621301775,
4,82,0.94950024613429,0.9789915966386554,0.9535176724718516,0.9036144578313253,0.9267415743971693,0.9685863874345549,0.9323276625908204,0.9724137931034482,0.9801136363636364,0.9579288025889967,0.9036144578313253,
4,83,0.9089889968431911,0.9663865546218487,0.9360530007214172,0.888268156424581,0.9421869635550961,0.9790575916230366,0.9604846014492753,0.9793103448275862,0.9340659340659341,0.9425675675675675,0.888268156424581,
4,84,0.961385008803829,0.9863445378151261,0.974150801502081,0.9640522875816994,0.9637446327735386,0.9842931937172775,0.9623121131741822,0.986013986013986,0.9774011299435028,0.9640522875816994,0.9691358024691358,
4,85,0.9398595561036714,0.9779411764705882,0.9574301869567945,0.9147727272727273,0.9521266588726683,0.9842931937172775,0.9739955357142858,0.993006993006993,0.9518413597733711,0.9700996677740864,0.9147727272727273,
4,86,0.8887701279147069,0.9569327731092437,0.9147492505397111,0.8457142857142858,0.9012270784947273,0.9581151832460733,0.9031144007914076,0.9594594594594594,0.9264305177111717,0.9273927392739274,0.8457142857142858,
4,87,0.9444999637790726,0.976890756302521,0.9487668821194167,0.896969696969697,0.9934747979398989,0.9947643979057592,0.9803030303030303,0.9659863945578231,0.9772727272727273,0.9548387096774194,0.896969696969697,
4,88,0.8961472962994448,0.9569327731092437,0.9112493267914065,0.8296703296703297,0.8976856671855307,0.9581151832460733,0.9120117472426137,0.9530201342281879,0.9583333333333334,0.9039735099337748,0.8296703296703297,
4,89,0.9348715124725612,0.9758403361344538,0.9532652999672544,0.9074074074074074,0.9250479675180538,0.9738219895287958,0.9527045319183497,1.0,0.9642857142857143,0.9413680781758957,0.9074074074074074,
4,90,0.9643313777304695,0.9863445378151261,0.9718924190467653,0.9518072289156626,0.9882450361992132,0.9947643979057592,0.9855072463768115,0.986013986013986,0.9831932773109243,0.9665551839464883,0.9518072289156626,
4,91,0.9671577030732191,0.9884453781512605,0.9778908750906994,0.9631901840490797,0.9424545820700322,0.9790575916230366,0.9607676630434782,0.993006993006993,0.9721448467966574,0.9832214765100671,0.9631901840490797,
4,92,0.9432622710075717,0.9789915966386554,0.9589916080271756,0.9302325581395349,0.9530410276502477,0.9842931937172775,0.9720711417096959,0.986013986013986,0.9663865546218487,0.9533333333333334,0.9302325581395349,
4,93,0.9446232712373174,0.9758403361344538,0.9440515924118116,0.8957055214723927,0.8963432930971187,0.9581151832460733,0.9060522151898734,0.9459459459459459,0.9830985915492958,0.9514563106796117,0.8957055214723927,
4,94,0.919865374835341,0.967436974789916,0.9321521038546178,0.8497109826589595,0.90292672029925,0.9633507853403142,0.9330308775731312,0.9791666666666666,0.957983193277311,0.941747572815534,0.8497109826589595,
4,95,0.8549301019614035,0.9453781512605042,0.898985503057006,0.8209876543209876,0.8844170397469943,0.9528795811518325,0.8951367180091607,0.9861111111111112,0.9329608938547486,0.8558823529411764,0.8209876543209876,
4,96,0.9505288535598133,0.9810924369747899,0.9608058330123858,0.9272727272727272,0.9406864897022191,0.9790575916230366,0.9621223196881092,0.9791666666666666,0.9662921348314607,0.9704918032786886,0.9272727272727272,
4,97,0.9350076814959069,0.9758403361344538,0.9528846280296156,0.9058823529411765,0.9395075288828227,0.9790575916230366,0.9625541125541126,0.9929577464788732,0.9551820728291317,0.9575163398692811,0.9058823529411765,
4,98,0.9396744794580945,0.9758403361344538,0.9500626909876335,0.8909090909090909,0.95936051768168,0.9790575916230366,0.9485111662531018,0.9929577464788732,0.9802816901408451,0.9361022364217252,0.8909090909090909,
4,99,0.9360878220327444,0.9726890756302521,0.9381535894310379,0.8795180722891566,0.9068831835882111,0.9581151832460733,0.9081932773109244,0.9466666666666667,0.9715909090909091,0.9548387096774194,0.8795180722891566,
4,100,0.9221865207836493,0.9716386554621849,0.9452487895801605,0.926829268292683,0.9393796463787815,0.9790575916230366,0.9609461865484539,0.9655172413793104,0.9486486486486486,0.94,0.926829268292683,
4,101,0.9652783248344462,0.9873949579831933,0.9752365289306233,0.9567901234567902,0.9463140508624388,0.9790575916230366,0.9550589836660618,0.993006993006993,0.9774647887323944,0.9736842105263158,0.9567901234567902,
4,102,0.9227900490535266,0.9705882352941176,0.9415152025913265,0.8977272727272727,0.8958873436301538,0.9633507853403142,0.9334109761084176,0.9726027397260274,0.9527777777777777,0.9429530201342282,0.8977272727272727,
4,103,0.8980970266818085,0.957983193277311,0.9127068918735586,0.7839506172839507,0.8726208524956867,0.9476439790575916,0.8944604854765115,1.0,0.9532967032967034,0.9135802469135802,0.7839506172839507,
4,104,0.8792004457687059,0.9516806722689075,0.9006000294854785,0.8333333333333334,0.8800956401328207,0.9528795811518325,0.9050005023106289,0.9266666666666666,0.938375350140056,0.9040247678018576,0.8333333333333334,
4,105,0.9151169726206483,0.967436974789916,0.936305511529762,0.8809523809523809,0.9012509841341252,0.9633507853403142,0.9259194254185692,0.9859154929577465,0.9608938547486033,0.9174603174603174,0.8809523809523809,
4,106,0.9066014424199925,0.9621848739495799,0.9209778013255742,0.8313253012048193,0.9012305744885775,0.9633507853403142,0.9303465982028241,0.9724137931034482,0.9506849315068493,0.9294871794871795,0.8313253012048193,
4,107,0.9280171956644984,0.9747899159663865,0.9539503909481692,0.9382716049382716,0.9685384583634054,0.9895287958115183,0.981506444646665,0.9861111111111112,0.9512195121951219,0.9401993355481728,0.9382716049382716,
4,108,0.8939983347865836,0.9569327731092437,0.9142171302292279,0.8081395348837209,0.8708859978226327,0.9476439790575916,0.9048160173160174,0.9929577464788732,0.9526462395543176,0.903125,0.8081395348837209,
4,109,0.8925364441768927,0.957983193277311,0.9177444203311227,0.8378378378378378,0.8720546439216613,0.9528795811518325,0.9148689516129033,0.972027972027972,0.9327731092436975,0.9283387622149837,0.8378378378378378,
4,110,0.9005078582050862,0.9611344537815126,0.9247124156972423,0.8298969072164949,0.8888318415567735,0.9581151832460733,0.9220238095238096,0.9861111111111112,0.9267605633802817,0.956081081081081,0.8298969072164949,
4,111,0.8837327071238891,0.9527310924369747,0.9032036470527894,0.8219895287958116,0.926876327568925,0.9685863874345549,0.9287422037422037,0.9256756756756757,0.9220055710306406,0.9431438127090301,0.8219895287958116,
4,112,0.9326361301476351,0.9758403361344538,0.9553243416827233,0.9190751445086706,0.940008782775265,0.9790575916230366,0.9606731788580949,1.0,0.9555555555555556,0.9466666666666667,0.9190751445086706,
4,113,0.9117643082015425,0.9642857142857143,0.9239577925223178,0.8641975308641975,0.8860426271948197,0.9581151832460733,0.9224139510455345,0.9466666666666667,0.9561643835616438,0.9288025889967637,0.8641975308641975,
4,114,0.9322203807957155,0.9705882352941176,0.933414245041449,0.8641975308641975,0.9617145209275696,0.9790575916230366,0.9431383269546201,0.9530201342281879,0.9803370786516854,0.9361022364217252,0.8641975308641975,
4,115,0.9466101735431944,0.9810924369747899,0.9652158178707726,0.9411764705882353,0.9393141836145181,0.9790575916230366,0.9601952495974236,1.0,0.9666666666666667,0.9530201342281879,0.9411764705882353,
4,116,0.9528810874384156,0.9831932773109243,0.9684493790536909,0.9520958083832335,0.9517921515757212,0.9842931937172775,0.9744505494505495,0.9929577464788732,0.9722222222222222,0.9565217391304348,0.9520958083832335,
4,117,0.932751996416046,0.9705882352941176,0.9325231486156044,0.8466257668711656,0.9312299336214416,0.9738219895287958,0.9445256801978756,0.9591836734693877,0.9694444444444444,0.9548387096774194,0.8466257668711656,
4,118,0.8652954526537533,0.9464285714285714,0.8923032576492866,0.7965116279069767,0.9037379352767972,0.9581151832460733,0.9080817830817831,0.9466666666666667,0.9211267605633803,0.9049079754601227,0.7965116279069767,
4,119,0.9594180549979979,0.9863445378151261,0.9759859400445162,0.9634551495016611,0.9569645182686792,0.9842931937172775,0.9687537551069454,0.9929577464788732,0.9722222222222222,0.9634551495016611,0.9753086419753086,
4,120,0.9312256485087058,0.9737394957983193,0.9474139189689101,0.898876404494382,0.9533053245430205,0.9842931937172775,0.9730898283961269,0.9793103448275862,0.9548022598870056,0.9566666666666667,0.898876404494382,
4,121,0.9088839278409172,0.9611344537815126,0.9175553441775753,0.8220858895705522,0.9023423740328785,0.9581151832460733,0.9141673686039162,0.9724137931034482,0.9803370786516854,0.8953846153846153,0.8220858895705522,
4,122,0.8625126961823035,0.9464285714285714,0.8978323541493435,0.8031914893617021,0.9065348994245142,0.9633507853403142,0.9225902667286202,0.9659863945578231,0.9010989010989011,0.9210526315789473,0.8031914893617021,
4,123,0.9307912051051845,0.9758403361344538,0.9559889178546118,0.9397590361445783,0.8748094591256516,0.9581151832460733,0.9312922297297297,0.9861111111111112,0.9466292134831461,0.9514563106796117,0.9397590361445783,
4,124,0.927944892843227,0.9747899159663865,0.9544032744685318,0.933993399339934,0.8696987097668186,0.9528795811518325,0.9173459933491823,0.9790209790209791,0.9536784741144414,0.933993399339934,0.950920245398773,
4,125,0.9125994464780566,0.9653361344537815,0.9288769440812781,0.8682634730538922,0.9325625839805384,0.9685863874345549,0.9252420033670034,0.9659863945578231,0.963276836158192,0.917981072555205,0.8682634730538922,
4,126,0.8962835461675576,0.9600840336134454,0.9211611709260384,0.8333333333333334,0.875122418273834,0.9528795811518325,0.908403914925654,0.9929577464788732,0.9424657534246575,0.9158878504672897,0.8333333333333334,
4,127,0.9383568630692606,0.9747899159663865,0.9459741976198544,0.8888888888888888,0.9688933169632997,0.9895287958115183,0.9814935064935065,0.9726027397260274,0.9719101123595506,0.9504950495049505,0.8888888888888888,
4,128,0.9414592538593456,0.976890756302521,0.9519528195808699,0.901840490797546,0.9319722951671772,0.9738219895287958,0.9463274044795784,0.986013986013986,0.9774647887323944,0.9424920127795527,0.901840490797546,
4,129,0.9253022344879689,0.9737394957983193,0.9525872914436362,0.9292929292929293,0.9408279345236762,0.9790575916230366,0.9606702101661779,0.9861111111111112,0.9534246575342465,0.9292929292929293,0.9415204678362573,
4,130,0.8337031413262508,0.9348739495798319,0.8747672501725151,0.7958115183246073,0.8205279947056879,0.9267015706806283,0.8493414599971977,0.9178082191780822,0.8820224719101124,0.9034267912772586,0.7958115183246073,
4,131,0.9268398811219473,0.9716386554621849,0.9435026343533257,0.8957055214723927,0.9003725965534011,0.9633507853403142,0.9277529761904761,0.9861111111111112,0.9696132596685083,0.9225806451612903,0.8957055214723927,
4,132,0.8897887946266402,0.9558823529411765,0.908464172671692,0.8395061728395061,0.9138830355775251,0.9581151832460733,0.8958404074702886,0.9403973509933775,0.952112676056338,0.901840490797546,0.8395061728395061,
4,133,0.9537510937240324,0.9821428571428571,0.9632230628566835,0.9252873563218391,0.9607085806817168,0.9842931937172775,0.9663361688024745,0.986013986013986,0.9715909090909091,0.97,0.9252873563218391,
4,134,0.9205759166019466,0.9695378151260504,0.9391946717259603,0.8827160493827161,0.884219634657011,0.9528795811518325,0.896951401711971,0.986013986013986,0.9590163934426229,0.9290322580645162,0.8827160493827161,
4,135,0.9524282546679922,0.9810924369747899,0.9602196432255228,0.9096045197740112,0.9855229615621255,0.9947643979057592,0.9885802469135803,0.986013986013986,0.96875,0.9765100671140939,0.9096045197740112,
4,136,0.9141565090005912,0.9632352941176471,0.9201055553163909,0.8271604938271605,0.8853274929065577,0.9476439790575916,0.8794361525704809,0.9655172413793104,0.9803370786516854,0.9074074074074074,0.8271604938271605,
4,137,0.9196451076826005,0.9695378151260504,0.9400978564771668,0.8833333333333333,0.8828348181075403,0.9581151832460733,0.925433722847516,0.9793103448275862,0.9416666666666667,0.956081081081081,0.8833333333333333,
4,138,0.9405058635625632,0.976890756302521,0.9523133971750161,0.9024390243902439,0.8943166799669346,0.9581151832460733,0.9154018989635428,0.986013986013986,0.969187675070028,0.9516129032258065,0.9024390243902439,
4,139,0.9185020166851682,0.9705882352941176,0.9446264411127393,0.9245283018867925,0.9185535921555038,0.9685863874345549,0.937240405990406,0.9726027397260274,0.9545454545454546,0.9245283018867925,0.926829268292683,
4,140,0.9530747496354831,0.9821428571428571,0.9640578292260996,0.9248554913294798,0.9582409524317559,0.9842931937172775,0.9700581395348837,0.9929577464788732,0.9717514124293786,0.9666666666666667,0.9248554913294798,
4,141,0.889478568271224,0.9527310924369747,0.8984142186941472,0.7777777777777778,0.8593031872340946,0.9424083769633508,0.8780642576509512,0.9594594594594594,0.958904109589041,0.8975155279503105,0.7777777777777778,
4,142,0.9361687236928158,0.9747899159663865,0.9470905101503635,0.8909090909090909,0.9296797571228834,0.9738219895287958,0.9497423480474328,0.9791666666666666,0.9638888888888889,0.9543973941368078,0.8909090909090909,
4,143,0.8843020848621477,0.9506302521008403,0.8957081268151139,0.7777777777777778,0.929817048651422,0.9738219895287958,0.9500740221287206,0.958904109589041,0.9692737430167597,0.8768768768768769,0.7777777777777778,
4,144,0.8936531928580335,0.9558823529411765,0.907940092244287,0.7777777777777778,0.8948741376332642,0.9528795811518325,0.8802435247747747,0.9929577464788732,0.9510869565217391,0.9099378881987578,0.7777777777777778,
4,145,0.9548308247175219,0.9821428571428571,0.9612446327411637,0.950920245398773,0.9388555110736359,0.9790575916230366,0.9630085617574832,0.9523809523809523,0.9747899159663865,0.9668874172185431,0.950920245398773,
4,146,0.9360771142431572,0.9726890756302521,0.9391569487754458,0.8641975308641975,0.9288168552435742,0.9685863874345549,0.9272574686159225,0.9726027397260274,0.9803370786516854,0.9394904458598726,0.8641975308641975,
4,147,0.932688280447066,0.9737394957983193,0.945981491740123,0.8926553672316384,0.9713555296217049,0.9895287958115183,0.9803007148450328,0.9726027397260274,0.952112676056338,0.9665551839464883,0.8926553672316384,
4,148,0.8801780498020403,0.9527310924369747,0.9040005024439505,0.8424242424242424,0.9201315670806665,0.9738219895287958,0.9562890782573619,0.9342105263157895,0.943342776203966,0.8960244648318043,0.8424242424242424,
4,149,0.9246267747744297,0.9716386554621849,0.9433140865397808,0.9053254437869822,0.9158808982681933,0.9685863874345549,0.9355560578661845,0.9655172413793104,0.9421487603305785,0.9602649006622517,0.9053254437869822,
4,150,0.863324251158313,0.9474789915966386,0.9020344962909473,0.8387096774193549,0.7651823694413892,0.9109947643979057,0.8435965066158782,0.9726027397260274,0.9316939890710383,0.8651315789473685,0.8387096774193549,
4,151,0.9285659213759051,0.9737394957983193,0.9493937200264232,0.9146341463414634,0.9074961767570398,0.9633507853403142,0.9236545988258317,0.986013986013986,0.9631728045325779,0.9337539432176656,0.9146341463414634,
4,152,0.9332180795221449,0.9747899159663865,0.9501851388410787,0.8994413407821229,0.9280911275155254,0.9738219895287958,0.9457374290522232,0.9861111111111112,0.9519774011299436,0.9632107023411371,0.8994413407821229,
4,153,0.9549279001046428,0.9831932773109243,0.9664030450747024,0.9515151515151515,0.9283695255656962,0.9685863874345549,0.9322806753466424,0.9791666666666666,0.9749303621169917,0.96,0.9515151515151515,
4,154,0.8568123709490973,0.9432773109243697,0.8892273554748404,0.8010204081632653,0.8493527129532709,0.9424083769633508,0.890323669099774,0.9319727891156463,0.8985915492957747,0.9253246753246753,0.8010204081632653,
4,155,0.936688008914418,0.9737394957983193,0.9432348358067207,0.8809523809523809,0.9388707438969004,0.9738219895287958,0.9437206764866339,0.9722222222222222,0.9772727272727273,0.9424920127795527,0.8809523809523809,
4,156,0.9637869188890658,0.9863445378151261,0.9722970581747544,0.9418604651162791,0.9740688874434537,0.9895287958115183,0.977438122141512,0.9929577464788732,0.9745042492917847,0.9798657718120806,0.9418604651162791,
4,157,0.9237365822671684,0.9726890756302521,0.9497263433856802,0.9186046511627907,0.9283360183662142,0.9738219895287958,0.946685985247629,0.993006993006993,0.95,0.9372937293729373,0.9186046511627907,
4,158,0.9482716063780291,0.9810924369747899,0.962752779461516,0.9411764705882353,0.9140978975466997,0.9685863874345549,0.940170688061668,0.9793103448275862,0.9602272727272727,0.9702970297029703,0.9411764705882353,
4,159,0.9351001650320412,0.976890756302521,0.9561689624858699,0.9263803680981595,0.9275353621137971,0.9738219895287958,0.9476147342995169,0.986013986013986,0.9455040871934605,0.9667774086378738,0.9263803680981595,
4,160,0.8953091774129748,0.9590336134453782,0.9181020441315291,0.8395061728395061,0.8300067363460577,0.9319371727748691,0.8673611111111111,0.9793103448275862,0.9482288828337875,0.9053627760252366,0.8395061728395061,
4,161,0.9190770697417299,0.9642857142857143,0.9199077109946632,0.8209876543209876,0.9567475124568043,0.9790575916230366,0.9475038402457758,0.9591836734693877,0.9830508474576272,0.9164086687306502,0.8209876543209876,
4,162,0.8267049680293955,0.9359243697478992,0.8830884146525801,0.834319526627219,0.8591514723202381,0.9528795811518325,0.9216299019607842,0.9448275862068966,0.8935574229691877,0.8596491228070176,0.834319526627219,
4,163,0.9146085378031105,0.9695378151260504,0.9445370877472689,0.9096045197740112,0.9579726674352662,0.9842931937172775,0.9696271050521251,0.993006993006993,0.9397260273972603,0.9358108108108109,0.9096045197740112,
4,164,0.966049715604666,0.9873949579831933,0.9744976568263013,0.9578313253012049,0.9271720510052518,0.9738219895287958,0.9470171957671958,0.986013986013986,0.9774011299435028,0.9767441860465116,0.9578313253012049,
4,165,0.9233644848786973,0.9695378151260504,0.9360381711265706,0.8711656441717791,0.8918287398067966,0.9528795811518325,0.8975994674185463,0.9726027397260274,0.9608938547486033,0.9394904458598726,0.8711656441717791,
4,166,0.9188231570423915,0.9684873949579832,0.9352015019510809,0.8719512195121951,0.9373952277704192,0.9738219895287958,0.9390974354432373,0.9722222222222222,0.9456521739130435,0.9509803921568627,0.8719512195121951,
4,167,0.9571813390732172,0.9810924369747899,0.9558704385276807,0.9012345679012346,0.987924222438499,0.9947643979057592,0.9883928571428572,0.9726027397260274,0.9887323943661972,0.9609120521172638,0.9012345679012346,
4,168,0.9471326856595503,0.9789915966386554,0.95655036512812,0.9079754601226994,0.9629812773965296,0.9842931937172775,0.9666666666666667,0.9929577464788732,0.9831460674157303,0.9421221864951769,0.9079754601226994,
4,169,0.9322706791899544,0.9737394957983193,0.9464098073701398,0.8947368421052632,0.8964945786302476,0.9581151832460733,0.9106052790092269,0.9793103448275862,0.96045197740113,0.9511400651465798,0.8947368421052632,
4,170,0.9094288559469695,0.9653361344537815,0.9311775292356852,0.8757396449704142,0.8783532507902304,0.9581151832460733,0.9285792368590629,0.9726027397260274,0.9491525423728814,0.9272151898734177,0.8757396449704142,
4,171,0.9475977510334026,0.9800420168067226,0.959234454656624,0.9281437125748503,0.9860028043150169,0.9947643979057592,0.9895833333333334,0.9791666666666666,0.9691011235955056,0.9605263157894737,0.9281437125748503,
4,172,0.9511157890709493,0.9821428571428571,0.9647810145044973,0.9390243902439024,0.9433296628963236,0.9790575916230366,0.9572661644695543,0.9861111111111112,0.9638888888888889,0.9700996677740864,0.9390243902439024,
4,173,0.8872918239968656,0.9548319327731093,0.9096466467664386,0.8117647058823529,0.871068900572749,0.9476439790575916,0.8954557894213067,0.9793103448275862,0.9421487603305785,0.9053627760252366,0.8117647058823529,
4,174,0.9022246666885538,0.9621848739495799,0.9238410372451583,0.8536585365853658,0.8426733122565966,0.93717277486911,0.870525883025883,0.9724137931034482,0.9423076923076923,0.926984126984127,0.8536585365853658,
4,175,0.9450536575344529,0.9800420168067226,0.9618793245885615,0.9341317365269461,0.882094653627153,0.9581151832460733,0.9240877222294417,0.9929577464788732,0.9664804469273743,0.9539473684210527,0.9341317365269461,
4,176,0.9443301789656604,0.9779411764705882,0.9532532190878948,0.8994082840236687,0.9444060197926212,0.9790575916230366,0.9576679773177126,0.9793103448275862,0.9607843137254902,0.9735099337748344,0.8994082840236687,
4,177,0.9411122227102509,0.9789915966386554,0.960180559308665,0.9464285714285714,0.9740188156865547,0.9895287958115183,0.9763322403804783,0.9793103448275862,0.9577464788732394,0.9572368421052632,0.9464285714285714,
4,178,0.9242356507083201,0.9705882352941176,0.9392828046807442,0.8834355828220859,0.8853043196561342,0.9528795811518325,0.8981937602627258,0.9726027397260274,0.953551912568306,0.9475409836065574,0.8834355828220859,
4,179,0.9165306655438407,0.9684873949579832,0.9388911883738043,0.875,0.8910542795644593,0.9581151832460733,0.9176152350473583,0.9861111111111112,0.9375,0.956953642384106,0.875,
4,180,0.8542217559878235,0.9422268907563025,0.8868707758515251,0.8031088082901554,0.8981779410644813,0.9581151832460733,0.9123219845352646,0.9246575342465754,0.8941504178272981,0.9255663430420712,0.8031088082901554,
4,181,0.9437523291584842,0.9800420168067226,0.9629089044402026,0.9408284023668639,0.9077371157776133,0.9685863874345549,0.9468864468864469,0.993006993006993,0.9605633802816902,0.9572368421052632,0.9408284023668639,
4,182,0.9360314498825837,0.9737394957983193,0.9434187579661718,0.8809523809523809,0.9434098316683709,0.9790575916230366,0.9558486943164363,0.9724137931034482,0.9715909090909091,0.9487179487179487,0.8809523809523809,
4,183,0.8610881974572256,0.9390756302521008,0.8703440526643191,0.7160493827160493,0.8153256378364051,0.9214659685863874,0.845830831187262,0.9463087248322147,0.9559228650137741,0.8630952380952381,0.7160493827160493,
4,184,0.940706589549878,0.976890756302521,0.9523928753246294,0.9101796407185628,0.9253235406458106,0.9685863874345549,0.933008658008658,0.9793103448275862,0.9691011235955056,0.9509803921568627,0.9101796407185628,
4,185,0.9496667865902846,0.9821428571428571,0.9661244530305222,0.9585798816568047,0.9354083738916908,0.9738219895287958,0.9442262818850841,0.9791666666666666,0.9637883008356546,0.9629629629629629,0.9585798816568047,
4,186,0.9598438719586168,0.9863445378151261,0.9754149724929808,0.9693251533742331,0.9013209009233303,0.9685863874345549,0.9524920255183413,0.993006993006993,0.9695290858725761,0.9697986577181208,0.9693251533742331,
4,187,0.9185279998772166,0.9695378151260504,0.9407230670910968,0.888235294117647,0.9403219403867807,0.9738219895287958,0.9362049549549549,0.986013986013986,0.9491525423728814,0.9394904458598726,0.888235294117647,
4,188,0.9469470901628813,0.9800420168067226,0.9593299936978656,0.9415204678362573,0.9345830481052788,0.9738219895287958,0.9432024075452966,0.9659863945578231,0.9634831460674157,0.9663299663299664,0.9415204678362573,
4,189,0.9486591693686011,0.9789915966386554,0.9540788779690412,0.901840490797546,0.9014832489090285,0.9633507853403142,0.9297470238095238,0.9791666666666666,0.9776536312849162,0.9576547231270358,0.901840490797546,
4,190,0.9072080599355319,0.9632352941176471,0.9251782714950931,0.848314606741573,0.9010168111488738,0.9633507853403142,0.9227940081598619,0.9659863945578231,0.9357541899441341,0.9506578947368421,0.848314606741573,
4,191,0.8357660781561266,0.9348739495798319,0.8714453430833966,0.7668711656441718,0.8773137641698073,0.9528795811518325,0.9085850968982792,0.9403973509933775,0.9217877094972067,0.8567251461988304,0.7668711656441718,
4,192,0.9400021144735025,0.9779411764705882,0.9574839183594523,0.9230769230769231,0.8793075982614588,0.9581151832460733,0.9294520547945206,0.993006993006993,0.9641873278236914,0.9496644295302014,0.9230769230769231,
4,193,0.8994665320470647,0.957983193277311,0.9116761554197055,0.8024691358024691,0.8409222684142237,0.93717277486911,0.8802823345733795,0.9790209790209791,0.9642857142857143,0.9009287925696594,0.8024691358024691,
4,194,0.8883092006322536,0.9548319327731093,0.9087999502045007,0.8024691358024691,0.9151343346542176,0.9685863874345549,0.9347902097902098,0.986013986013986,0.9634831460674157,0.8832335329341318,0.8024691358024691,
4,195,0.927918956548534,0.9737394957983193,0.9498311201039439,0.9151515151515152,0.9578073958583803,0.9842931937172775,0.9675659757920565,0.986013986013986,0.9502762430939227,0.9478827361563518,0.9151515151515152,
4,196,0.9463481124902807,0.9789915966386554,0.9566186622195147,0.9080459770114943,0.9357043995136086,0.9738219895287958,0.9430064188684879,0.986013986013986,0.9688385269121813,0.9635761589403974,0.9080459770114943,
4,197,0.8883023202641042,0.957983193277311,0.9197099472374443,0.8587570621468926,0.9423005904767481,0.9790575916230366,0.9612053927432217,0.9726027397260274,0.9241573033707865,0.9233226837060703,0.8587570621468926,
4,198,0.9434089077200406,0.9789915966386554,0.9585510205143944,0.9239766081871345,0.9820361950024474,0.9947643979057592,0.9926454683106208,0.986013986013986,0.9610027855153204,0.9632107023411371,0.9239766081871345,
4,199,0.922551175278814,0.9705882352941176,0.9420014261811762,0.8888888888888888,0.9242591842783021,0.9738219895287958,0.9529744449099288,0.9793103448275862,0.9466292134831461,0.9531772575250836,0.8888888888888888,
4,200,0.9283797221579,0.9716386554621849,0.9421628780927841,0.8765432098765432,0.9393029144494311,0.9738219895287958,0.9403866075796381,0.9929577464788732,0.9748603351955307,0.9242902208201893,0.8765432098765432,
5,1,0.8192855970084669,0.9285714285714286,0.8800020630078589,0.7547169811320755,0.8357004988751082,0.93717277486911,0.8974895302773062,0.9712230215827338,0.8866396761133604,0.7547169811320755,0.9407407407407408,0.8466898954703833
5,2,0.8679674026594058,0.9474789915966386,0.9072920677880718,0.8595744680851064,0.8097124675656954,0.9214659685863874,0.8582245366231598,0.9708029197080292,0.8595744680851064,0.8646288209606987,0.9225352112676056,0.918918918918919
5,3,0.8732955423432721,0.9485294117647058,0.9046792098257374,0.8502202643171806,0.8494787172442366,0.9424083769633508,0.9037547892720307,0.9855072463768116,0.9282700421940928,0.8502202643171806,0.8571428571428571,0.9022556390977443
5,4,0.870335318299216,0.9485294117647058,0.9150406095452535,0.8181818181818182,0.8938264442913794,0.9581151832460733,0.9242307692307692,0.9779411764705882,0.8181818181818182,0.8333333333333334,0.9849624060150376,0.9607843137254902
5,5,0.910916249439014,0.9653361344537815,0.9373057182643496,0.8883720930232558,0.9241089739296465,0.9685863874345549,0.9367414112838158,0.9855072463768116,0.9451476793248945,0.8883720930232558,0.9402985074626866,0.9272030651340997
5,6,0.8863977885312199,0.9548319327731093,0.9234513600383425,0.8405172413793104,0.844734986995715,0.9424083769633508,0.9109401709401709,0.9852941176470589,0.8405172413793104,0.8565400843881856,0.9699248120300752,0.9649805447470817
5,7,0.9041083247054127,0.9621848739495799,0.9299011832713818,0.8872180451127819,0.8909500098035656,0.9581151832460733,0.9255036518563603,0.9926470588235294,0.960352422907489,0.9066666666666666,0.8872180451127819,0.9026217228464419
5,8,0.8863402793259585,0.9558823529411765,0.9211273431482091,0.8867924528301887,0.875600165606844,0.9528795811518325,0.9161742691908806,0.9782608695652174,0.9201680672268907,0.8867924528301887,0.9230769230769231,0.8973384030418251
5,9,0.8758033907040097,0.9495798319327731,0.9068352327760352,0.8702928870292888,0.8411934706841131,0.93717277486911,0.894395569212346,0.9708029197080292,0.8702928870292888,0.8883928571428571,0.875,0.9296875
5,10,0.8882321283152813,0.9548319327731093,0.9161000303969908,0.8676470588235294,0.9308028428984954,0.9738219895287958,0.9515584110778619,0.9852941176470589,0.9572649572649573,0.8818181818181818,0.8676470588235294,0.8884758364312267
5,11,0.6026529293500107,0.8224789915966386,0.7441560509883491,0.5,0.550385763360928,0.806282722513089,0.739271043556503,0.9782608695652174,0.6818181818181818,0.5,0.8299319727891157,0.7307692307692307
5,12,0.768995635575643,0.9033613445378151,0.832707233356879,0.7441860465116279,0.8040203119332476,0.9214659685863874,0.8646438746438747,0.9568345323741008,0.8825910931174089,0.7441860465116279,0.7974683544303798,0.7824561403508772
5,13,0.857214639718794,0.9422268907563025,0.8952199959291021,0.8232558139534883,0.8721756348892661,0.9528795811518325,0.9228070175438596,0.95,0.87109375,0.8232558139534883,0.9051094890510949,0.9266409266409267
5,14,0.7404159397955673,0.8897058823529411,0.818515638836951,0.7149122807017544,0.7625254979544214,0.900523560209424,0.8313296113185125,0.9637681159420289,0.7149122807017544,0.7169117647058824,0.8441558441558441,0.8528301886792453
5,15,0.9045341722517904,0.9632352941176471,0.9359139741716346,0.8873873873873874,0.8409533743187875,0.93717277486911,0.8962410502783176,0.9852941176470589,0.9047619047619048,0.8873873873873874,0.9629629629629629,0.9391634980988594
5,16,0.8970981659629944,0.9590336134453782,0.9232934107016539,0.8864628820960698,0.8710631506186077,0.9476439790575916,0.8978193732468693,0.9854014598540146,0.9260869565217391,0.8864628820960698,0.8872180451127819,0.9312977099236641
5,17,0.9319820732539312,0.9737394957983193,0.9520145318762119,0.9162790697674419,0.917072899289263,0.9685863874345549,0.9422861920688008,0.9927007299270073,0.9615384615384616,0.9162790697674419,0.9481481481481482,0.94140625
5,18,0.8292158248272584,0.9317226890756303,0.8799362882289156,0.8028169014084507,0.8259734556370378,0.9319371727748691,0.8801190476190477,0.9637681159420289,0.8565891472868217,0.8028169014084507,0.8918918918918919,0.8846153846153846
5,19,0.8323945718727344,0.9296218487394958,0.8691929615011297,0.7969924812030075,0.743317537182637,0.8900523560209425,0.8101736972704714,0.9640287769784173,0.8454935622317596,0.8353909465020576,0.7969924812030075,0.9040590405904059
5,20,0.8467065080571676,0.9390756302521008,0.8908993505419944,0.8465116279069768,0.8804136280098532,0.9528795811518325,0.9118152524167561,0.9710144927536232,0.8700787401574803,0.8465116279069768,0.875,0.8918918918918919
5,21,0.86235754673675,0.9432773109243697,0.8940929000926786,0.8571428571428571,0.8510284756709399,0.93717277486911,0.8760664550550417,0.9577464788732394,0.8739130434782608,0.8739130434782608,0.8571428571428571,0.9077490774907749
5,22,0.8456883271338063,0.9411764705882353,0.902519014999039,0.8192771084337349,0.7580834842032046,0.9057591623036649,0.845911589008363,0.9781021897810219,0.8577586206896551,0.8192771084337349,0.9558823529411765,0.9015748031496063
5,23,0.9030594447980271,0.9621848739495799,0.9319093640445125,0.8869565217391304,0.8646497753982589,0.9476439790575916,0.9061267999969733,0.9642857142857143,0.9039301310043668,0.8869565217391304,0.9555555555555556,0.9488188976377953
5,24,0.8498332401872999,0.9380252100840336,0.8839912687518648,0.7969924812030075,0.8849109998643327,0.9528795811518325,0.9086024612714952,0.9784172661870504,0.8995633187772926,0.8717948717948718,0.7969924812030075,0.8731884057971014
5,25,0.8607173121315137,0.944327731092437,0.9054619681115332,0.8137651821862348,0.8747368080680982,0.9476439790575916,0.9054176471427144,0.9782608695652174,0.8377192982456141,0.8137651821862348,0.9481481481481482,0.9494163424124513
5,26,0.8944353873565105,0.9590336134453782,0.9276941110654935,0.8660714285714286,0.9169494240935812,0.9685863874345549,0.9459090909090909,0.9782608695652174,0.920704845814978,0.8660714285714286,0.948905109489051,0.9245283018867925
5,27,0.8378504109051891,0.9338235294117647,0.8815141113716158,0.7783018867924528,0.9285100351413488,0.9738219895287958,0.9567707469835129,0.9565217391304348,0.9024390243902439,0.7783018867924528,0.8913043478260869,0.8790035587188612
5,28,0.873797270583256,0.9474789915966386,0.8990739898263765,0.7969924812030075,0.8875777419526094,0.9528795811518325,0.9066705410870171,0.9926470588235294,0.9253112033195021,0.8899082568807339,0.7969924812030075,0.8905109489051095
5,29,0.6020616334555446,0.8214285714285714,0.7364805935600529,0.517799352750809,0.5763507116802917,0.806282722513089,0.7094242424242425,0.9784172661870504,0.6615384615384615,0.517799352750809,0.7746478873239436,0.75
5,30,0.8474881494319081,0.9380252100840336,0.8874293590823923,0.8084112149532711,0.902870481346234,0.9633507853403142,0.9388775510204083,0.9565217391304348,0.891566265060241,0.8084112149532711,0.8832116788321168,0.8974358974358975
5,31,0.6820142418143856,0.8581932773109243,0.7797445901456307,0.5974025974025974,0.7060170484342925,0.8691099476439791,0.7904345078798691,0.9496402877697842,0.5974025974025974,0.6435643564356436,0.868421052631579,0.8396946564885496
5,32,0.7380100956440204,0.8865546218487395,0.8148628725094482,0.6271929824561403,0.7335504272468357,0.8900523560209425,0.821147491867831,0.9640287769784173,0.7664233576642335,0.6271929824561403,0.8768115942028986,0.8398576512455516
5,33,0.8581857934300511,0.944327731092437,0.9065806379144263,0.8114035087719298,0.8294881677674723,0.9319371727748691,0.8817872790818067,0.9712230215827338,0.8820960698689956,0.8114035087719298,0.9703703703703703,0.8978102189781022
5,34,0.8342950533743718,0.930672268907563,0.8720913362349911,0.8014705882352942,0.8503567107602445,0.93717277486911,0.8816765202011105,0.9781021897810219,0.8844621513944223,0.8127853881278538,0.8014705882352942,0.8836363636363637
5,35,0.7076490376018431,0.8676470588235294,0.790303664498013,0.5541125541125541,0.7546765639318888,0.8952879581151832,0.8303901229311066,0.9640287769784173,0.7241379310344828,0.5541125541125541,0.8776978417266187,0.8315412186379928
5,36,0.8442830917854247,0.9359243697478992,0.8823625454191285,0.8046511627906977,0.8090664465179994,0.9214659685863874,0.8610395648774416,0.9854014598540146,0.9183673469387755,0.8046511627906977,0.8270676691729323,0.8763250883392226
5,37,0.9226638139489173,0.9695378151260504,0.944745408783868,0.8947368421052632,0.9241664849103716,0.9685863874345549,0.9397616202469589,0.9854014598540146,0.9118942731277533,0.8947368421052632,0.9552238805970149,0.9764705882352941
5,38,0.8928325207343474,0.9569327731092437,0.9191039494466897,0.8867924528301887,0.8836486694552551,0.9528795811518325,0.9113687717135994,0.95,0.9399141630901288,0.8867924528301887,0.9097222222222222,0.9090909090909091
5,39,0.8409679721292926,0.9369747899159664,0.888612890218968,0.8254716981132075,0.822790729421159,0.9267015706806283,0.866114996114996,0.9855072463768116,0.8884462151394422,0.8254716981132075,0.8740740740740741,0.8695652173913043
5,40,0.8862762658548011,0.9558823529411765,0.9228561825183773,0.8672566371681416,0.9032473752425199,0.9633507853403142,0.9360511397329159,0.9784172661870504,0.896551724137931,0.8672566371681416,0.9492753623188406,0.9227799227799228
5,41,0.8851520038147142,0.9527310924369747,0.9092372906824726,0.8074074074074075,0.8895567743511333,0.9581151832460733,0.9236529933481152,0.9781021897810219,0.9690265486725663,0.9259259259259259,0.8074074074074075,0.8657243816254417
5,42,0.8131440843066972,0.9233193277310925,0.8728785203177083,0.7615384615384615,0.7762584040250271,0.9057591623036649,0.8511437908496733,0.9637681159420289,0.7841409691629956,0.7615384615384615,0.9357142857142857,0.9192307692307692
5,43,0.8974287111894111,0.9590336134453782,0.922915847829409,0.8721804511278195,0.8454439890995541,0.93717277486911,0.8835841306441872,0.9854014598540146,0.961038961038961,0.8981481481481481,0.8721804511278195,0.8978102189781022
5,44,0.8893456696473714,0.9558823529411765,0.9216872559905251,0.8675213675213675,0.8955102719954823,0.9581151832460733,0.9214384299333839,1.0,0.8766519823788547,0.8675213675213675,0.9172932330827067,0.946969696969697
5,45,0.8750054468497176,0.9506302521008403,0.9138701678114453,0.8271028037383178,0.8299535107329284,0.9319371727748691,0.8888013625718545,0.9781021897810219,0.8924302788844621,0.8271028037383178,0.9477611940298507,0.9239543726235742
5,46,0.8941330536852812,0.957983193277311,0.9275696415792322,0.853448275862069,0.8902036417051896,0.9581151832460733,0.9270301003344482,0.9779411764705882,0.853448275862069,0.871244635193133,0.9703703703703703,0.96484375
5,47,0.8414713036771179,0.9369747899159664,0.8890658004630986,0.8113207547169812,0.8778374496203526,0.9528795811518325,0.9188202273916559,0.9852941176470589,0.8823529411764706,0.8113207547169812,0.8851351351351351,0.8812260536398467
5,48,0.7643003311583604,0.9033613445378151,0.8461484646559644,0.7194244604316546,0.7516050960339743,0.8848167539267016,0.8103402028968567,0.9568345323741008,0.7327586206896551,0.7194244604316546,0.9328358208955224,0.8888888888888888
5,49,0.7656299062098162,0.9033613445378151,0.8373382556739912,0.7418181818181818,0.7520692101266968,0.900523560209424,0.837195613610708,0.9855072463768116,0.7662337662337663,0.7418181818181818,0.8134328358208955,0.8796992481203008
5,50,0.8107416807250113,0.9212184873949579,0.8558758327506591,0.7813953488372093,0.783552447906125,0.9162303664921466,0.8601721235341925,0.9642857142857143,0.8844621513944223,0.7813953488372093,0.7925925925925926,0.8566433566433567
5,51,0.8089006088514956,0.9233193277310925,0.8737804624791015,0.7510373443983402,0.7985591023576036,0.9214659685863874,0.8699546584759397,0.9781021897810219,0.8387096774193549,0.7510373443983402,0.927007299270073,0.8740458015267175
5,52,0.7729249602643471,0.9054621848739496,0.8409682761916045,0.7345454545454545,0.823132541477614,0.9267015706806283,0.8786642322246039,0.9854014598540146,0.7644444444444445,0.7345454545454545,0.8270676691729323,0.8933823529411765
5,53,0.6301332905337897,0.8319327731092437,0.7436534959831522,0.5610687022900763,0.5952439447092776,0.8219895287958116,0.7490253090483505,0.9640287769784173,0.6387832699619772,0.5610687022900763,0.8164556962025317,0.7379310344827587
5,54,0.7899166773716711,0.9128151260504201,0.8476732261674084,0.7876447876447876,0.8216371056175643,0.9267015706806283,0.8714524134355909,0.9854014598540146,0.8,0.7876447876447876,0.7969924812030075,0.8683274021352313
5,55,0.8663132035538843,0.9464285714285714,0.9045204136955244,0.8416666666666667,0.8551985204558961,0.9424083769633508,0.8960830979826147,0.9645390070921985,0.8602620087336245,0.8416666666666667,0.917910447761194,0.9382239382239382
5,56,0.8797212668284272,0.9495798319327731,0.9014141215170964,0.7969924812030075,0.8380865383686805,0.9319371727748691,0.8721530648817005,0.9782608695652174,0.9333333333333333,0.9120370370370371,0.7969924812030075,0.8864468864468864
5,57,0.89504557080064,0.9590336134453782,0.9287020032564179,0.8607594936708861,0.8698834771699289,0.9476439790575916,0.9089039264828738,0.9926470588235294,0.8888888888888888,0.8607594936708861,0.9473684210526315,0.9538461538461539
5,58,0.8685039139086392,0.9474789915966386,0.9035408731178718,0.8609271523178808,0.8385885478389618,0.93717277486911,0.8899244581553551,0.9710144927536232,0.9135802469135802,0.8957345971563981,0.8609271523178808,0.8764478764478765
5,59,0.8724403406892198,0.9485294117647058,0.9038914686413868,0.8552631578947368,0.7818923721237753,0.9109947643979057,0.8457164794574578,0.9637681159420289,0.9061224489795918,0.8985507246376812,0.8552631578947368,0.8957528957528957
5,60,0.9033373381745906,0.9600840336134454,0.9221643651848922,0.8270676691729323,0.8895044122096915,0.9528795811518325,0.9066666666666666,0.9926470588235294,0.9652173913043478,0.9357798165137615,0.8270676691729323,0.8901098901098901
5,61,0.7938482455347745,0.9159663865546218,0.8531845790332608,0.8106995884773662,0.8312540467961573,0.9319371727748691,0.8779380341880343,0.9492753623188406,0.8242677824267782,0.8106995884773662,0.8355263157894737,0.8461538461538461
5,62,0.8379336206014402,0.9327731092436975,0.876913729375354,0.8148148148148148,0.8002223265475898,0.9162303664921466,0.8512696401177694,0.9781021897810219,0.8774703557312253,0.8148148148148148,0.8194444444444444,0.8947368421052632
5,63,0.8790937958495708,0.9506302521008403,0.9067056272925214,0.8270676691729323,0.8591357339071681,0.9424083769633508,0.8924154204384935,0.9926470588235294,0.9491525423728814,0.880184331797235,0.8270676691729323,0.8844765342960289
5,64,0.8424325248590181,0.9359243697478992,0.8835334524211251,0.8208955223880597,0.8277176643972898,0.9267015706806283,0.8531380534670008,0.9852941176470589,0.8844444444444445,0.8429752066115702,0.8208955223880597,0.8840579710144928
5,65,0.7786334473379436,0.9044117647058824,0.846289868597287,0.7052238805970149,0.843860317640455,0.93717277486911,0.8940471633629528,0.9781021897810219,0.7217391304347827,0.7052238805970149,0.9172932330827067,0.9090909090909091
5,66,0.8440864666847869,0.9369747899159664,0.8884668753428636,0.8412017167381974,0.8646334725931009,0.9424083769633508,0.8864318097361575,0.9571428571428572,0.8454935622317596,0.8412017167381974,0.9,0.8984962406015038
5,67,0.5411716343275427,0.7867647058823529,0.6979462711779891,0.4578313253012048,0.6101621715719576,0.8115183246073299,0.7143701070171659,0.9645390070921985,0.6226415094339622,0.4578313253012048,0.7622377622377622,0.6824817518248175
5,68,0.8163462804912017,0.9275210084033614,0.8836844348744082,0.7706766917293233,0.7788259531684613,0.9162303664921466,0.8735464852607709,0.9926470588235294,0.788546255506608,0.7706766917293233,0.948905109489051,0.9176470588235294
5,69,0.7596877119248675,0.9002100840336135,0.8401519905632451,0.7101449275362319,0.6995528049479292,0.8743455497382199,0.8009028785679728,0.9640287769784173,0.7316017316017316,0.7101449275362319,0.9124087591240876,0.8825757575757576
5,70,0.8751745487622165,0.9506302521008403,0.9125781276314633,0.847926267281106,0.8843791900422541,0.9528795811518325,0.9133666861749326,0.9855072463768116,0.8943089430894309,0.847926267281106,0.9191176470588235,0.916030534351145
5,71,0.8949263144019619,0.957983193277311,0.9216875118162913,0.8646616541353384,0.8881353289821436,0.9528795811518325,0.9052011673962893,1.0,0.9531914893617022,0.8928571428571429,0.8646616541353384,0.8977272727272727
5,72,0.8844741341972584,0.9548319327731093,0.9201404235983961,0.8734177215189873,0.8050706699199255,0.9267015706806283,0.8839864537977746,0.9854014598540146,0.8734177215189873,0.8898678414096917,0.924812030075188,0.9272030651340997
5,73,0.8895131360331326,0.9569327731092437,0.9256030157730162,0.8701298701298701,0.8850576674615374,0.9581151832460733,0.9336383483626008,0.9779411764705882,0.871244635193133,0.8701298701298701,0.9629629629629629,0.9457364341085271
5,74,0.858514231328174,0.9453781512605042,0.9061363587541361,0.8356807511737089,0.8429011726893061,0.9319371727748691,0.8755238277397119,0.9855072463768116,0.8754863813229572,0.8356807511737089,0.9347826086956522,0.8992248062015504
5,75,0.8900217110269985,0.9558823529411765,0.917327110309601,0.8723404255319149,0.8907142936690728,0.9581151832460733,0.9250957818776968,0.9781021897810219,0.9336283185840708,0.8903508771929824,0.8723404255319149,0.9122137404580153
5,76,0.8359826198511041,0.9348739495798319,0.8868196035234728,0.7887323943661971,0.8361654868535106,0.93717277486911,0.8998374550098689,0.9854014598540146,0.8991935483870968,0.7887323943661971,0.8955223880597015,0.8652482269503546
5,77,0.8063050082520693,0.9212184873949579,0.8612755531563575,0.804,0.8740866509134145,0.9528795811518325,0.9245643712030267,0.9714285714285714,0.8132780082987552,0.804,0.8283582089552238,0.8893129770992366
5,78,0.8857554191901491,0.9537815126050421,0.9165423803042803,0.864406779661017,0.9343375789402281,0.9738219895287958,0.9521004261407645,0.9781021897810219,0.8652173913043478,0.864406779661017,0.9172932330827067,0.9576923076923077
5,79,0.9050349911942368,0.9600840336134454,0.9203574084001444,0.8208955223880597,0.8597541122604714,0.9424083769633508,0.8901269537915499,0.9782608695652174,0.9570815450643777,0.9481132075471698,0.8208955223880597,0.8974358974358975
5,80,0.8470422318521951,0.9380252100840336,0.887911665276943,0.8301886792452831,0.9004194711920779,0.9581151832460733,0.9150971029820413,0.9784172661870504,0.8809523809523809,0.8301886792452831,0.8602941176470589,0.8897058823529411
5,81,0.8737225622370356,0.9495798319327731,0.9081546288839071,0.8535564853556485,0.8835070410769529,0.9528795811518325,0.9123389987145553,0.9632352941176471,0.8874458874458875,0.8535564853556485,0.8992805755395683,0.9372549019607843
5,82,0.879603154913961,0.9527310924369747,0.9149043932006213,0.8685446009389671,0.9316301811892801,0.9738219895287958,0.9528414550446123,0.9782608695652174,0.9246861924686193,0.8685446009389671,0.9090909090909091,0.8939393939393939
5,83,0.8644853049347156,0.9464285714285714,0.9067282816276785,0.8471615720524017,0.8505141824381033,0.9424083769633508,0.9049819121447028,0.9712230215827338,0.8706896551724138,0.8471615720524017,0.9361702127659575,0.9083969465648855
5,84,0.8592638377138554,0.9453781512605042,0.9075784135064089,0.8130841121495327,0.8983550282435696,0.9633507853403142,0.9412617220801364,0.9852941176470589,0.872093023255814,0.8130841121495327,0.9558823529411765,0.9115384615384615
5,85,0.8510397526552235,0.9401260504201681,0.8946677314820098,0.8055555555555556,0.8110166503868664,0.9267015706806283,0.8764844627387834,0.9710144927536232,0.8700787401574803,0.8055555555555556,0.9154929577464789,0.9111969111969112
5,86,0.7681035137619546,0.9044117647058824,0.8379754752872183,0.7472527472527473,0.7720144172549843,0.9057591623036649,0.835249248908792,0.9708029197080292,0.7841409691629956,0.7472527472527473,0.8195488721804511,0.8681318681318682
5,87,0.8946911289919753,0.957983193277311,0.9216098593419965,0.8958333333333334,0.9447228119600755,0.9790575916230366,0.9607142857142857,0.9705882352941176,0.9181034482758621,0.9013452914798207,0.8958333333333334,0.9221789883268483
5,88,0.8621818103642466,0.944327731092437,0.9011320174153339,0.7934272300469484,0.8725246156588664,0.9476439790575916,0.9026899416373102,0.9637681159420289,0.9016393442622951,0.7934272300469484,0.9357142857142857,0.9111111111111111
5,89,0.8900211247976507,0.9569327731092437,0.9257643265717354,0.8423423423423423,0.9266960997549203,0.9738219895287958,0.9601376322161336,0.9927007299270073,0.8966942148760331,0.8423423423423423,0.9552238805970149,0.9418604651162791
5,90,0.8513160824656466,0.9401260504201681,0.8931876943046625,0.8148148148148148,0.8731726416479763,0.9528795811518325,0.9210627530364371,0.9854014598540146,0.8884462151394422,0.8148148148148148,0.8805970149253731,0.8966789667896679
5,91,0.8958813401471701,0.957983193277311,0.9196725594288632,0.8819444444444444,0.9082774104198417,0.9633507853403142,0.9301491924475795,0.9558823529411765,0.9166666666666666,0.9255813953488372,0.8819444444444444,0.9182879377431906
5,92,0.8775119738721343,0.9516806722689075,0.9135612732953741,0.8388625592417062,0.7776352724129043,0.9109947643979057,0.850277092271336,0.9854014598540146,0.9132231404958677,0.8388625592417062,0.917910447761194,0.9124087591240876
5,93,0.7518469978079538,0.8991596638655462,0.8376920096477564,0.7299270072992701,0.7950655001340098,0.9162303664921466,0.8690134426976531,0.9637681159420289,0.7489177489177489,0.7299270072992701,0.9047619047619048,0.8410852713178295
5,94,0.8077439757718542,0.9222689075630253,0.8682900513916708,0.7725321888412017,0.7835278018508982,0.9109947643979057,0.8577110805221405,0.9782608695652174,0.8293650793650794,0.7725321888412017,0.8872180451127819,0.8740740740740741
5,95,0.8660704740800078,0.9464285714285714,0.9068206733998927,0.786046511627907,0.8627153871219758,0.9476439790575916,0.9143486414244413,0.9782608695652174,0.9142857142857143,0.786046511627907,0.9477611940298507,0.9077490774907749
5,96,0.8245715807459721,0.9264705882352942,0.8631351014794106,0.7518796992481203,0.8477935673207548,0.9319371727748691,0.8576025938830817,0.9855072463768116,0.8626609442060086,0.8360655737704918,0.7518796992481203,0.8795620437956204
5,97,0.8454353172040053,0.9380252100840336,0.8894075061339924,0.8429752066115702,0.8659150967089887,0.9476439790575916,0.905718085106383,0.9562043795620438,0.8468085106382979,0.8429752066115702,0.8873239436619719,0.9137254901960784
5,98,0.8692611129287352,0.9474789915966386,0.907383804724591,0.7924528301886793,0.8579716953367583,0.9476439790575916,0.9226666666666666,0.9712230215827338,0.9061224489795918,0.7924528301886793,0.948905109489051,0.9182156133828996
5,99,0.7789442068540688,0.907563025210084,0.8377699825511973,0.7251184834123223,0.7952449921369605,0.9109947643979057,0.8352854767184035,0.95,0.876,0.7251184834123223,0.8227848101265823,0.8149466192170819
5,100,0.869082731727554,0.9485294117647058,0.9095451678980915,0.8614718614718615,0.8222706532133106,0.9267015706806283,0.8678231292517007,0.9708029197080292,0.8680851063829788,0.8614718614718615,0.9290780141843972,0.9182879377431906
5,101,0.8636931164533144,0.944327731092437,0.8981169340333615,0.8471074380165289,0.7951792048848335,0.9109947643979057,0.8330395357070699,0.9926470588235294,0.8755555555555555,0.8471074380165289,0.849624060150376,0.9256505576208178
5,102,0.5368891894822727,0.7794117647058824,0.684861354338629,0.4382716049382716,0.5820970369649745,0.7905759162303665,0.688652323410944,0.9428571428571428,0.5955882352941176,0.4382716049382716,0.7414965986394558,0.7060931899641577
5,103,0.5498775540516614,0.7888655462184874,0.7026926826048437,0.4461538461538462,0.5256904094627428,0.774869109947644,0.6933465752080658,0.9782608695652174,0.6273062730627307,0.4461538461538462,0.7708333333333334,0.6909090909090909
5,104,0.8339628788140507,0.9348739495798319,0.888350198264057,0.7990654205607477,0.7865491956788441,0.9162303664921466,0.8609577802974722,0.9784172661870504,0.8666666666666667,0.7990654205607477,0.9230769230769231,0.8745247148288974
5,105,0.7886014502728763,0.9149159663865546,0.8588957334484654,0.7576923076923077,0.7443454362415873,0.8952879581151832,0.8364626942708036,0.9782608695652174,0.8034934497816594,0.7576923076923077,0.8881118881118881,0.8669201520912547
5,106,0.8766704654559594,0.9516806722689075,0.9177278498570933,0.8410041841004184,0.8485898888225593,0.93717277486911,0.8936311304249676,1.0,0.8583690987124464,0.8410041841004184,0.9398496240601504,0.9494163424124513
5,107,0.851323398745394,0.9401260504201681,0.8950579103984924,0.8326359832635983,0.8242397959784535,0.9319371727748691,0.8928409330133469,0.9779411764705882,0.8441558441558441,0.8326359832635983,0.900709219858156,0.9198473282442748
5,108,0.5523721782938482,0.7899159663865546,0.7035126206924037,0.44785276073619634,0.6630745098123432,0.837696335078534,0.741759317431044,0.9710144927536232,0.6051660516605166,0.44785276073619634,0.773972602739726,0.7195571955719557
5,109,0.860067408196117,0.9422268907563025,0.8956502768580241,0.8376068376068376,0.838445056354345,0.9319371727748691,0.8728344598709048,0.9562043795620438,0.8376068376068376,0.8438818565400844,0.8978102189781022,0.9427480916030534
5,110,0.8346586441809524,0.9327731092436975,0.8784899239832928,0.8160377358490566,0.8512840892019448,0.9424083769633508,0.8994810423071293,0.9640287769784173,0.8705882352941177,0.8160377358490566,0.8533333333333334,0.8884615384615384
5,111,0.8849498076536471,0.9548319327731093,0.9216169693086336,0.8626609442060086,0.8725073683764127,0.9528795811518325,0.9218070175438596,0.9784172661870504,0.868995633187773,0.8626609442060086,0.9568345323741008,0.9411764705882353
5,112,0.8647063562431545,0.944327731092437,0.8946348746722512,0.8382352941176471,0.8476845377153517,0.93717277486911,0.8845990797640738,0.9635036496350365,0.8955823293172691,0.8657407407407407,0.8382352941176471,0.9101123595505618
5,113,0.8813871659912038,0.9537815126050421,0.9158765314890018,0.8914027149321267,0.8552695976633186,0.9424083769633508,0.8941473393586957,0.9645390070921985,0.9118942731277533,0.8914027149321267,0.9104477611940298,0.9010989010989011
5,114,0.45458140965707555,0.6386554621848739,0.5394599937890688,0.03793103448275862,0.45529125043956586,0.675392670157068,0.5826247282129635,0.9020979020979021,0.49137931034482757,0.03793103448275862,0.7756410256410257,0.49025069637883006
5,115,0.7832518259677944,0.9096638655462185,0.8428175736192921,0.7615384615384615,0.7486070987245501,0.900523560209424,0.8436266503481334,0.9784172661870504,0.8034934497816594,0.7615384615384615,0.7969924812030075,0.8736462093862816
5,116,0.8612122470103085,0.9432773109243697,0.8959240022369841,0.8394495412844036,0.8240247080196347,0.9267015706806283,0.8656654363479636,0.9855072463768116,0.9032258064516129,0.8394495412844036,0.8529411764705882,0.8984962406015038
5,117,0.914292109696792,0.967436974789916,0.9418348028808845,0.919047619047619,0.8866816342845217,0.9581151832460733,0.9315539927554946,0.9784172661870504,0.9324894514767933,0.919047619047619,0.9555555555555556,0.9236641221374046
5,118,0.7856384492792788,0.9117647058823529,0.8489232260643325,0.7629310344827587,0.7486361382425781,0.8952879581151832,0.8213522267206479,0.9782608695652174,0.8210116731517509,0.7629310344827587,0.8345864661654135,0.8478260869565217
5,119,0.7334756091361049,0.8802521008403361,0.8085512105058582,0.5818965517241379,0.6773780158190538,0.8429319371727748,0.7744130781499201,0.9710144927536232,0.7465277777777778,0.5818965517241379,0.8840579710144928,0.8592592592592593
5,120,0.8289379831412468,0.9317226890756303,0.8833647152107196,0.7582938388625592,0.830488088651734,0.9319371727748691,0.8810228690228691,0.9640287769784173,0.889795918367347,0.7582938388625592,0.9420289855072463,0.8626760563380281
5,121,0.8925562232893118,0.9569327731092437,0.920058982397124,0.8755364806866953,0.8645894124329175,0.9476439790575916,0.9070175438596492,0.9852941176470589,0.9155555555555556,0.8755364806866953,0.8880597014925373,0.9358490566037736
5,122,0.8589721202771329,0.9422268907563025,0.8928128607178613,0.8248175182481752,0.9171710203063059,0.9685863874345549,0.94668818747011,0.9854014598540146,0.9004329004329005,0.8504273504273504,0.8248175182481752,0.9029850746268657
5,123,0.827959763196968,0.9275210084033614,0.8650580722510173,0.7941176470588235,0.8435829941206201,0.93717277486911,0.889300844893558,0.9492753623188406,0.8368200836820083,0.8516949152542372,0.7941176470588235,0.8933823529411765
5,124,0.9179318572776879,0.9684873949579832,0.9427289758705925,0.9282700421940928,0.9037232585333465,0.9633507853403142,0.933958734962348,0.9926470588235294,0.9282700421940928,0.9339622641509434,0.9290780141843972,0.9296875
5,125,0.7990244497926196,0.9149159663865546,0.8528027114799052,0.759825327510917,0.8431655754092575,0.93717277486911,0.8846459627329193,0.9635036496350365,0.759825327510917,0.7748091603053435,0.8507462686567164,0.915129151291513
5,126,0.8604677731709612,0.944327731092437,0.9000936447650218,0.8364485981308412,0.8547069724459804,0.9424083769633508,0.8977333912288319,0.9635036496350365,0.8930041152263375,0.8364485981308412,0.9071428571428571,0.9003690036900369
5,127,0.7829674762551406,0.9107142857142857,0.8467187848225958,0.7668161434977578,0.8152394039919907,0.9214659685863874,0.8554462557505772,0.9568345323741008,0.8680851063829788,0.7668161434977578,0.8376623376623377,0.8041958041958042
5,128,0.901340785132497,0.9600840336134454,0.9241556963670637,0.8818181818181818,0.9250012379100343,0.9685863874345549,0.9353473288957159,0.9712230215827338,0.9695652173913043,0.8818181818181818,0.8880597014925373,0.9101123595505618
5,129,0.8780266692627178,0.9516806722689075,0.9146066151344545,0.8640350877192983,0.8899733594701705,0.9581151832460733,0.9264274973147153,0.9854014598540146,0.8640350877192983,0.8669527896995708,0.9225352112676056,0.9341085271317829
5,130,0.8879350741536806,0.9537815126050421,0.9108354104554863,0.8283582089552238,0.8926917151476592,0.9581151832460733,0.9225776643199511,0.9781021897810219,0.9612068965517241,0.9009009009009009,0.8283582089552238,0.8856088560885609
5,131,0.8896622987875926,0.9558823529411765,0.9209100573042477,0.8388625592417062,0.905239746069,0.9633507853403142,0.9352334267040149,0.9781021897810219,0.8991935483870968,0.8388625592417062,0.9424460431654677,0.9459459459459459
5,132,0.8594411321307014,0.9422268907563025,0.8944111983498173,0.8136363636363636,0.8771923499209805,0.9528795811518325,0.9206633291614519,0.9637681159420289,0.8853754940711462,0.8136363636363636,0.8823529411764706,0.926923076923077
5,133,0.8594985236721426,0.944327731092437,0.9008076045050025,0.8614232209737828,0.9056794127964131,0.9633507853403142,0.9314119890639396,0.9854014598540146,0.91701244813278,0.8660287081339713,0.8741721854304636,0.8614232209737828
5,134,0.9163058545673832,0.9684873949579832,0.945091370299896,0.8930232558139535,0.9071297632036323,0.9685863874345549,0.9539482838589983,0.9855072463768116,0.9519650655021834,0.8930232558139535,0.9701492537313433,0.924812030075188
5,135,0.8533508379124846,0.9432773109243697,0.9026555957323333,0.82,0.8591133662575554,0.9476439790575916,0.9092013849212698,1.0,0.8977777777777778,0.82,0.8947368421052632,0.9007633587786259
5,136,0.824678597472634,0.9254201680672269,0.8589089007095229,0.7443609022556391,0.8480998015082032,0.93717277486911,0.8798753571573045,0.9642857142857143,0.8367346938775511,0.8663793103448276,0.7443609022556391,0.8827838827838828
5,137,0.8102895940312821,0.9222689075630253,0.8646355367795975,0.7695473251028807,0.8176538281170731,0.9267015706806283,0.8759652669953988,0.9781021897810219,0.8625,0.7695473251028807,0.8380281690140845,0.875
5,138,0.8200054473993271,0.9254201680672269,0.8650813180907877,0.7918552036199095,0.7893482094851544,0.9109947643979057,0.8357843137254901,0.9642857142857143,0.8565891472868217,0.7918552036199095,0.8270676691729323,0.8856088560885609
5,139,0.8490312305151645,0.9369747899159664,0.8818963171904348,0.8148148148148148,0.87126366170879,0.9476439790575916,0.9007723211235714,0.9642857142857143,0.8658008658008658,0.8675213675213675,0.8148148148148148,0.8970588235294118
5,140,0.9156347783024876,0.9653361344537815,0.9319807642042315,0.8571428571428571,0.9264555799129092,0.9685863874345549,0.9345986411905066,0.9927007299270073,0.9737991266375546,0.9227272727272727,0.8571428571428571,0.9135338345864662
5,141,0.9007731458149343,0.9621848739495799,0.933378353443614,0.8874458874458875,0.8845391800954153,0.9581151832460733,0.9286153526107761,0.9781021897810219,0.911504424778761,0.8874458874458875,0.9552238805970149,0.9346153846153846
5,142,0.8434083327977878,0.9380252100840336,0.8929186448078393,0.7924528301886793,0.8125120306764999,0.9214659685863874,0.8580152952676672,0.9782608695652174,0.8695652173913043,0.7924528301886793,0.9295774647887324,0.8947368421052632
5,143,0.9005342679832887,0.9611344537815126,0.9289875965227286,0.9022556390977443,0.8410858356101406,0.93717277486911,0.8857533577533576,0.9926470588235294,0.9414225941422594,0.9036697247706422,0.9022556390977443,0.9049429657794676
5,144,0.8729635711031616,0.9474789915966386,0.8998206005725201,0.8045112781954887,0.8624786603746989,0.9424083769633508,0.8887959866220736,0.9926470588235294,0.9177489177489178,0.8888888888888888,0.8045112781954887,0.8953068592057761
5,145,0.863573570328263,0.9464285714285714,0.9059379964822467,0.8602620087336245,0.833179700415361,0.93717277486911,0.9051048727772866,0.9714285714285714,0.8793103448275862,0.8602620087336245,0.9225352112676056,0.8961538461538462
5,146,0.8940954349283545,0.9558823529411765,0.9142414829557172,0.8676470588235294,0.9119423165016729,0.9633507853403142,0.9245172813208757,0.9635036496350365,0.921161825726141,0.8761467889908257,0.8676470588235294,0.9427480916030534
5,147,0.8305747236011398,0.930672268907563,0.8778037982586264,0.8170212765957446,0.8268920832484884,0.9319371727748691,0.8857174914846724,0.9562043795620438,0.8382978723404255,0.8170212765957446,0.8827586206896552,0.8947368421052632
5,148,0.8602212157928154,0.9432773109243697,0.8967985060763406,0.8177570093457944,0.8471325169044368,0.93717277486911,0.8836580692704494,0.9640287769784173,0.888,0.8177570093457944,0.8962962962962963,0.917910447761194
5,149,0.8396631948392945,0.9359243697478992,0.8914514742156989,0.7922077922077922,0.8136928360761904,0.9267015706806283,0.8749244142101287,0.9640287769784173,0.8608695652173913,0.7922077922077922,0.9496402877697842,0.8905109489051095
5,150,0.8490002354814311,0.9401260504201681,0.8966216152439384,0.8173913043478261,0.8918631747168873,0.9581151832460733,0.9231661049975003,0.9782608695652174,0.875,0.8173913043478261,0.917910447761194,0.8945454545454545
5,151,0.86168110524377,0.9432773109243697,0.8978497322916024,0.8347107438016529,0.832480338132652,0.9319371727748691,0.8753885700621712,0.9710144927536232,0.8448275862068966,0.8347107438016529,0.8888888888888888,0.9498069498069498
5,152,0.8130729973607985,0.9243697478991597,0.8688317622304839,0.7923728813559322,0.7862770027386411,0.9057591623036649,0.8352592592592594,0.9635036496350365,0.8391304347826087,0.7923728813559322,0.8759124087591241,0.8732394366197183
5,153,0.8502984069069794,0.9411764705882353,0.901605113457069,0.8235294117647058,0.8444027097175304,0.93717277486911,0.8976825396825397,0.9781021897810219,0.8382978723404255,0.8235294117647058,0.9558823529411765,0.9122137404580153
5,154,0.8812087092172205,0.9506302521008403,0.9045781422672654,0.8345864661654135,0.8433995455210616,0.93717277486911,0.8870562770562771,0.9714285714285714,0.9118942731277533,0.8864628820960698,0.8345864661654135,0.9185185185185185
5,155,0.9037644069299305,0.9621848739495799,0.9316463979852259,0.8898678414096917,0.9029232385694376,0.9633507853403142,0.9396039886039886,0.9927007299270073,0.9039301310043668,0.8898678414096917,0.9253731343283582,0.946360153256705
5,156,0.7753738664525327,0.907563025210084,0.8405941175957252,0.7175925925925926,0.6656388966831897,0.8586387434554974,0.7648278388278389,0.9577464788732394,0.8396946564885496,0.7175925925925926,0.8540145985401459,0.833922261484099
5,157,0.9035814845102014,0.9621848739495799,0.9298721274021607,0.9,0.9324332831462031,0.9738219895287958,0.9507187572720893,0.9784172661870504,0.9256198347107438,0.9,0.9172932330827067,0.928030303030303
5,158,0.7856868255180594,0.9138655462184874,0.8594791792029041,0.7454545454545455,0.7634741948937044,0.9057591623036649,0.8458246086945465,0.9784172661870504,0.7709251101321586,0.7454545454545455,0.9029850746268657,0.8996138996138996
5,159,0.8684251050840336,0.9474789915966386,0.9072787173334769,0.8481012658227848,0.8455117549654536,0.93717277486911,0.8899943307151545,0.9927007299270073,0.8640350877192983,0.8481012658227848,0.9029850746268657,0.9285714285714286
5,160,0.8623803442272931,0.944327731092437,0.8984678278761351,0.8364485981308412,0.8114730157436894,0.9214659685863874,0.8602752320440372,0.9708029197080292,0.8924302788844621,0.8364485981308412,0.8811188811188811,0.9115384615384615
5,161,0.7937250284392289,0.9128151260504201,0.8496391147237846,0.6712962962962963,0.7949635309393231,0.9109947643979057,0.8335913038743227,0.9496402877697842,0.876984126984127,0.6712962962962963,0.8985507246376812,0.8517241379310345
5,162,0.8511030128646058,0.9422268907563025,0.9026091995681973,0.813953488372093,0.816632540454215,0.9319371727748691,0.8922104762329572,0.9854014598540146,0.8582375478927203,0.813953488372093,0.9477611940298507,0.9076923076923077
5,163,0.8830081669451156,0.9548319327731093,0.9224645865129414,0.8583690987124464,0.8588476270595232,0.9476439790575916,0.9159874029187272,0.9784172661870504,0.8820960698689956,0.8583690987124464,0.9624060150375939,0.9310344827586207
5,164,0.8444555517724756,0.9380252100840336,0.890257683029847,0.8356807511737089,0.8806360883669013,0.9528795811518325,0.9130686338788447,0.9854014598540146,0.8643410852713178,0.8356807511737089,0.8740740740740741,0.8917910447761194
5,165,0.5445035494502504,0.792016806722689,0.6965259383878571,0.49390243902439024,0.5622615284960674,0.8115183246073299,0.7194216843064771,0.9714285714285714,0.6190476190476191,0.49390243902439024,0.6917293233082706,0.7065217391304348
5,166,0.870764652855984,0.9485294117647058,0.9102252636824918,0.8491379310344828,0.8748628690034657,0.9528795811518325,0.9206989027743745,0.9710144927536232,0.8577586206896551,0.8491379310344828,0.9424460431654677,0.9307692307692308
5,167,0.726518294247463,0.8781512605042017,0.8127747640534867,0.6133333333333333,0.7219258162100988,0.8795811518324608,0.8133342175066313,0.9714285714285714,0.6133333333333333,0.654485049833887,0.9253731343283582,0.8992537313432836
5,168,0.788130559068922,0.9117647058823529,0.8519098198818817,0.7509293680297398,0.736812651200622,0.8900523560209425,0.8165829667490552,0.9852941176470589,0.7577092511013216,0.7509293680297398,0.8582089552238806,0.9074074074074074
5,169,0.6170025769250501,0.8308823529411765,0.7551799897896968,0.5228758169934641,0.5783129798431172,0.8115183246073299,0.7348265237232299,0.9852941176470589,0.6615969581749049,0.5228758169934641,0.8445945945945946,0.7615384615384615
5,170,0.861224047034125,0.944327731092437,0.9009571254694736,0.819047619047619,0.9252604128933184,0.9685863874345549,0.9346994436495007,0.9782608695652174,0.8740157480314961,0.819047619047619,0.9124087591240876,0.9210526315789473
5,171,0.8663675172328322,0.9464285714285714,0.9041296581176919,0.8207547169811321,0.8506433191138021,0.93717277486911,0.8764497335420145,0.9710144927536232,0.8955823293172691,0.8207547169811321,0.9191176470588235,0.914179104477612
5,172,0.9088732965268355,0.9642857142857143,0.9371395499618776,0.8777292576419214,0.8559481817779035,0.93717277486911,0.8928174603174602,0.9852941176470589,0.8947368421052632,0.8777292576419214,0.9626865671641791,0.9652509652509652
5,173,0.881280376232363,0.9527310924369747,0.9142177122281971,0.8511627906976744,0.8390940955652512,0.93717277486911,0.8890284107080075,0.9782608695652174,0.9180327868852459,0.8511627906976744,0.9097744360902256,0.9138576779026217
5,174,0.8739827228681141,0.9506302521008403,0.9165791468168137,0.8362068965517241,0.9135227871992007,0.9685863874345549,0.9490994152046783,0.9852941176470589,0.8701298701298701,0.8362068965517241,0.9629629629629629,0.9283018867924528
5,175,0.8732302866935188,0.9485294117647058,0.9057393290249982,0.8739130434782608,0.8573321598760426,0.9424083769633508,0.8920142365908219,0.9779411764705882,0.8739130434782608,0.8777292576419214,0.8796992481203008,0.9194139194139194
5,176,0.8370696674108239,0.9338235294117647,0.8817340433072915,0.7819905213270142,0.7576421031843886,0.9057591623036649,0.8546282709708974,0.9565217391304348,0.8906882591093117,0.7819905213270142,0.8958333333333334,0.8836363636363637
5,177,0.8557413424410949,0.9411764705882353,0.892964329636914,0.8481012658227848,0.8685157544854238,0.9476439790575916,0.9046604148905939,0.9705882352941176,0.8481012658227848,0.8559322033898306,0.8656716417910447,0.9245283018867925
5,178,0.7876496483913863,0.9149159663865546,0.8613054934739672,0.758364312267658,0.7328856880121641,0.8900523560209425,0.8240377014290058,0.9782608695652174,0.7675438596491229,0.758364312267658,0.916083916083916,0.8862745098039215
5,179,0.5663690846999712,0.7962184873949579,0.7022239293374881,0.48880597014925375,0.5620384832014129,0.8115183246073299,0.721270404532342,0.9496402877697842,0.570446735395189,0.48880597014925375,0.803921568627451,0.6983050847457627
5,180,0.9023012876411264,0.9590336134453782,0.9184009368479472,0.8195488721804511,0.8928147061637904,0.9528795811518325,0.9027752496198224,0.9854014598540146,0.9655172413793104,0.918552036199095,0.8195488721804511,0.9029850746268657
5,181,0.8150337685259446,0.9254201680672269,0.8716590714660551,0.75,0.8717131912481869,0.9476439790575916,0.8992021598473212,0.9642857142857143,0.8983739837398373,0.75,0.9064748201438849,0.8391608391608392
5,182,0.8398822447298592,0.9390756302521008,0.8995422065796174,0.812,0.8087798693144612,0.9319371727748691,0.8994975369458127,0.9784172661870504,0.8583690987124464,0.812,0.9552238805970149,0.8937007874015748
5,183,0.8412257272398848,0.9359243697478992,0.8864715787696109,0.8095238095238095,0.8079367880889364,0.9162303664921466,0.8449794323323735,0.9577464788732394,0.8782608695652174,0.8095238095238095,0.8955223880597015,0.8913043478260869
5,184,0.7713213805597828,0.9023109243697479,0.8456342392019265,0.7017543859649122,0.8052218286579448,0.9214659685863874,0.8751739130434784,0.9712230215827338,0.7017543859649122,0.7032967032967034,0.9492753623188406,0.9026217228464419
5,185,0.8260731003387243,0.9285714285714286,0.8795791592893355,0.7748091603053435,0.8463293008084238,0.93717277486911,0.8896646269704004,0.9854014598540146,0.788546255506608,0.7748091603053435,0.9029850746268657,0.9461538461538461
5,186,0.8596518456757547,0.9401260504201681,0.8825716200559427,0.7518796992481203,0.8368939774129691,0.9319371727748691,0.8681140789754409,0.9645390070921985,0.9291666666666667,0.9090909090909091,0.7518796992481203,0.8581818181818182
5,187,0.5304351361961522,0.7804621848739496,0.6862046599603012,0.45987654320987653,0.5366073885462388,0.7801047120418848,0.7095342025699167,0.910958904109589,0.572992700729927,0.45987654320987653,0.8037974683544303,0.6833976833976834
5,188,0.8347612789621848,0.930672268907563,0.8736993327663696,0.8260869565217391,0.876604195422659,0.9476439790575916,0.90044721313014,0.9637681159420289,0.8260869565217391,0.8319672131147541,0.8345864661654135,0.9120879120879121
5,189,0.8605965550328656,0.9432773109243697,0.8929474535614237,0.8540145985401459,0.8457519515150568,0.93717277486911,0.8828036163054286,0.9370629370629371,0.9029535864978903,0.8842592592592593,0.8540145985401459,0.8864468864468864
5,190,0.8669445098900985,0.9474789915966386,0.9056760335952344,0.8714285714285714,0.8180245929601656,0.9267015706806283,0.8734790077647222,0.9854014598540146,0.9132231404958677,0.8714285714285714,0.88,0.8783269961977186
5,191,0.865524510317217,0.9464285714285714,0.9016994413561432,0.8733333333333333,0.8236092673250264,0.9267015706806283,0.8629833047277267,0.9568345323741008,0.8975409836065574,0.9009433962264151,0.8733333333333333,0.8798449612403101
5,192,0.5626588109117616,0.7983193277310925,0.7109437942408293,0.4735202492211838,0.5053131166877772,0.7696335078534031,0.6884509145203435,0.9712230215827338,0.6264150943396226,0.4735202492211838,0.7708333333333334,0.7127272727272728
5,193,0.9072747310324967,0.9621848739495799,0.9267235523177888,0.8646616541353384,0.8587540731066767,0.93717277486911,0.8792016806722689,0.9854014598540146,0.9696969696969697,0.9,0.8646616541353384,0.9138576779026217
5,194,0.7919541474391166,0.9149159663865546,0.8576808466071733,0.7566371681415929,0.761790354961782,0.900523560209424,0.8266262626262625,0.9852941176470589,0.7566371681415929,0.7698412698412699,0.8897058823529411,0.8869257950530035
5,195,0.8377445289866763,0.9317226890756303,0.8712658302794241,0.7819548872180451,0.7548738320206094,0.900523560209424,0.8314285714285713,0.9712230215827338,0.8924302788844621,0.8251121076233184,0.7819548872180451,0.8856088560885609
5,196,0.8182339654166859,0.9275210084033614,0.8771992781123101,0.7464788732394366,0.8339176803212677,0.93717277486911,0.8999936816831996,0.9712230215827338,0.8975409836065574,0.7464788732394366,0.9259259259259259,0.8448275862068966
5,197,0.834761847922451,0.9338235294117647,0.8849342503284685,0.7783018867924528,0.8228913067581789,0.9319371727748691,0.8836272437093232,0.9568345323741008,0.8947368421052632,0.7783018867924528,0.9264705882352942,0.8683274021352313
5,198,0.8616882320138856,0.9464285714285714,0.9060749618488874,0.8597285067873304,0.8497556043087082,0.9424083769633508,0.9025238095238095,1.0,0.9383259911894273,0.8597285067873304,0.8721804511278195,0.8601398601398601
5,199,0.8810765695399596,0.9527310924369747,0.9171267693614343,0.8577586206896551,0.8339519463397689,0.93717277486911,0.8966730780439469,0.9568345323741008,0.8577586206896551,0.8620689655172413,0.9632352941176471,0.9457364341085271
5,200,0.7930003769277488,0.9138655462184874,0.8562365236968972,0.7471264367816092,0.8540603355052334,0.93717277486911,0.8816948118148418,0.95,0.7672413793103449,0.7471264367816092,0.9104477611940298,0.9063670411985019
