,No benefits,Responder,TIDE,IFNG,MSI Score,CD274,CD8,CTL.flag,Dysfunction,Exclusion,MDSC,CAF,TAM M2,CTL
S263,False,False,2.168877151359491,3.792714734872182,0.9986522775738962,1.1163442134857178,0.36565959453582764,False,-1.2950435809170644,2.168877151359491,0.11704496357345785,0.21089594795127142,-0.013382458678919839,0.34380335
S36,False,True,-0.2694656697281821,6.532548179229099,0.9994938312509946,2.378096103668213,5.5741612911224365,True,-0.2694656697281821,1.5613652226035148,0.06473383244610359,0.17362747923364136,-0.023546029277959818,5.1512117
S104,False,True,-0.3837172326732855,4.220844183427592,0.9998283675695174,1.5032923221588135,2.9817445278167725,True,-0.3837172326732855,1.8517800423496364,0.08579274977245324,0.18629078451895514,-0.010631695196368316,2.6023026
S819,False,True,-0.4103803723896259,7.383633573849995,0.999342679239516,3.7312710285186768,5.826522350311279,True,-0.4103803723896259,0.973494691636383,0.026381202163766774,0.12769071236276142,-0.03156380496366874,5.1042576
S693,False,True,-0.4159252509799509,7.66762512922287,0.9989992342138782,4.432363986968994,5.440361499786377,True,-0.4159252509799509,1.199767211812985,0.013980346266565948,0.1956437714884368,-0.0481855433310789,4.853212
S294,False,True,-0.4241290713058789,7.487871567408243,0.9995155033374999,4.238073348999023,6.576202869415283,True,-0.4241290713058789,0.7185050898866754,0.016516217977396698,0.0929223124266355,-0.029424057255269486,6.112175
S51,False,True,-0.46279577731094756,5.996036261320114,0.9994350004789769,3.8533692359924316,4.082615494728088,True,-0.46279577731094756,1.493693871167579,0.021400852717098018,0.2187444671012696,-0.03170700979972838,4.414073
S822,False,True,-0.4844418610756981,6.500850697358449,0.9990968072015075,2.970449447631836,4.908653974533081,True,-0.4844418610756981,1.5187319259535297,0.06403878177823727,0.1676210254939422,-0.023717448595592407,4.890305
S320,False,True,-0.554245695722857,6.947976092497508,0.9980869280999493,4.110387802124023,5.383494138717651,True,-0.554245695722857,1.5696960784612215,0.05263707098226073,0.205547655962606,-0.03804122438459902,4.623982
S886,False,True,-0.5810062319342258,7.018651644388834,0.9993514663859228,3.6429336071014404,4.446598768234253,True,-0.5810062319342258,1.5284077823967857,0.04840582348663122,0.2082844059148703,-0.044501116522295686,4.264847
S921,False,True,-0.5837776690042203,6.178862710793813,0.9996904468093284,1.9868820905685425,4.739517450332642,True,-0.5837776690042203,1.4681268134830374,0.05474985447556541,0.16538511199223374,-0.02101352377813046,5.334613
S443,False,True,-0.603653620031859,7.918439308802286,0.999385492859309,4.237304210662842,5.590311527252197,True,-0.603653620031859,1.3812018164139357,0.04479013591943976,0.17796162097505597,-0.03604846707447753,5.3099008
S890,False,True,-0.6134575448494642,6.41416789094607,0.9990625466437271,2.4109952449798584,4.342342734336853,True,-0.6134575448494642,1.4603063713525914,0.07568768358351392,0.13514425100133834,-0.012940831341611819,4.482657
S874,False,True,-0.6240178493848619,7.402254144350687,0.9998061702496343,4.118685245513916,5.7811279296875,True,-0.6240178493848619,0.9946349047967985,0.04886730117723967,0.10335786548408966,-0.030086742546226567,5.1830707
S946,False,True,-0.6669001573795049,5.633414253592491,0.9990723934178923,2.1942367553710938,4.3376137018203735,True,-0.6669001573795049,1.3800396480859871,0.06725179765246825,0.13462497389453848,-0.013391430748691433,4.3914413
S131,False,True,-0.6775178317788463,4.556836719314258,0.9966757306248291,2.160550594329834,1.2882256507873535,True,-0.6775178317788463,2.1681068588041796,0.11225428779223329,0.22331807614898133,-0.0214822102962916,1.6453769
S928,False,True,-0.6887537713626591,7.574013809363047,0.9991643595761621,3.9174952507019043,5.927682399749756,True,-0.6887537713626591,1.3292113718985854,0.0595103890493823,0.15697093825473718,-0.04040083986630924,5.2783995
S869,False,True,-0.6931062470488857,7.065046330293019,0.9992739953929857,3.77502179145813,5.361156702041626,True,-0.6931062470488857,1.506574165416561,0.049075032754586155,0.19283903718405018,-0.03392228587679772,5.1273155
S899,False,True,-0.6959986214325534,5.457274546225865,0.9997556202823169,2.1576809883117676,3.4467252492904663,True,-0.6959986214325534,1.5538683526830015,0.08428615501078966,0.13890064133020236,-0.0085421831256649,3.492445
S32,False,True,-0.7026413482311493,7.626720855633417,0.9987883761316928,4.2440104484558105,5.395932912826538,True,-0.7026413482311493,1.397524453523553,0.05812289326167335,0.17463213348540724,-0.041487626672589054,4.890784
S884,False,True,-0.7044518213996435,6.096563140551249,0.999136026277322,2.708077907562256,4.112342357635498,True,-0.7044518213996435,1.6903998849755237,0.08145259448202517,0.17794495380535535,-0.01985492542255908,4.2981787
S570,False,True,-0.7060339642550647,5.948812196652094,0.999580786493979,2.5001254081726074,3.1693177223205566,True,-0.7060339642550647,1.8561009453782948,0.07298071226540036,0.2094183758349316,-0.018228387756889522,3.0562396
S918,False,True,-0.7156346726610766,4.619250386953354,0.9997431790674534,1.6804001331329346,3.1301828622817993,True,-0.7156346726610766,1.9475708756744115,0.08187189689396529,0.207836139226776,-0.010289368158031895,3.2668064
S845,False,True,-0.7180465552334656,6.942857692639032,0.9995180536449378,3.679208517074585,4.944944381713867,True,-0.7180465552334656,1.6123251240247685,0.06302195302441149,0.19737652591626414,-0.0351023196513055,4.4788275
S820,False,True,-0.726229226520715,4.894729981819788,0.9994952605150269,1.287535309791565,4.158527612686157,True,-0.726229226520715,2.142310137136138,0.09797109828082111,0.21343484078117783,-0.001041742026006646,3.8265128
S567,False,True,-0.7277661814157013,5.079399198293686,0.9997800989099116,2.223170042037964,3.0851855278015137,True,-0.7277661814157013,2.010325857867023,0.0906955900683648,0.20902356966195546,-0.011921242401596071,3.1366694
S829,False,True,-0.7313256261029916,7.5392666657765695,0.9999568914854539,3.1560609340667725,5.8857152462005615,True,-0.7313256261029916,1.2293410072840771,0.06248005958125042,0.12194087441608635,-0.02574254836592004,5.750136
S6,False,True,-0.7368274663581963,7.026361445585886,0.9998255907106983,3.5041327476501465,4.82533597946167,True,-0.7368274663581963,1.6834821420759827,0.05997745442130133,0.2004441106942089,-0.024835124471458987,4.3013983
S941,False,True,-0.7413433305446472,7.079484681288401,0.9990164734518988,3.0909106731414795,4.153219819068909,True,-0.7413433305446472,1.2101050823694972,0.060002912387638746,0.1377036181786514,-0.03743462645577575,4.5557995
S891,False,True,-0.7413619091876944,7.834595203399657,0.9997952630159288,3.6381914615631104,5.328063011169434,True,-0.7413619091876944,1.2493502421073168,0.05252163433737713,0.13825897577872504,-0.026706315011292,5.0711985
S349,False,True,-0.7503025105971668,7.83381050825119,0.9994828810178722,4.894575595855713,5.228627443313599,True,-0.7503025105971668,1.039030109924753,0.0326884167096644,0.14688594591421872,-0.04484237454601637,5.1358385
S940,False,True,-0.7686858296713022,5.428059130907059,0.9977618647436537,2.634345769882202,3.7363786697387695,True,-0.7686858296713022,1.8262850367335677,0.08210625789627445,0.20591443328384657,-0.02877917684260193,4.156615
S412,False,True,-0.7730650900553692,8.120855291684467,0.9995707700064186,4.397829532623291,6.576765298843384,True,-0.7730650900553692,1.150980599720002,0.057950934494464514,0.13494690747182705,-0.04418128156891771,6.0050216
S575,False,True,-0.7774097634210143,4.372294640789429,0.9996525213011975,2.746603012084961,3.064639687538147,True,-0.7774097634210143,1.7697191683675781,0.04313803915755225,0.22437050838371642,-0.013544045267195857,3.0059521
S202,False,True,-0.7775239482653129,7.532769441604613,0.9991137053115131,3.7105348110198975,5.943437814712524,True,-0.7775239482653129,1.46301781348036,0.04470916882774387,0.1908699869623958,-0.03622957412158974,5.303066
S882,False,True,-0.7812365197723158,5.207184622685114,0.9995908444374272,2.38557767868042,3.9709744453430176,True,-0.7812365197723158,2.020067704042159,0.09700222769400346,0.20209519836530512,-0.009183968305922458,3.4557033
S61,False,True,-0.783986690669714,8.279743035634358,0.9990261872258256,4.725913047790527,5.057812213897705,True,-0.783986690669714,1.1465150081307285,0.055504812086153314,0.13400716723889686,-0.04301920885150701,5.0429645
S737,False,True,-0.8077055993138385,6.96974641084671,0.9995240852173541,3.1864051818847656,5.24278998374939,True,-0.8077055993138385,1.3785637803936124,0.05406793001705151,0.15405072743231307,-0.02347687804725361,4.298248
S303,False,True,-0.807872380783012,9.424449364344278,0.9995784428917501,6.505052089691162,5.971152305603027,True,-0.807872380783012,0.8330731877400553,0.04306728043197706,0.12065549439738568,-0.07048783996088777,6.260014
S101,False,True,-0.8086324458277243,8.148852825164795,0.9993304587363265,5.1916890144348145,5.363671064376831,True,-0.8086324458277243,1.286551846640569,0.02423150520403525,0.194541800880737,-0.04685639515482729,5.3665814
S230,False,True,-0.815226200596357,5.272878557443619,0.9990986085850047,2.5753493309020996,3.3976603746414185,True,-0.815226200596357,1.9153371678159596,0.06284678924187549,0.23154572944003735,-0.018092141867908213,3.2309933
S68,False,True,-0.8166379702396153,6.82947481671969,0.9976295447827005,3.385469913482666,4.247466325759888,True,-0.8166379702396153,1.7589696841767257,0.07200941613040449,0.204361437103145,-0.027834928451595457,4.021023
S213,False,True,-0.8192236147436066,6.700485587120055,0.999517880006373,3.5787742137908936,4.985606670379639,True,-0.8192236147436066,1.343158355685565,0.0500904772881715,0.16813297302136546,-0.036387555710416644,4.9116426
S515,False,True,-0.8367953241980942,5.925504823525746,0.9997151619416459,3.2781548500061035,3.346933126449585,True,-0.8367953241980942,1.643604364138157,0.05909167521527472,0.1863152441343821,-0.013553388017287128,3.275084
S617,False,True,-0.8374842088119554,6.305203755696614,0.9989211647851092,3.078650951385498,3.4927631616592407,True,-0.8374842088119554,1.5938547018745661,0.0850407762904448,0.16213455544699693,-0.024760677350535252,3.7552266
S325,False,True,-0.8424664612356887,7.262198686599731,0.9987856446420253,3.896907329559326,4.354482531547546,True,-0.8424664612356887,1.3116932001940989,0.04635778923970365,0.1703467671987272,-0.038786665520092446,3.988648
S350,False,True,-0.8490840253234972,6.676945090293883,0.999141050332641,3.356473445892334,4.6601585149765015,True,-0.8490840253234972,1.5257327742595217,0.06898047604179662,0.17211967446167487,-0.03014925771640494,4.360221
S866,False,True,-0.8498829603688804,6.9022944768269845,0.9989223595882389,3.0945699214935303,3.8444288969039917,True,-0.8498829603688804,1.7614710143368895,0.07307001808017255,0.20189742596475005,-0.028471807006107557,3.9133983
S386,False,True,-0.8500138299338877,6.513093918561935,0.9997676319014209,5.675490379333496,3.9145445823669434,True,-0.8500138299338877,1.9910400266863293,0.1348228535159071,0.18456865616328902,-0.03783300555336736,4.253669
S472,False,True,-0.8512686579313733,6.301168014605839,0.9987721259711346,2.4760055541992188,4.2551363706588745,True,-0.8512686579313733,1.8455616889637407,0.08379095213685324,0.21019769999689156,-0.0318869121110745,3.7408032
S807,False,True,-0.8534970649908129,8.297303398450214,0.999833070128482,5.840920925140381,6.3803870677948,True,-0.8534970649908129,1.2479666026883576,0.06657367626597128,0.13422124783573489,-0.03776720681657619,6.359415
S574,False,True,-0.8542596110013361,5.413914720217386,0.9997260492250208,4.147826194763184,3.2030261754989624,True,-0.8542596110013361,1.6371683300418658,0.0622822479341079,0.20287575652056705,-0.035642007512694245,3.1913037
S572,False,True,-0.8546962804810605,5.849708567063014,0.9942452368318976,5.053425312042236,2.7107750177383423,True,-0.8546962804810605,2.5078999078847177,0.08679390105681005,0.3139564715148231,-0.03152186173630475,3.1157677
S208,False,True,-0.8547286893715079,4.279076731453339,0.9975486943656414,2.2453274726867676,2.4503265619277954,True,-0.8547286893715079,2.3710422909719497,0.08474954115243181,0.28265967436508543,-0.016740578286900776,2.2356365
S83,False,True,-0.855356026897238,6.475143740574518,0.9996595813475262,3.2739171981811523,5.005031943321228,True,-0.855356026897238,1.6049862457823159,0.05225307789638146,0.19898655205655702,-0.02648872648884327,4.4212728
S107,False,True,-0.8562481722335707,4.6482157061497364,0.9939185195246781,1.0203427076339722,2.007449507713318,True,-0.8562481722335707,2.243118444883158,0.07308729783830932,0.2737560732476642,-0.018664562548653982,1.8804142
S584,False,True,-0.8568161955556373,8.44504988193512,0.9983815395117375,5.256229400634766,5.554660797119141,True,-0.8568161955556373,1.2453697721235666,0.058577001893729747,0.14444907951303473,-0.04200220473451573,5.6936088
S375,False,True,-0.8591733986579566,5.991582039743662,0.9997519385002519,2.9456684589385986,4.232447147369385,True,-0.8591733986579566,1.6054656877927822,0.07837458330394567,0.17423272912867535,-0.031707489667473346,4.2488184
S623,False,True,-0.8598449931557409,6.872998058795929,0.9995945716137196,3.8329854011535645,4.605346202850342,True,-0.8598449931557409,1.8858652850590216,0.06073854026361181,0.2385705065258362,-0.027626080036687938,3.935407
S341,False,True,-0.8637983701561753,6.108879307905832,0.9993880510473048,3.818087339401245,4.292086839675903,True,-0.8637983701561753,1.4664407645897906,0.03224452721141275,0.20913152277903965,-0.041624089677596766,4.211087
S949,False,True,-0.8650985903394173,5.8165239579975605,0.9986151423020062,2.4191877841949463,2.890608549118042,True,-0.8650985903394173,2.0054822593596318,0.06240792942303963,0.25161637133127995,-0.022852532322036056,2.636395
S239,False,True,-0.8674051674107762,4.941185151537259,0.9995197128006257,2.3922812938690186,3.405285596847534,True,-0.8674051674107762,1.7966868623739176,0.059611770542541,0.2116801794389032,-0.014203444570863194,2.8155706
S927,False,True,-0.8680194379330277,4.829998257259527,0.9972191933354909,1.9348758459091187,3.72741162776947,True,-0.8680194379330277,1.8884558865585466,0.09196195531990786,0.1959790081248832,-0.016556264730065853,2.997142
S835,False,True,-0.86874870517065,6.998346149921416,0.9984731493753503,3.6943719387054443,5.168531775474548,True,-0.86874870517065,1.3648215369950838,0.06075718848874173,0.1520995125700231,-0.0309546342446969,4.9547625
S439,False,True,-0.8701687252828573,6.122696412106355,0.9996514572545412,3.383244037628174,3.4677577018737793,True,-0.8701687252828573,1.9739721911848365,0.07311220697156785,0.23512952055951858,-0.024009366540656774,3.182549
S912,False,True,-0.8719149819067221,6.420261383056641,0.9995750714039029,2.2127087116241455,3.9034210443496704,True,-0.8719149819067221,1.90462496128812,0.08208110129608281,0.20795101123715146,-0.018220991389598352,4.130679
S948,False,True,-0.8720929333588888,5.5799343809485435,0.9995632925359635,2.573580741882324,3.9893555641174316,True,-0.8720929333588888,1.8262776664080642,0.06787659639831584,0.21304169269996373,-0.02025414607685653,3.6810467
S944,False,True,-0.8740945687006739,3.227608323097229,0.9998267414994606,1.5624369382858276,1.0988199710845947,True,-0.8740945687006739,2.116271820049169,0.10549766983013456,0.18548810620590384,0.014850853534800442,1.1677638
S1,False,True,-0.8868731916106014,6.668988287448882,0.9986287247800149,2.9404752254486084,3.9723618030548096,True,-0.8868731916106014,1.6954125102492537,0.1025800351767423,0.1608448871648285,-0.025435430480786565,3.5296173
S260,False,True,-0.8882689731905946,6.022739827632904,0.9985336331969795,2.8388419151306152,3.6086121797561646,True,-0.8882689731905946,2.0986626765065246,0.062129863561119485,0.27127347251900874,-0.027455282725912928,3.5201278
S566,False,True,-0.8926244640758979,6.933894803126652,0.9997525522299521,3.05810809135437,4.653355360031128,True,-0.8926244640758979,1.764519422254752,0.07265803125363726,0.19875413780684287,-0.021004012381289013,4.560591
S108,False,True,-0.8951997858239492,5.864311836659908,0.9996692581656227,4.2516021728515625,3.6982533931732178,True,-0.8951997858239492,1.607709149090966,0.07366726359077352,0.19245322905712542,-0.03927349456314982,3.513473
S908,False,True,-0.8953120717914445,5.521082319319248,0.9998693730799665,2.327582836151123,4.277562379837036,True,-0.8953120717914445,1.494941974432504,0.05959404968115531,0.16555243847521206,-0.017521002839341035,3.6944854
S619,False,True,-0.897243645433348,6.198365340630213,0.9993334328779303,2.687307119369507,3.67571759223938,True,-0.897243645433348,2.0697829958437985,0.09385342384042251,0.23368991980285003,-0.027365569205087533,3.5447643
S919,False,True,-0.8980803749573539,3.7044209015245237,0.9994051733280466,1.7588372230529785,3.1179927587509155,True,-0.8980803749573539,2.083327866831563,0.09166770063427516,0.20407516628780953,0.00560823447469068,3.020055
S788,False,True,-0.9067792128683109,6.754563331604004,0.9994663458178803,3.6715376377105713,3.1508383750915527,True,-0.9067792128683109,1.4437835815981443,0.06035263412941161,0.16523890427891735,-0.02730992715411679,2.7993991
S516,False,True,-0.9080680610359987,6.48595983783404,0.9996942862655572,3.334254741668701,4.051827907562256,True,-0.9080680610359987,1.8804611468913466,0.08324460273420625,0.21275287311509716,-0.0272617819191633,3.8463376
S49,False,True,-0.909270633861912,6.253637671470641,0.9981786006106985,3.2581703662872314,4.220635414123535,True,-0.909270633861912,1.713718743456316,0.050252056505259664,0.22035672581767107,-0.027384394477228933,3.5433412
S903,False,True,-0.9131427199320036,4.980470766623815,0.9996573305523144,2.226745843887329,3.243740439414978,True,-0.9131427199320036,1.9337261278634963,0.09339782323837056,0.19346883548418528,-0.0095468397346254,3.2116208
S746,False,True,-0.9170691099172239,5.58721524477005,0.9986312080641593,2.3069961071014404,3.5795594453811646,True,-0.9170691099172239,2.070770017697596,0.07248398972386612,0.2461798440128433,-0.017449711689565092,2.9623876
S902,False,True,-0.9175203848728981,5.010467876990636,0.9997906229454058,1.244549036026001,2.8099128007888794,True,-0.9175203848728981,1.7605479109049174,0.07867133044008161,0.18166807192506237,-0.011750912895353077,2.456106
S462,False,True,-0.9179469151125942,7.283089419205982,0.9987191732355866,3.7086172103881836,4.437238931655884,True,-0.9179469151125942,1.7825192860591244,0.08719058895470455,0.2023206628107571,-0.0384487690031086,4.121118
S338,False,True,-0.9192153315451624,6.431358873844147,0.9991202623798696,3.299459218978882,3.909700632095337,True,-0.9192153315451624,1.604646891298696,0.06941140227564024,0.1864865643228708,-0.03374449368868499,3.5778136
S383,False,True,-0.919306506687083,5.079872970779736,0.9995205439993201,2.266576051712036,2.8628385066986084,True,-0.919306506687083,1.8881323179125682,0.07718732366184426,0.21565793837304562,-0.023511027954301933,2.298676
S5,False,True,-0.9203001505346938,5.480335044364134,0.9993813941727532,2.065531015396118,3.658709168434143,True,-0.9203001505346938,2.032759535871955,0.08038727247676675,0.22227718747809924,-0.009499191744642055,3.0038188
S766,False,True,-0.923369738335242,3.043988436460495,0.9999430381697633,1.1089707612991333,3.9394113421440125,True,-0.923369738335242,1.595638150929032,0.09457526806825732,0.12819425984074018,-0.002974126446948471,2.134849
S450,False,True,-0.9233708003058492,7.108118871847788,0.9978608694305336,3.6631314754486084,4.509532690048218,True,-0.9233708003058492,1.7269574328865933,0.06831614847625762,0.21812778464064925,-0.04058073282406029,4.166856
S329,False,True,-0.9263092012278472,6.817339917023976,0.9983579856547952,3.7822835445404053,3.70425808429718,True,-0.9263092012278472,1.5670306250950068,0.06117491099900202,0.18235653429321094,-0.02569311356877845,3.8375244
S850,False,True,-0.9271550986526862,6.506982654333115,0.9995357826680914,4.267061233520508,3.2643885612487793,True,-0.9271550986526862,1.4098840548223148,0.05611799601126677,0.19090360797566147,-0.05291223506649036,3.020249
S595,False,True,-0.9287567381578533,6.75055189927419,0.9975715102340122,2.8548948764801025,4.9804476499557495,True,-0.9287567381578533,1.8533527141302255,0.08931086707881733,0.19595771859711184,-0.021445085341061668,4.6516733
S431,False,True,-0.9354521326944621,4.459099898735682,0.9990210555845808,1.8674765825271606,2.6765909790992737,True,-0.9354521326944621,1.937743522403473,0.09652929996889757,0.1995080395326422,-0.01833128099025809,2.449992
S675,False,True,-0.9397324972966811,5.723930870493253,0.9997035964336016,3.063739538192749,3.4769480228424072,True,-0.9397324972966811,1.733834988978892,0.050304501209603475,0.2259375412758641,-0.0325385654203202,3.5539012
S950,False,True,-0.9405901662979808,3.789551511406898,0.9997493006581883,1.7433207035064697,3.5159326791763306,True,-0.9405901662979808,1.8553984047247052,0.07892135484903692,0.19409665830675946,-0.011999359130495865,3.50653
S217,False,True,-0.9469610872595065,5.698856025934219,0.9997156144086434,2.7168195247650146,3.794306993484497,True,-0.9469610872595065,1.7238893205831476,0.05970184632659006,0.20453881006268887,-0.01991754352575927,3.7055516
S750,False,True,-0.94894547548966,5.338803753256798,0.9957002537859867,2.2472290992736816,3.4884345531463623,True,-0.94894547548966,2.123739642528506,0.08284880685056345,0.2434781281249267,-0.01510636328806179,2.8080425
S887,False,True,-0.9564368005558072,4.295267383257547,0.9998607690952127,1.741461992263794,2.5677480697631836,True,-0.9564368005558072,1.6763258495742983,0.07801423159817548,0.15234744028580968,0.004105993351506688,2.247115
S400,False,True,-0.9598209386291537,4.7432436272501945,0.9977581554670271,1.679352879524231,2.1518035531044006,True,-0.9598209386291537,1.779121710515312,0.07238395084641232,0.18785352572579767,-0.008428470911354206,2.1438642
S894,False,True,-0.9622537239329643,3.7842595130205154,0.9998172433576904,0.7345451712608337,1.124543935060501,True,-0.9622537239329643,1.831623545449013,0.09722441298225348,0.1666588208198744,-0.0071271844810783525,1.2582703
S883,False,True,-0.9630885103460269,4.49750999857982,0.9997008677346271,2.2457685470581055,2.573599338531494,True,-0.9630885103460269,2.0123401803375542,0.07571946627691029,0.22708430561809909,-0.012212372475276286,2.3440754
S237,False,True,-0.9642439106026739,5.77138939499855,0.9935249224231442,2.5362582206726074,3.3811055421829224,True,-0.9642439106026739,1.9495310256863052,0.1168188144570175,0.18938039194670261,-0.026973225950113956,3.0731196
S379,False,True,-0.9643643810378787,4.555744118988514,0.9996471180650254,2.7319138050079346,2.611418843269348,True,-0.9643643810378787,1.9121434162235202,0.05949535626843498,0.24430085663197657,-0.026147672951188746,2.33319
S155,False,True,-0.965330208079714,4.8810988664627075,0.9992300010386775,1.9022655487060547,2.273707330226898,True,-0.965330208079714,1.8653303268950618,0.04005210640076543,0.2414876593183175,-0.014768063410869519,2.1872578
S221,False,True,-0.9697330637043046,3.957007070382436,0.9995510487483067,1.8788163661956787,2.390470504760742,True,-0.9697330637043046,2.0902484944707806,0.09379605608902378,0.21940510100973384,-0.010166868425730545,1.9555807
S225,False,True,-0.971274004411416,5.715895334879557,0.999706505774311,2.426133871078491,3.544600009918213,True,-0.971274004411416,1.6774108163253623,0.07742686009182834,0.17701344666788665,-0.020815341539541597,3.3544002
S498,False,True,-0.9723248304003161,5.816636661688486,0.9992779005863447,2.3471531867980957,3.300999879837036,True,-0.9723248304003161,2.093746992723335,0.09020093648048656,0.23176962174865004,-0.01906822096612614,2.9846263
S520,False,True,-0.9723278162203686,6.558214942614237,0.9995076498660912,4.0252227783203125,5.469815731048584,True,-0.9723278162203686,1.3483737094346073,0.06476660397958584,0.15523839881342466,-0.03832255254384633,4.827016
S568,False,True,-0.9726278050340167,4.656837671995163,0.9997792445827688,2.1030139923095703,3.0372642278671265,True,-0.9726278050340167,2.012144533304022,0.08608009793838743,0.2075247376080642,-0.002917405788140253,2.5620503
S863,False,True,-0.9730876270488342,5.586864173412323,0.9989409390029615,2.323394775390625,4.414567828178406,True,-0.9730876270488342,1.9738740665167247,0.08968148300398167,0.21398169808721532,-0.01956244970739846,3.3227363
S479,False,True,-0.9749727509292964,3.798816492160161,0.9986238682593915,1.9042038917541504,2.285401463508606,True,-0.9749727509292964,2.3178502162978454,0.07256147084330308,0.28152122074534913,-0.013166641999817505,2.0941343
S471,False,True,-0.97903361530779,5.261223092675209,0.9981693471442068,2.227363348007202,2.4347423911094666,True,-0.97903361530779,2.2337039314470823,0.07468039191701899,0.2730592325223137,-0.019533935565197568,2.4426873
S798,False,True,-0.9796044996294808,4.518515720963478,0.9988393403185906,1.5211243629455566,2.7670096158981323,True,-0.9796044996294808,2.062180562511492,0.11397840857855002,0.18260630087194996,-0.0009559529991241757,2.3489747
S738,False,True,-0.9803713131722104,7.3717290957768755,0.9997367070102465,3.3237993717193604,5.693059206008911,True,-0.9803713131722104,1.2866106336678174,0.09125331756622267,0.10570873015782271,-0.031396772110319306,5.3559313
S463,False,True,-0.9821495696766244,7.776810248692829,0.9997933847368055,4.457533836364746,4.658273458480835,True,-0.9821495696766244,1.1685173073638182,0.060271388578860836,0.12637097029076239,-0.034282654812189,4.8322654
S273,False,True,-0.983338699407338,5.33577594657739,0.9994615963953116,2.2244904041290283,3.53026807308197,True,-0.983338699407338,1.910714457554088,0.07063126085495654,0.2171680895238696,-0.012173463864528377,2.979893
S929,False,True,-0.9876185581127316,3.42561624571681,0.9992452285162435,1.0156952142715454,1.0742968171834946,True,-0.9876185581127316,1.5170402273344659,0.07692911504825005,0.13996209899422332,-0.009672967147577656,1.1189455
S861,False,True,-0.9899823461030587,4.543220231930415,0.9979428009044465,2.5728044509887695,2.6529312133789062,True,-0.9899823461030587,1.7288948125576642,0.04311683250584397,0.23318449436362368,-0.03023511035643659,1.9859167
S773,False,True,-0.9908188637988472,5.656297003229459,0.9997269240702737,2.4603512287139893,3.7871662378311157,True,-0.9908188637988472,2.0003108286987925,0.08881359885900625,0.22075347906547083,-0.020379715530210805,3.284404
S415,False,True,-0.9922420041237094,6.1006513337294255,0.9997331632029767,2.5956997871398926,3.2417683601379395,True,-0.9922420041237094,1.7328659186510469,0.07246740232811782,0.1955539937171694,-0.02264130800810352,3.1747518
S52,False,True,-0.9926671538413593,7.619117657343546,0.999416258011731,3.717651605606079,4.210031986236572,True,-0.9926671538413593,1.3521603649470424,0.07520782914210648,0.13510420592719335,-0.028352382815286247,4.5881023
S608,False,True,-0.9943832941672275,7.226085106531779,0.9995868902710439,3.2326784133911133,3.74319589138031,True,-0.9943832941672275,1.626701959677619,0.0678192235510611,0.19527196634066937,-0.03689662610218866,4.0147414
S692,False,True,-1.0006475010658553,4.330183871090412,0.9998234880705011,2.1995444297790527,2.826258897781372,True,-1.0006475010658553,1.9247191958678183,0.07883959047787252,0.2084520310910952,-0.010133899344404049,2.5386271
S889,False,True,-1.002906819388612,3.521980226039886,0.9996759831501794,1.320151448249817,1.7584184408187866,True,-1.002906819388612,1.9835902048397343,0.1125741705270324,0.16586562013280498,0.004408632791019438,1.9198955
S2,False,True,-1.0040703211914277,5.446640615661939,0.9978916246333187,1.7229670286178589,3.6023937463760376,True,-1.0040703211914277,1.955146535922887,0.10570076175606323,0.18544841266727963,-0.011270592775691712,3.2853234
S827,False,True,-1.0045148661561867,3.776285921533902,0.9994701431243255,2.4852776527404785,1.9253453612327576,True,-1.0045148661561867,2.075356287391079,0.06842978965322004,0.24294239258828393,-0.008428402026134159,1.5781634
S160,False,True,-1.0078117166367992,7.894771854082743,0.9976599943495226,5.119364261627197,3.8625017404556274,True,-1.0078117166367992,1.3476021410810937,0.07107534654261789,0.1646271984670777,-0.05629780767822939,4.3823805
S436,False,True,-1.0091842780086124,6.909594198067982,0.998790422800006,3.2347731590270996,4.1035497188568115,True,-1.0091842780086124,1.6505032473035197,0.06848932753787035,0.1759438887244407,-0.015315994038910803,4.1526213
S694,False,True,-1.011400112915848,4.8769081979990005,0.9993150163121073,3.610461711883545,1.783115953207016,True,-1.011400112915848,1.6378700549611895,0.07025310813246724,0.20628911538849742,-0.04587945412600057,1.7432699
S222,False,True,-1.0125486396087544,4.331551077465216,0.9989775484619505,4.078378200531006,2.4277403354644775,True,-1.0125486396087544,2.1622423989110566,0.09219121812677016,0.25275473477782645,-0.030709985480655032,2.47479
S848,False,True,-1.0145301144332661,9.167534867922464,0.9999404270830995,6.551563739776611,4.294066667556763,True,-1.0145301144332661,1.0844414182163682,0.07101728123341135,0.12357416700455134,-0.06340437977269406,5.015922
S24,False,True,-1.015267493139612,8.263235290845234,0.9979053000593552,4.690284252166748,5.290387392044067,True,-1.015267493139612,1.5783613527508458,0.07724298170817767,0.17521804460814333,-0.0390255331981879,5.3016934
S469,False,True,-1.0159678446050109,5.22104043016831,0.998503787100213,1.909133791923523,2.657759964466095,True,-1.0159678446050109,2.0596540304712283,0.08499743344282615,0.22989689338875657,-0.01585455329480764,2.4770236
S915,False,True,-1.0161972591639026,7.9517563581466675,0.9994133002034397,2.9729723930358887,5.775772333145142,True,-1.0161972591639026,1.77911030218946,0.09921698572350572,0.17912366811866007,-0.03443438069923865,5.678947
S618,False,True,-1.0188814157609993,6.3607903222242985,0.9996912616384643,2.9234440326690674,3.198478937149048,True,-1.0188814157609993,2.0586540463439706,0.1039488824119687,0.22050960760018354,-0.02698654032938755,3.0095203
S380,False,True,-1.0198892025988568,5.748450244466463,0.9983383074191222,2.7684948444366455,3.9765443801879883,True,-1.0198892025988568,1.8790732365528562,0.08743400198808653,0.19601847092645416,-0.015821198716037016,3.4288926
S904,False,True,-1.0199733465073502,4.230250685165325,0.9990758765787956,0.9961894750595093,1.4814741611480713,True,-1.0199733465073502,2.0650497798216585,0.08031829591273916,0.2247200402087375,-0.006240904485967045,1.4187143
S76,False,True,-1.021043496051085,5.178341716527939,0.9976972830880442,3.599759340286255,3.018810272216797,True,-1.021043496051085,2.0294065790666584,0.07686211010931915,0.24651074908614837,-0.02911875895516805,2.7415385
S571,False,True,-1.0214189852945363,5.6703841984272,0.9998366997207291,3.403257369995117,2.2533556818962097,True,-1.0214189852945363,1.4485541964025128,0.07351729803689504,0.1535740227732828,-0.0294683879271371,2.3525665
S457,False,True,-1.0219006221861564,5.30908573915561,0.9985931414219412,2.738022804260254,2.3236060738563538,True,-1.0219006221861564,2.0628685062139467,0.08047877477929398,0.24281053199613717,-0.024944146325269815,2.2933574
S370,False,True,-1.0235285867602395,7.174333294232686,0.9998370798730729,4.080329418182373,4.9121986627578735,True,-1.0235285867602395,1.3972332532344032,0.04293900660510678,0.17246924450849535,-0.024400956639269337,4.7428813
S73,False,True,-1.024101806412366,5.258677090207735,0.999431686260007,2.813054084777832,3.229464292526245,True,-1.024101806412366,1.9864194301036844,0.056229907310460375,0.2503080963638785,-0.01934796379001506,2.9409938
S296,False,True,-1.0258076706547465,7.050509611765543,0.998907305225068,3.6368091106414795,3.6095833778381348,True,-1.0258076706547465,1.8729535807766864,0.08371527408030323,0.22105265234680585,-0.036902820198994275,3.5595403
S591,False,True,-1.0263734570347454,6.107354372739792,0.9982889110177394,3.050898790359497,4.19795024394989,True,-1.0263734570347454,1.9632892325323053,0.08845952129895826,0.2168528731587653,-0.023019411796188723,3.7124696
S725,False,True,-1.0268883693177928,5.560973584651947,0.9996942046515251,2.504488229751587,3.856645107269287,True,-1.0268883693177928,1.656406368931943,0.0852056093037982,0.16096909555597563,-0.014489026298897359,3.2087028
S840,False,True,-1.0276708899030533,5.629153738419214,0.9990284875768974,2.996934413909912,3.4745086431503296,True,-1.0276708899030533,2.0610530806105363,0.07549855320095328,0.25195676353656626,-0.029319454146232944,3.3384387
S936,False,True,-1.0285083845502094,8.717104315757751,0.9996481366081518,4.5038862228393555,4.358607292175293,True,-1.0285083845502094,1.4443563351721767,0.11068981239804478,0.13911621635638982,-0.05700864123217228,4.5031543
S337,False,True,-1.028836496648927,7.959787666797638,0.9996135452291415,4.729397296905518,4.156216859817505,True,-1.028836496648927,1.345757765370736,0.058277832647162055,0.1719386385906358,-0.050176663860091786,4.448423
S291,False,True,-1.0323194638702813,4.740343446532885,0.9963389005457216,1.7663660049438477,3.139373779296875,True,-1.0323194638702813,2.0160067832367017,0.07448152330871259,0.2276749391970557,-0.012620370040331444,3.1187093
S433,False,True,-1.0331158690442954,4.137560896575451,0.9993949906891523,1.6628444194793701,2.3231700658798218,True,-1.0331158690442954,2.0864067068345955,0.10487406037355099,0.20586448068930788,-0.009305362827098554,2.0592582
S778,False,True,-1.0353024782575986,8.141973376274109,0.9994536028112898,4.293511867523193,4.21131706237793,True,-1.0353024782575986,1.330912611250253,0.07099728521004145,0.1661880221640721,-0.06078997365338264,4.690773
S632,False,True,-1.0363968598018785,6.903123080730438,0.9995505878836104,3.5115931034088135,5.023250102996826,True,-1.0363968598018785,1.4464199876489148,0.05324338984721423,0.17046946356877815,-0.027255360573712483,4.3108053
S843,False,True,-1.0366466644609011,6.089669264853001,0.9996787414851148,3.1229803562164307,1.9404566287994385,True,-1.0366466644609011,1.5859489068278259,0.08237625219333172,0.17829939318027985,-0.04281235672547848,1.9411631
S162,False,True,-1.0371975669164166,4.808727468053499,0.9996651997203445,2.4728848934173584,2.0887579917907715,True,-1.0371975669164166,1.6867682273133429,0.09896466882252301,0.15244974925884744,-0.016037807972397403,2.214653
S779,False,True,-1.0391975904433843,7.537319262822468,0.9993670708475311,3.9524037837982178,5.631028413772583,True,-1.0391975904433843,1.4552925727890784,0.06017609025288262,0.17666516160508897,-0.0374751050988356,5.13019
S227,False,True,-1.0402650048786943,3.153502390409509,0.9997829973825484,0.4025218188762665,0.6782850027084351,True,-1.0402650048786943,2.210927055798219,0.12427411902368236,0.17869754569878943,0.01571726122128486,0.8486172
S747,False,True,-1.0405151623150781,5.472237731019656,0.9999422441177814,1.8738504648208618,3.208922028541565,True,-1.0405151623150781,1.4375984107199526,0.07581663471944607,0.14023803919753108,-0.023064599720290863,2.913893
S243,False,True,-1.042946241072917,6.587728559970856,0.9998302607552695,3.3015925884246826,3.999677538871765,True,-1.042946241072917,1.6700773148061003,0.06942337817240742,0.19258596631274505,-0.02855073394817187,3.676454
S99,False,True,-1.0469766200446007,6.555540164311727,0.999715258324883,3.24165940284729,4.1084994077682495,True,-1.0469766200446007,1.424355330172462,0.07715212428448931,0.1424701037319986,-0.02756259249074255,3.8292937
S454,False,True,-1.0477584776519497,3.8751216738795238,0.9995210205663524,4.76010274887085,1.7533241510391235,True,-1.0477584776519497,1.8346432777400854,0.0615792325452654,0.24116412713563146,-0.03900751991580165,1.9217892
S456,False,True,-1.0498025514646534,5.454000497857729,0.9994872566049122,1.917650580406189,3.396863102912903,True,-1.0498025514646534,2.1727176254123766,0.09412070067507376,0.24336865246374673,-0.020809824620204576,3.0663369
S224,False,True,-1.0509122368132726,5.005551616350809,0.9997203316763881,2.0693821907043457,1.9610268473625183,True,-1.0509122368132726,2.152929885706299,0.1008224085249314,0.2300804236393853,-0.02048417106541268,1.7976668
S3,False,True,-1.0514470632789055,4.482665928701559,0.9990172971827543,1.9429874420166016,2.256637215614319,True,-1.0514470632789055,2.2570035211099158,0.1060650261854953,0.23295929163316223,-0.008093776256568838,1.9806662
S444,False,True,-1.0516936972433844,5.820334409674008,0.9985708765049855,2.2906510829925537,4.127527356147766,True,-1.0516936972433844,1.8110998191685974,0.07935892736965593,0.20314254525873165,-0.025906425345619103,3.6433125
S12,False,True,-1.052258324999969,4.310759526056548,0.9995864902151439,1.785227656364441,2.19326913356781,True,-1.052258324999969,1.9724879887694278,0.08163857513930912,0.20459575733529195,-0.0023119773276442054,1.7823284
S214,False,True,-1.0533807039139778,5.403848598400751,0.9993937549657862,2.4796247482299805,3.6884994506835938,True,-1.0533807039139778,2.0132367090846293,0.06912673565382048,0.22984121038222563,-0.007656853580411197,3.1690745
S681,False,True,-1.0534756661955251,4.944677958885828,0.999169963097405,2.5103325843811035,2.945314645767212,True,-1.0534756661955251,2.0491120156847753,0.07366127081438736,0.2351346226345395,-0.012341183475213981,2.9503493
S759,False,True,-1.0545363041223694,7.259347160657247,0.9984808202613823,3.1557986736297607,4.5777671337127686,True,-1.0545363041223694,1.5961061272153738,0.09477324399907958,0.16616533488152196,-0.040138064801245155,4.5554934
S198,False,True,-1.0568190506662505,6.757633328437805,0.9997014821513156,4.11538553237915,2.971259355545044,True,-1.0568190506662505,1.5172186784465893,0.042991504738178504,0.20382074657578614,-0.035282357734441924,2.826529
S448,False,True,-1.0576248675999456,5.799239138762156,0.9992945558381925,2.089259386062622,3.1338635683059692,True,-1.0576248675999456,1.8356895617806623,0.0782759607929239,0.20092644876410076,-0.019617552595432203,2.5728698
S785,False,True,-1.058398704414644,4.255724211533864,0.9998153549149175,2.273733377456665,2.802157759666443,True,-1.058398704414644,2.0035599937696325,0.08401015982681342,0.210340186919691,-0.004682281811707215,2.6158695
S925,False,True,-1.0584921487293009,5.334645545730988,0.9993118078313518,1.8312920331954956,3.520724296569824,True,-1.0584921487293009,2.4425228325825272,0.12448305669946999,0.2441954134765531,-0.009847670218080605,3.6672592
S282,False,True,-1.0595035201236667,5.362436838137606,0.9982494678071672,1.563992977142334,2.507983982563019,True,-1.0595035201236667,1.9173937715063456,0.11397044558660999,0.1705676064142417,-0.013722928694010478,2.501429
S30,False,True,-1.060721161482621,7.0348073442776995,0.9998564867294066,3.359835386276245,3.51003360748291,True,-1.060721161482621,1.3700187941720916,0.07880499296246854,0.13949293055171114,-0.034138345683183864,3.6840203
S167,False,True,-1.0623735581598985,6.849616080522537,0.9992523200755852,3.4608957767486572,3.4884588718414307,True,-1.0623735581598985,1.6810507806028752,0.0872625881936185,0.18118398357500096,-0.03205131874705059,3.3025284
S64,False,True,-1.0628262426638975,6.439305543899536,0.9994142269572417,2.6992576122283936,4.423201203346252,True,-1.0628262426638975,1.5836160542956814,0.07649965103949412,0.17288484586938427,-0.028654555942719137,3.9433792
S487,False,True,-1.0633494176729594,3.8742181460062657,0.9992370887982923,1.9619075059890747,2.519703447818756,True,-1.0633494176729594,2.007567742083463,0.06929577814548557,0.23247130897534155,-0.00841539954061134,2.1178484
S923,False,True,-1.0634472987382493,4.738388458887735,0.9992529314406605,2.6517248153686523,2.715379774570465,True,-1.0634472987382493,2.0650810285496357,0.08746745998230357,0.23301408526071368,-0.020574985498787755,2.443193
S688,False,True,-1.0639906403254689,5.557982559005419,0.9994171899257315,3.1046841144561768,3.11030912399292,True,-1.0639906403254689,2.0134774627878995,0.08302952869545582,0.2364667726756594,-0.02750432624747881,2.899983
S346,False,True,-1.0643490659903712,6.437677641709645,0.9989615312837123,3.0910656452178955,3.5996224880218506,True,-1.0643490659903712,1.5647299929999632,0.08188825806143668,0.16205777479359068,-0.0293344070184097,3.708442
S322,False,True,-1.0661601070065634,5.69416473309199,0.9995499562169672,2.3773996829986572,3.5984137058258057,True,-1.0661601070065634,1.689411462069234,0.09828628392593446,0.15993361031199552,-0.02290558170774322,3.4155807
S708,False,True,-1.0663845960111074,6.608433961868286,0.999202274411184,3.2651360034942627,3.90534508228302,True,-1.0663845960111074,1.7310166023119267,0.08200582937936331,0.18219318828414727,-0.020843754030332534,3.6079566
S870,False,True,-1.0669113507510162,4.354222496350606,0.9979628384753163,1.4912632703781128,2.4411628246307373,True,-1.0669113507510162,1.9629007290080125,0.08685866586387404,0.2046367093417952,-0.011264475727699142,2.3995214
S881,False,True,-1.067552322017825,3.8150708541894947,0.9989305772190473,1.9258075952529907,2.2799376845359802,True,-1.067552322017825,2.3164589716230113,0.08179436491032369,0.2631713965010422,-0.004049588494244601,1.8040764
S187,False,True,-1.0677377469549083,4.890245117247105,0.9992866100874886,1.8193570375442505,1.8348912000656128,True,-1.0677377469549083,1.9445508220999492,0.0691034854770424,0.22584379482995334,-0.014468792668409919,1.992781
S626,False,True,-1.0686342378908558,4.210773610199491,0.9993142087413751,1.836724042892456,2.477785348892212,True,-1.0686342378908558,1.932317451285672,0.07467582436914716,0.2116092451621917,-0.007562097817365677,2.3224988
S300,False,True,-1.0692661134384878,5.802779306968053,0.9997908568535766,2.5861315727233887,4.157895803451538,True,-1.0692661134384878,1.8514053033341507,0.07098584920576965,0.21140384370516874,-0.018616842211638066,3.302641
S128,False,True,-1.0705993594148782,4.433258395642042,0.9990844862395808,2.1896286010742188,3.208420157432556,True,-1.0705993594148782,1.938052909443569,0.07928276551328126,0.21665640076642093,-0.016070779822691315,2.6021316
S683,False,True,-1.070735300372185,5.145939409732819,0.9993875287953419,2.829789876937866,2.902397871017456,True,-1.070735300372185,2.0098726812956356,0.07566178073065549,0.22829253050391635,-0.012128840646851359,2.5680492
S34,False,True,-1.0711745279950617,4.095464887718359,0.999248855156822,1.8567440509796143,1.9911201000213623,True,-1.0711745279950617,2.363088639074748,0.09781667857679173,0.2560525434697062,-0.00540318443544588,1.6792018
S18,False,True,-1.0716223446645412,5.687257970372835,0.9988474096740916,2.397336006164551,3.695860743522644,True,-1.0716223446645412,1.9126478825671909,0.09072266577231318,0.19919855271690884,-0.0170175238635684,2.8989089
S123,False,True,-1.0726830940637615,4.932007590929667,0.9957208212652146,4.099367141723633,2.3178993463516235,True,-1.0726830940637615,1.533048619263235,0.06459965736613832,0.211463959538514,-0.05330888870464616,2.2092917
S81,False,True,-1.073837260803538,5.676962663729985,0.9994795767647214,2.4342246055603027,4.042065382003784,True,-1.073837260803538,1.5184016551983646,0.040851162643959375,0.19024713682811362,-0.020168265015795436,3.4071288
S465,False,True,-1.075118569624435,5.501845583319664,0.9993848495291031,2.4851462841033936,2.944984197616577,True,-1.075118569624435,1.9744902836748868,0.07575929995071376,0.2270103636718623,-0.017533915853622562,2.8974397
S468,False,True,-1.0761457221382575,5.139392077922821,0.9994596213437825,2.8344357013702393,3.0104494094848633,True,-1.0761457221382575,1.8466446433756947,0.07258106661069319,0.21576460393590427,-0.025029423090003947,2.430362
S638,False,True,-1.082286938987839,4.825982501109441,0.9995977300712795,2.5487358570098877,2.415193498134613,True,-1.082286938987839,1.934104399244231,0.06322555620919587,0.2293915239510153,-0.012046440469830253,2.3380473
S381,False,True,-1.0832024857924967,3.990095754464467,0.9988731786458064,1.918357014656067,1.5411270260810852,True,-1.0832024857924967,2.316561919909552,0.07383161995903889,0.2822885184259874,-0.013941215544576132,1.5209285
S40,False,True,-1.085402854696491,5.423612842957178,0.9996532732935478,2.361006021499634,3.6070609092712402,True,-1.085402854696491,1.953033091969554,0.08044368027125384,0.22134720216331466,-0.023816713482465945,2.7523725
S756,False,True,-1.0856743568586305,7.267969290415445,0.9996439879453642,3.267474889755249,4.272526264190674,True,-1.0856743568586305,1.7581469582032874,0.08678281060007975,0.18504043627442165,-0.025634630673983416,4.2335634
S298,False,True,-1.0872167248476403,5.967795938253403,0.9993405052191481,2.5716359615325928,4.440533638000488,True,-1.0872167248476403,1.6361081336584404,0.06366645582801037,0.18316692793148712,-0.019821806471560493,3.6837265
S396,False,True,-1.088473217391509,5.5097711731990175,0.9974645692753803,2.318077802658081,3.817194700241089,True,-1.088473217391509,1.9487835224671655,0.06906999328175416,0.22643650866441983,-0.014605837189837866,3.3451931
S684,False,True,-1.0888018485466362,8.273590981960297,0.9995509363995072,4.594177722930908,3.657710552215576,True,-1.0888018485466362,1.6533149944690873,0.0793474963485268,0.20310385761476996,-0.04991460314839996,3.587894
S80,False,True,-1.0889569106052224,6.100619899729888,0.9991877329562459,3.562716484069824,3.153539299964905,True,-1.0889569106052224,1.5844928559059424,0.0700072991578785,0.19200273649808255,-0.04065046919480989,3.089443
S460,False,True,-1.08910044766832,5.370560524364312,0.9982959436139237,1.805055022239685,3.4265273809432983,True,-1.08910044766832,1.7367238713785116,0.07523285712775196,0.1973300303596042,-0.025961474443498007,2.5773141
S232,False,True,-1.089337827094796,5.041808520754178,0.9994785801909006,2.3231945037841797,2.70086133480072,True,-1.089337827094796,1.9884807809974085,0.07933400952120584,0.2231425237619706,-0.016609580458375756,2.3971193
S825,False,True,-1.0899639607268534,4.464455492794514,0.9997885390712383,1.7950117588043213,2.3984983563423157,True,-1.0899639607268534,2.1854675882234558,0.11166615874286348,0.21715033660002456,-0.014879232665456148,2.3118947
S277,False,True,-1.0900205507443268,7.622913082440693,0.9992095139619435,3.9053657054901123,3.758036971092224,True,-1.0900205507443268,2.0145911396391085,0.08739285967658156,0.23412716205064107,-0.029899770240351006,3.7377715
S897,False,True,-1.0900463880771933,6.230247641603151,0.9995975992448847,2.680565357208252,3.1752634048461914,True,-1.0900463880771933,2.0191384867358617,0.10263455663736097,0.20381386902822166,-0.01807166721272269,3.12072
S106,False,True,-1.0926207638191023,4.9231899579366045,0.9972453374117926,1.7103848457336426,3.241127848625183,True,-1.0926207638191023,2.029833075559626,0.08542829463099372,0.21643495596606743,-0.006276415494454118,2.9241762
S11,False,True,-1.093204601815551,5.579586833715439,0.9990175257118286,2.0828804969787598,3.93254292011261,True,-1.093204601815551,1.9535811873416706,0.09358030824652995,0.18988274335020583,-0.003906791734516608,3.2501442
S140,False,True,-1.0933423614191657,3.805926149090131,0.9993363658126072,1.6454154253005981,1.5804252624511719,True,-1.0933423614191657,2.138959107026059,0.07809387994659356,0.23965663552187785,-0.005809999969405903,1.3275054
S324,False,True,-1.094025638987948,6.133743107318878,0.9965067329726776,2.574305772781372,4.051931142807007,True,-1.094025638987948,1.6213801073789589,0.08428905845520321,0.1604144523194774,-0.01913513522698266,3.640204
S542,False,True,-1.0949197737069507,6.080355815589428,0.9994175637920613,2.7591440677642822,2.671732008457184,True,-1.0949197737069507,1.8207039542076457,0.05827367232650927,0.2207766151835046,-0.01816865930406444,2.7881794
S641,False,True,-1.0949787764851309,7.764353156089783,0.9993636169181086,3.7450461387634277,3.056813418865204,True,-1.0949787764851309,1.7795750843755742,0.09563601105275985,0.20550322378856983,-0.049889606798339085,3.6487489
S711,False,True,-1.0958992600674609,3.891430675983429,0.9981905315898344,2.41532039642334,0.7796238660812378,True,-1.0958992600674609,2.2631524428770957,0.08749017579399651,0.2652477129623757,-0.019834492211458898,1.0236347
S777,False,True,-1.0964412367826673,7.145313590764999,0.999353093041504,2.9349682331085205,3.8755582571029663,True,-1.0964412367826673,1.963444442946389,0.11033354649813293,0.2079266898277642,-0.0384816177189504,3.7193787
S500,False,True,-1.0967700831460123,5.072562572856744,0.9994577445429035,2.4652130603790283,2.5189000964164734,True,-1.0967700831460123,2.000791253224523,0.07935754809635157,0.22487913006320637,-0.015293324046850318,2.4662662
S931,False,True,-1.0972125348597235,7.5852490067481995,0.9982986862644785,4.923460483551025,3.700549006462097,True,-1.0972125348597235,1.6468498055849112,0.09486103483841689,0.1813202710216118,-0.05189240710118339,4.1956277
S154,False,True,-1.0977832940550034,5.8922532716145115,0.9987828454853571,3.2273290157318115,2.0360693633556366,True,-1.0977832940550034,1.7989756147375524,0.08535750716177037,0.21042464174700773,-0.040213122809141355,1.9321007
S58,False,True,-1.0980490859398904,4.7666085958480835,0.9996491791332195,2.665139675140381,3.5690642595291138,True,-1.0980490859398904,1.9415896314100125,0.06396349736973513,0.23248100883827752,-0.017101564539752756,2.8227625
S197,False,True,-1.0991766096935556,6.376824955145517,0.9998996135895614,3.068216562271118,4.0761260986328125,True,-1.0991766096935556,1.534595105199265,0.06743104610549995,0.1599455006973997,-0.015393640108425564,3.686592
S833,False,True,-1.099303672820218,6.480405877033869,0.9995835199037579,3.4628193378448486,3.9612456560134888,True,-1.099303672820218,1.3358472466640212,0.06338788551026364,0.157965560941755,-0.03976440674405707,3.519616
S71,False,True,-1.1011159345747996,5.655668646097183,0.9997511346541565,2.321336507797241,3.3589253425598145,True,-1.1011159345747996,2.0834312125312553,0.08975859610888909,0.23036242396603687,-0.018790310478770743,3.0926652
S784,False,True,-1.1044804969041508,6.289055844148,0.9998153751377101,2.7019498348236084,4.340916275978088,True,-1.1044804969041508,1.6632632430782646,0.07374534256763475,0.18432949008387575,-0.024602484368158005,3.8917713
S538,False,True,-1.104912202549704,5.989951312541962,0.9996431993408372,3.754580497741699,3.6000691652297974,True,-1.104912202549704,1.5402252521583633,0.03619073600364866,0.204019636715559,-0.02394754793950163,3.4244907
S576,False,True,-1.1056016002436626,4.842216562479734,0.999614539973119,1.559733271598816,2.435991644859314,True,-1.1056016002436626,1.8564281837686578,0.08540169407197867,0.18976851723313573,-0.010372345838550175,2.2071297
S342,False,True,-1.105713061823121,5.431723922491074,0.9988149613558731,2.1822731494903564,2.096737325191498,True,-1.105713061823121,1.8606944678450024,0.09062158632640052,0.20498288450917299,-0.031115940544186,1.9549729
S96,False,True,-1.105872815924008,5.348846726119518,0.9992177487706457,2.8244900703430176,3.5234453678131104,True,-1.105872815924008,2.041587798442987,0.08661446927543945,0.22812727531281254,-0.021410370243717995,2.9535577
S66,False,True,-1.1063362874768288,5.333364769816399,0.9996157752391599,2.3163483142852783,2.903127431869507,True,-1.1063362874768288,1.9349781470974101,0.07530482378900957,0.21501096855326474,-0.01173833194899081,2.510407
S873,False,True,-1.1076099723825887,7.087790131568909,0.9996944045479589,3.3524892330169678,4.49211049079895,True,-1.1076099723825887,1.6527817790941048,0.08063752675632925,0.17866961421967456,-0.028933408705781063,4.0330772
S14,False,True,-1.1079585379525738,6.495745539665222,0.998942331890253,2.9208531379699707,3.8948416709899902,True,-1.1079585379525738,2.088957124797362,0.09379758568054289,0.24206969254070235,-0.032643904643028125,3.3996105
S473,False,True,-1.1111642342638652,7.3174676100413,0.9996678426109513,4.852171897888184,2.9329819083213806,True,-1.1111642342638652,1.2133141775748992,0.07411480631634904,0.1310908654857659,-0.04785603935046087,3.188734
S648,False,True,-1.1116969593711763,5.025864521662394,0.9997407200987347,2.3028738498687744,3.1369577646255493,True,-1.1116969593711763,2.11547372644092,0.05215261062479891,0.2679219619198352,-0.010764211814197195,2.8249233
S210,False,True,-1.111942749504084,5.251002403597036,0.9993413505308887,2.352020502090454,3.2821922302246094,True,-1.111942749504084,1.877286966572778,0.06497631236313473,0.2278083295847872,-0.022615678946815206,2.7050912
S742,False,True,-1.1121249887457483,4.119225934147835,0.9990482193836673,1.3541615009307861,2.046058714389801,True,-1.1121249887457483,2.3180344684817027,0.11003543044086306,0.23859463977024867,-0.008669851014806036,1.6014534
S691,False,True,-1.1132910114660413,4.040358126784364,0.9991962720152683,1.2196669578552246,1.3262538015842438,True,-1.1132910114660413,2.034338270102387,0.09296219112751013,0.21170274570508474,-0.010987790519224936,1.0742828
S480,False,True,-1.1152196301707238,4.840217590332031,0.9994309448849273,2.159771203994751,2.107344925403595,True,-1.1152196301707238,1.9028642379211724,0.05879280906553711,0.23261615924962153,-0.01864769362153397,2.086628
S662,False,True,-1.115788409243999,5.674205203851064,0.9993379121371107,2.606107473373413,3.4526312351226807,True,-1.115788409243999,1.872256866459284,0.07196988279604928,0.21532887081543356,-0.018933953276364515,3.1315625
S905,False,True,-1.1174182823375338,6.938138643900553,0.9996729664674402,3.0226480960845947,3.9100043773651123,True,-1.1174182823375338,1.4209070832883042,0.12191392603908353,0.10005063690627176,-0.03448911324010815,4.159652
S685,False,True,-1.1184287587847388,5.087938365836938,0.999621430155578,1.8885406255722046,2.567257344722748,True,-1.1184287587847388,1.9178352993455219,0.07667404890664917,0.22030372342412682,-0.02314338845040951,2.2012525
S441,False,True,-1.1185204946274072,5.307352388898531,0.9981360485170832,2.020493745803833,2.6521681547164917,True,-1.1185204946274072,2.185970797280693,0.10355950204219017,0.22184856496067734,-0.009156975823536626,2.3467793
S488,False,True,-1.1185825557992453,5.766242076953253,0.9990063913129156,2.4242703914642334,2.906040072441101,True,-1.1185825557992453,1.7563847476399115,0.060967757581165294,0.2067980794597815,-0.020254139591216677,2.3819897
S805,False,True,-1.1189530108104724,6.690050472815831,0.9993045645438995,2.967799186706543,3.6904176473617554,True,-1.1189530108104724,2.1369063353897393,0.09483743756616045,0.24911127804548716,-0.033035789379987475,3.3892498
S781,False,True,-1.1190993306123918,4.933274691303571,0.9988684919945563,3.1339361667633057,1.3334371447563171,True,-1.1190993306123918,2.2329152960520773,0.07871761067250405,0.27089783817395097,-0.02309386180058355,1.505121
S438,False,True,-1.1197763310034237,4.880438456932703,0.997940471129106,1.6035226583480835,2.5391188263893127,True,-1.1197763310034237,2.419705759196215,0.09117683246159411,0.28462538427893025,-0.01721046225004339,2.026594
S420,False,True,-1.1217174754756738,5.620463197429975,0.9986404136400217,2.5612406730651855,2.897946536540985,True,-1.1217174754756738,2.134996184166849,0.10991958755054876,0.21771550459047004,-0.01978183334325941,2.2862663
S476,False,True,-1.1221068731506867,4.5521466831366215,0.9984812210004351,1.495761513710022,2.1064797043800354,True,-1.1221068731506867,2.2570862657167066,0.0952273874486531,0.24889788515286917,-0.01222847061093232,1.7283077
S176,False,True,-1.1231031335448651,5.964615950981775,0.9979210639067668,2.4237546920776367,2.2675002217292786,True,-1.1231031335448651,1.9556789531583334,0.09446138976426736,0.20854690781431537,-0.02353844600990906,2.2779326
S305,False,True,-1.123120475355204,7.540506223837534,0.9977738171861621,3.245335578918457,3.0677016973495483,True,-1.123120475355204,1.670105579222999,0.07447361310969901,0.19969495285005612,-0.03834792913476765,3.1312556
S860,False,True,-1.125552066755059,6.566644608974456,0.9977256164111813,2.8296854496002197,2.8975433707237244,True,-1.125552066755059,1.556163589605127,0.08133154533953389,0.1707225336789855,-0.03582901062319543,2.9265187
S813,False,True,-1.125693693062567,3.5336375410358114,0.999752110082529,1.3097515106201172,1.6403880715370178,True,-1.125693693062567,1.822123672765548,0.09185122419599952,0.17304087535824053,-0.00409468556393017,1.1920178
S543,False,True,-1.1268339988462177,7.126367608706156,0.9994063636476217,4.287189960479736,4.306758522987366,True,-1.1268339988462177,1.465634127494597,0.06431319606156387,0.18197434950291913,-0.048019338405723117,4.2775035
S4,False,True,-1.1281496594559828,4.575221637884775,0.9995440179359177,1.9359571933746338,1.8391744792461395,True,-1.1281496594559828,2.3075902536708326,0.10401225704403072,0.24621486010463098,-0.011149080620015926,1.6669934
S57,False,True,-1.1300573666329312,5.47285125652949,0.9987895634443407,2.581423044204712,2.911118984222412,True,-1.1300573666329312,1.8439784897677138,0.07612822793800945,0.20811376233628834,-0.022270871796438798,2.5866857
S293,False,True,-1.1308017940810604,3.5757559239864345,0.993093249266121,0.7448219656944275,1.8280451893806458,True,-1.1308017940810604,2.012766758956972,0.11434250169463674,0.1754456454153788,-0.003080681578555965,1.499796
S911,False,True,-1.1314039705381793,4.405810832977295,0.9997700896955428,2.313408136367798,2.932686924934387,True,-1.1314039705381793,1.9610665878180717,0.09195861520427816,0.20014351526032423,-0.010361197613640476,2.3806393
S906,False,True,-1.1317279057435163,5.30553088337183,0.9996342435202261,2.5813376903533936,1.9207005500793457,True,-1.1317279057435163,1.731322449515134,0.09590569772269966,0.16587679320319643,-0.015348986891888634,1.6828245
S586,False,True,-1.1322276018014175,4.0180348207553225,0.9997822268120502,1.8204935789108276,1.8113182187080383,True,-1.1322276018014175,1.6869149677490038,0.0893321073143267,0.15957678675222164,-0.013353430856093055,1.8503414
S163,False,True,-1.1326077784701893,3.834046463171641,0.9996174671812351,1.4486912488937378,0.7434694916009903,True,-1.1326077784701893,1.9223306795976371,0.10258360287620948,0.17840787255053084,-0.005742750539375488,0.58358115
S898,False,True,-1.1328800207234684,4.060903375347455,0.9994770342298376,1.766148567199707,0.9532985985279083,True,-1.1328800207234684,2.0547257536838366,0.07801380151569567,0.2196364057031984,-0.0011853633777358854,1.2608738
S475,False,True,-1.133316130994234,5.051382069786389,0.9995954012645156,2.556253433227539,3.610179305076599,True,-1.133316130994234,2.017841991253917,0.08303345166939029,0.2292655768308984,-0.019992140321836837,2.6499624
S521,False,True,-1.1346285634408366,6.300071408351261,0.9996153839212104,3.692343235015869,2.877023458480835,True,-1.1346285634408366,1.9829793729526395,0.07875332063755118,0.2309072934483798,-0.023169659404104877,2.643594
S220,False,True,-1.135110385493402,4.072479019562403,0.9530804611650483,2.7519404888153076,2.2301543951034546,True,-1.135110385493402,1.5378554146873136,0.05751817808448272,0.194234972199965,-0.028493761504504545,1.5438538
S697,False,True,-1.1359288936641778,5.53871194521586,0.998853140055898,2.0298993587493896,3.664903998374939,True,-1.1359288936641778,1.5970042175716395,0.09034297763555381,0.14853019360622272,-0.01768977277937556,2.9772975
S780,False,True,-1.1359837299168856,4.595249166091283,0.9990130700670774,2.181345224380493,1.9017299115657806,True,-1.1359837299168856,2.381320916815236,0.09305661726492662,0.2816888980283956,-0.021717097456960214,1.9775146
S627,False,True,-1.138034469274914,4.521701615303755,0.9989809850727008,2.06620192527771,2.5514060854911804,True,-1.138034469274914,2.018863199777823,0.07257092062649456,0.23563335284353473,-0.014685154482441521,2.22364
S885,False,True,-1.1394919992792198,4.869554702192545,0.999793959113485,2.6322948932647705,3.3623037338256836,True,-1.1394919992792198,1.8257597205143206,0.09705644715429966,0.18238735690629818,-0.019424373577091675,2.7989457
S226,False,True,-1.140633506182617,4.590662997215986,0.9987413329197906,1.484192132949829,2.3374205231666565,True,-1.140633506182617,2.1326954237123483,0.11871923186532844,0.195261136100836,-0.0034863530555241805,1.7203487
S888,False,True,-1.1406630766546042,4.8189133902390795,0.9994959632452571,1.569334864616394,3.1085963249206543,True,-1.1406630766546042,1.991771233185878,0.10495569465705423,0.18108664523582377,-0.0018236780911490473,3.160883
S753,False,True,-1.1411779565883582,6.906871696313221,0.9994798189749812,3.333920955657959,4.330509543418884,True,-1.1411779565883582,1.7504022275734856,0.10048472223321464,0.16837781101122964,-0.02302911879594896,3.9649158
S585,False,True,-1.1424354919040889,4.5653927475214005,0.9976677222322974,2.1010918617248535,1.9665499329566956,True,-1.1424354919040889,2.0628150616449985,0.10163343695569892,0.21095087352295422,-0.014769976098362884,1.8938545
S437,False,True,-1.1426918720140267,5.173416038354238,0.9990281997162112,1.725826621055603,2.921113908290863,True,-1.1426918720140267,2.1075074777585217,0.08500656444559694,0.23345835883261046,-0.012059660217556506,2.7463117
S512,False,True,-1.1438051072742057,7.416600624720255,0.997979802238426,3.221954345703125,4.478975415229797,True,-1.1438051072742057,1.872063729259964,0.10763671814532651,0.19312316126453366,-0.03721375367494434,5.048371
S552,False,True,-1.1440200930260842,3.9254637826234102,0.998499543703302,2.2839276790618896,2.6417828798294067,True,-1.1440200930260842,2.259347211112848,0.07748134878582755,0.2710007352953988,-0.016113614524539934,2.2918036
S231,False,True,-1.1447885285991088,7.512129704157511,0.9994907299623983,3.4955945014953613,4.478156685829163,True,-1.1447885285991088,1.2565622969233365,0.08953929501598686,0.1063456233249677,-0.035655895180507324,4.2063475
S769,False,True,-1.144819563256761,3.957080403963724,0.9993375713465594,1.4730736017227173,1.9998226165771484,True,-1.144819563256761,1.9614221619804326,0.11678783832748281,0.15240426684724018,0.009337355937747595,1.864172
S256,False,True,-1.1453605154613518,5.122015714645386,0.9996334835549037,1.6550700664520264,2.3558691143989563,True,-1.1453605154613518,1.7175081115628328,0.0818041119670389,0.1814678942556035,-0.02155490659716916,2.1239834
S900,False,True,-1.1455011796892864,5.103540197014809,0.9992052255819381,2.0429694652557373,3.0806422233581543,True,-1.1455011796892864,1.8512938132939072,0.11385583293831357,0.15763952387033386,-0.010895057706199498,2.5300803
S112,False,True,-1.1481825017425404,5.632635573546091,0.9997293818404769,2.565295934677124,3.7152549028396606,True,-1.1481825017425404,1.829999487062259,0.06584321992997998,0.21261613793021475,-0.017342313882817498,3.313521
S942,False,True,-1.150319941227826,4.382355709870657,0.9991320268124915,1.851560354232788,0.8965659290552139,True,-1.150319941227826,1.7576917652366524,0.13135527806115818,0.13438213000816304,-0.017988876505361264,0.9629439
S823,False,True,-1.1507858434008076,3.8208313932021456,0.9962475544783586,1.5688998699188232,1.005824327468872,True,-1.1507858434008076,2.4202526725880373,0.14557764376817295,0.21465820178713957,-0.006840400853116439,1.4608765
S409,False,True,-1.1507986368095908,4.566643824179967,0.999656090480174,1.9806187152862549,3.1687194108963013,True,-1.1507986368095908,1.896732769653703,0.06955180948970434,0.22069753999102576,-0.018299641807304316,2.5137067
S557,False,True,-1.1517617062093963,4.9026646961768465,0.9999104179652917,1.6722809076309204,2.6109544038772583,True,-1.1517617062093963,1.5544436093994516,0.07760838213928142,0.15010503654752982,-0.012951523010813037,2.1473136
S65,False,True,-1.1523841400968962,6.994995693365732,0.9974024483548565,3.535331964492798,4.062533855438232,True,-1.1523841400968962,1.6997205328944334,0.08765069670182275,0.1913363433264981,-0.03946425273616354,3.8426902
S802,False,True,-1.1524354733793742,5.296921573579311,0.9998022269663435,2.3193395137786865,3.679000735282898,True,-1.1524354733793742,1.8047495356366414,0.06801518949624553,0.19558924866376326,-0.006711603467611733,3.51688
S297,False,True,-1.1540312028234412,4.843293671806653,0.999582441361112,2.0370991230010986,3.3976664543151855,True,-1.1540312028234412,2.0536693573026823,0.06101682388979261,0.2445132892526979,-0.008782467861867363,2.8726723
S442,False,True,-1.1542312797104421,5.389492844541867,0.9991262546715219,3.0916521549224854,2.616644024848938,True,-1.1542312797104421,1.9348144412649546,0.09468819271123596,0.20295272347628374,-0.020799123900383097,2.5150547
S916,False,True,-1.1542857793652257,4.014734782278538,0.9997515738380899,2.042219638824463,2.158924698829651,True,-1.1542857793652257,2.0619611685687156,0.08439284946778808,0.22113984385349914,-0.006993656893485745,2.4480586
S455,False,True,-1.1552323599125143,4.277026188870271,0.9984309283757141,1.6536142826080322,1.6155247688293457,True,-1.1552323599125143,2.131565587404194,0.08539289773113,0.24376515309506896,-0.017269366685609244,1.4687463
S384,False,True,-1.1552688139734377,4.83506166934967,0.9996472178363858,2.046968936920166,2.69260710477829,True,-1.1552688139734377,1.8725564429629011,0.09132778515650257,0.20411342333385235,-0.029066552735023433,2.1612334
S909,False,True,-1.1567111238643142,3.500535304347674,0.9996317351483464,1.510199785232544,2.2791669368743896,True,-1.1567111238643142,1.9416065059072714,0.0946610871139123,0.19141428300603847,-0.006867189224265685,1.7349697
S238,False,True,-1.1573518957980835,3.404739648103714,0.9999027037812913,1.3774412870407104,1.0401120483875275,True,-1.1573518957980835,1.6304666738240317,0.09920027741214138,0.13590007226345577,-0.009497649108007948,0.81277657
S91,False,True,-1.1579496111381733,4.736371792852879,0.9992896859911241,2.1868042945861816,3.0587539672851562,True,-1.1579496111381733,1.7596127555103815,0.06385258008172363,0.2006491795749126,-0.012954931572112298,2.679818
S216,False,True,-1.1583858029659486,4.4877666880687075,0.9997482351459652,2.5834009647369385,3.3040653467178345,True,-1.1583858029659486,1.7567562355613429,0.06444920766261088,0.1974193191885278,-0.014131968030586167,2.5777898
S797,False,True,-1.1586778690566102,6.590964903434117,0.9970431210307669,3.2862794399261475,3.6319063901901245,True,-1.1586778690566102,1.8759112195478505,0.08366967732725167,0.20739473164707917,-0.023618425687352736,3.550368
S229,False,True,-1.1590358894847845,5.072207947572072,0.9996816085771097,2.0975704193115234,2.407235622406006,True,-1.1590358894847845,1.6280476593991282,0.0643302294678109,0.19196380765726698,-0.03002003680551335,2.1226346
S191,False,True,-1.159186498726488,6.3569363454977665,0.9996367527700847,2.898952007293701,2.895529091358185,True,-1.159186498726488,1.5271526373373274,0.07911749869325516,0.1551004073462086,-0.02319739084634285,2.9238079
S290,False,True,-1.159490607460586,5.517441995441914,0.9996563215324407,2.566922903060913,2.4188026189804077,True,-1.159490607460586,1.7594441051150902,0.07235699955578936,0.20074922418230226,-0.023867313110545563,2.401874
S939,False,True,-1.1595308002501759,3.976149184008439,0.9995863557823651,1.550459623336792,1.7949802875518799,True,-1.1595308002501759,2.204340930436569,0.09691187208537172,0.2279587471940066,-0.0015257950758882529,1.3560339
S563,False,True,-1.1600122668008546,4.645316156248252,0.991559633216156,1.6297205686569214,2.060827910900116,True,-1.1600122668008546,2.586548341146283,0.0905263840939195,0.3083681098826168,-0.015136278194178315,1.7507181
S804,False,True,-1.1624233708161076,5.559130986531575,0.9988678978319272,2.352757215499878,2.174223005771637,True,-1.1624233708161076,2.0689358359506875,0.08676841602960546,0.2395843574582702,-0.025710592343183878,1.8718894
S654,False,True,-1.162433111782715,4.262065483878056,0.999773479816088,1.6586915254592896,1.173986405134201,True,-1.162433111782715,1.739797658699516,0.08231800714475894,0.19330700492095415,-0.02903711468552385,1.18265
S622,False,True,-1.1625858414944938,5.356653764843941,0.9991189044047457,2.64028263092041,2.9366363286972046,True,-1.1625858414944938,1.5766096307843693,0.07571225020269048,0.16752851052957485,-0.021627973922955606,2.4508343
S235,False,True,-1.1629686793601446,3.0969490607579546,0.9926867342469092,0.8402314186096191,0.7400655746459961,True,-1.1629686793601446,2.9085274579223666,0.1500839066111381,0.2739541264637738,0.00881058486027213,1.5408822
S105,False,True,-1.1632764847670447,6.736831108729044,0.9998131351555934,3.7470178604125977,3.8108956813812256,True,-1.1632764847670447,1.6363980747886329,0.12625994104587582,0.127603451314839,-0.03336394326542962,4.1085086
S319,False,True,-1.16375571854635,4.288855254650115,0.9992649905551153,0.7821378111839294,2.412952184677124,True,-1.16375571854635,1.7611254784851704,0.09356110611327358,0.16182281039912322,-0.007069299227677451,2.0539777
S35,False,True,-1.1648973054568306,3.964990295469761,0.9996271761452856,1.806774616241455,1.8756218552589417,True,-1.1648973054568306,1.656381785723253,0.08679929891071514,0.16058275659843776,-0.014134739365481123,1.4005619
S388,False,True,-1.1656044715455627,3.749966549997528,0.9992384960120074,0.9966229796409607,1.9826456904411316,True,-1.1656044715455627,2.100240452256461,0.1103353660717775,0.1930161533480323,-0.0012493850766062842,1.8195093
S831,False,True,-1.1663923391529145,5.034418282409508,0.999416191784883,2.891127586364746,3.155112147331238,True,-1.1663923391529145,1.8981560446567451,0.05951087209714507,0.2355235013306806,-0.021711015424808154,2.620002
S236,False,True,-1.169735506158104,4.417443131407102,0.9993278002854775,1.6815803050994873,1.9233410358428955,True,-1.169735506158104,1.8653528653009308,0.08879829728310767,0.1918006027831712,-0.013251047340992307,1.9450115
S449,False,True,-1.1707093431983708,6.137589921553929,0.9992838748530496,2.825366497039795,3.0780829191207886,True,-1.1707093431983708,1.9118057273640419,0.09676164558404027,0.2073350858178947,-0.030543181215924677,2.767781
S854,False,True,-1.1714256502217089,5.952951441208521,0.999383721372279,2.654505491256714,3.17161762714386,True,-1.1714256502217089,1.7785277234820998,0.09794830254154678,0.18120182027949835,-0.030778413283939147,2.9850812
S830,False,True,-1.171706640779293,6.135421762863794,0.999043942760348,3.246196746826172,3.4909828901290894,True,-1.171706640779293,1.4323494565874213,0.07181686861008973,0.14802796523460587,-0.024534758574512098,2.9844174
S679,False,True,-1.1729692092104191,5.724060475826263,0.9998124814610534,2.230051040649414,3.677792549133301,True,-1.1729692092104191,2.008260563158316,0.08284618608573295,0.22294571051034603,-0.01622177437722693,2.978261
S744,False,True,-1.1730896786883995,6.64698988199234,0.9987873039613715,3.0936732292175293,4.282962322235107,True,-1.1730896786883995,1.8900362220665308,0.06562061493245416,0.2275059159431804,-0.023125933622037215,3.706941
S130,False,True,-1.1738392336373817,4.916971047719319,0.9988107948833483,2.061521053314209,1.9943132102489471,True,-1.1738392336373817,1.6847288604405377,0.09591718737666284,0.14214310472308328,-0.003386879580320273,2.2070594
S470,False,True,-1.1750278461885972,4.829080405334631,0.9997916928832563,2.969050645828247,2.47498619556427,True,-1.1750278461885972,1.7642750274688421,0.08673418639926071,0.1735623874778447,-0.014316534544004642,1.85552
S661,False,True,-1.1750924280087514,7.027273098627726,0.9997265578591359,4.097099304199219,3.9904812574386597,True,-1.1750924280087514,1.510548086766101,0.09754309507919093,0.13740971678387312,-0.029390897837104503,3.9769177
S808,False,True,-1.176343127095722,6.166508575280506,0.9975120979275266,2.5677928924560547,3.480331063270569,True,-1.176343127095722,2.5279124601458927,0.09793171729579933,0.30070750308588434,-0.022848664493606088,2.8140602
S169,False,True,-1.1782795902229934,4.9391261997322236,0.9990510843119402,2.5021324157714844,1.8794545531272888,True,-1.1782795902229934,1.9266577512355878,0.10256938037809313,0.19440372462680908,-0.022451376487734064,1.6169245
S735,False,True,-1.17894077455061,6.827650606632233,0.9996361106225546,3.9122273921966553,3.0904377698898315,True,-1.17894077455061,1.7737032104904271,0.06410567727648471,0.22018281618173707,-0.032379800045574905,2.9630802
S0,False,True,-1.1793656401962092,3.1812655727068586,0.9995364201917266,1.63966965675354,0.6909496337175369,True,-1.1793656401962092,1.8034426533898607,0.108086013913748,0.15210992077860663,-0.0047539573397851476,0.6116727
S782,False,True,-1.1810153178130962,4.5819473167260485,0.9981270605356329,2.672415018081665,2.3222212195396423,True,-1.1810153178130962,2.167828575214848,0.08221364580610893,0.2468231396491051,-0.013355690752514904,1.8749526
S121,False,True,-1.1813865506697243,3.3913478354612985,0.9982400097426493,2.085076093673706,1.169444054365158,True,-1.1813865506697243,1.4737219844588765,0.04220752502147859,0.1837795803160025,-0.011885478719215638,1.0591733
S743,False,True,-1.1820163688003962,4.121891474351287,0.9981980093589282,2.196582317352295,1.596430480480194,True,-1.1820163688003962,2.2134835148127365,0.1064451286118986,0.23791843678169122,-0.021019284060883044,1.2878834
S201,False,True,-1.1823758646513098,6.951696435610453,0.9996491746777135,3.3299026489257812,4.644147992134094,True,-1.1823758646513098,1.558810225905812,0.06280255474515607,0.17999124399962813,-0.029371222975117024,4.0656962
S499,False,True,-1.182831592931637,5.605145355065664,0.9996922361295691,2.4971070289611816,3.5326019525527954,True,-1.182831592931637,1.818550601512951,0.09744552720850815,0.1735853660618904,-0.01483161977363563,3.2373989
S859,False,True,-1.1835366192027674,4.640770420432091,0.9997316757275289,1.9148876667022705,1.6450615227222443,True,-1.1835366192027674,2.1234379625968263,0.09830053901808603,0.2283056396721742,-0.01887766787944997,1.6620077
S868,False,True,-1.1840425680741502,7.089037299156189,0.9995990917915824,4.4260406494140625,4.372679710388184,True,-1.1840425680741502,1.503679608643686,0.09384597034408435,0.13950572755989166,-0.026699602742960973,4.0336404
S776,False,True,-1.1854122064014165,4.802408383538325,0.9996671740445441,2.4631402492523193,1.5405430495738983,True,-1.1854122064014165,1.956173381900996,0.08983051510724666,0.21708311504376965,-0.027452779226807614,1.3301224
S287,False,True,-1.1856219889754132,3.9197308278332152,0.9984343952544839,1.2301496267318726,1.9058111906051636,True,-1.1856219889754132,2.2773513561902106,0.08717363526990698,0.2557466789714022,-0.006898123342116366,1.477843
S13,False,True,-1.186604563992012,3.944926007961233,0.9978386885770194,1.3973749876022339,1.2156649231910706,True,-1.186604563992012,2.486507634186276,0.0847350130652675,0.2896700043674397,-0.006939096496026791,1.0070628
S223,False,True,-1.187182092877818,4.279474472006162,0.9998528159658764,1.5960626602172852,2.929784119129181,True,-1.187182092877818,1.6861614005668548,0.09009787929981898,0.15034845310143233,-0.002599782287474862,2.3306828
S862,False,True,-1.187288825432716,4.406645158926645,0.99956189878918,1.553550362586975,1.7876281142234802,True,-1.187288825432716,1.979947173242147,0.09024976737523653,0.20701829511026953,-0.012347312304524802,1.6075761
S126,False,True,-1.1901802462890467,4.127433652679125,0.9917641930010929,3.301130533218384,1.3500322699546814,True,-1.1901802462890467,1.7724734448185033,0.06720266174735612,0.2242649309956254,-0.031040553035723978,1.4815549
S357,False,True,-1.1908580539252653,5.279214819272359,0.9992615354651903,2.314387559890747,3.2295868396759033,True,-1.1908580539252653,2.0344825400766084,0.07661739623791877,0.240094439316847,-0.022628794330378704,2.5964546
S723,False,True,-1.1908923050911404,5.485310738285382,0.9997013860269847,2.4127795696258545,3.640149712562561,True,-1.1908923050911404,1.5770241276843076,0.05567417424889333,0.18031405062430383,-0.01607204292104956,3.044142
S29,False,True,-1.1911920194232937,3.9812037361164885,0.9976661753765815,1.319576382637024,1.4195353984832764,True,-1.1911920194232937,2.3163916439197916,0.11543784199956376,0.23993621552510164,-0.017939092959124214,1.415642
S748,False,True,-1.1919151244850883,4.743486622969309,0.9995788413323489,1.924795150756836,1.2393534183502197,True,-1.1919151244850883,1.9513929799354741,0.07943850075005988,0.21606545308455788,-0.0131044732391625,1.4095802
S867,False,True,-1.19334973274645,5.387384578585625,0.9994283582731468,2.2979843616485596,4.393609881401062,True,-1.19334973274645,1.797686119780267,0.1021554753441859,0.17617329629092549,-0.024432096469961993,3.2312171
S347,False,True,-1.193378571626642,3.832091260701418,0.9994060476547023,1.7576431035995483,2.109858453273773,True,-1.193378571626642,2.1666657809140566,0.10590558926164426,0.22647404855256026,-0.01683553594112503,1.6467615
S478,False,True,-1.1936996059343508,5.508320157726606,0.9996906442210406,2.5631136894226074,2.6650874614715576,True,-1.1936996059343508,1.989099852938892,0.08827040172346697,0.21409759087296226,-0.01426880965403948,2.3450503
S787,False,True,-1.1947067233799307,5.167077653110027,0.9990640966850628,2.4335708618164062,1.485837996006012,True,-1.1947067233799307,1.8239920228925857,0.05198868194256374,0.23132623040657369,-0.022638261352324746,1.1767882
S54,False,True,-1.195157811188,4.940614322821299,0.999806124606749,2.2340593338012695,3.0124157667160034,True,-1.195157811188,1.9625057732197888,0.0764151827770993,0.2278167483160406,-0.02076959225021788,2.4758987
S244,False,True,-1.195931629649002,5.225874826312065,0.998860434856312,1.824029564857483,2.277515172958374,True,-1.195931629649002,1.8925112638336352,0.0909120521360042,0.20197259435640122,-0.023369779338978592,2.0058138
S250,False,True,-1.1962425991974877,5.929726192106802,0.9979223868480185,1.9653874635696411,1.9916192889213562,True,-1.1962425991974877,1.995438301819655,0.11276629649356523,0.202182171059452,-0.03117365218230617,2.852991
S37,False,True,-1.196553743558286,4.220836201061805,0.9995879905725694,1.7838534116744995,1.1781699061393738,True,-1.196553743558286,2.109635072343478,0.08923394745221903,0.22026407555971933,-0.004404649547136052,0.90393037
S607,False,True,-1.1966051781157432,5.627326965332031,0.9992526832656378,2.6087613105773926,4.034934043884277,True,-1.1966051781157432,1.8170724357311319,0.09437553509624369,0.18428173825489194,-0.02285029947109023,3.137938
S172,False,True,-1.196827502483902,7.228723565737406,0.9993394038352651,3.906348943710327,3.8940500020980835,True,-1.196827502483902,1.6262478685166462,0.07781944320465453,0.18127274539480281,-0.03405144228649012,3.504332
S451,False,True,-1.197155291734593,4.6220836987098055,0.9992131125429236,1.7566462755203247,3.191446900367737,True,-1.197155291734593,2.039372431070978,0.08220821548848384,0.2190511396816059,-0.008503911034240462,2.5014777
S200,False,True,-1.1972253848024688,4.206496682018042,0.9995786395970487,2.3045873641967773,1.8863583207130432,True,-1.1972253848024688,2.1485860098092164,0.10430115057642149,0.21391769035356636,-0.006821157191462986,1.6438506
S947,False,True,-1.1976642930008297,3.479966938495636,0.9989226957177518,4.574805736541748,1.4842689633369446,True,-1.1976642930008297,2.111925095614163,0.0848154604136488,0.23485798803016739,-0.011817193564368403,1.491391
S63,False,True,-1.198157809589041,5.19024779026707,0.9997586537828607,2.3775041103363037,1.4869081676006317,True,-1.198157809589041,1.935409160863356,0.09957719408817604,0.20772669366548807,-0.03204619376109152,1.7047167
S790,False,True,-1.198277476145412,4.2434883912404375,0.999828399475537,1.5140509605407715,1.0402438938617706,True,-1.198277476145412,1.9888956453964208,0.10741658407948838,0.18677057257761193,-0.008914893756772319,0.9392325
S255,False,True,-1.198568129937089,5.9569866955280295,0.9990153377258388,2.216127395629883,2.5369163751602173,True,-1.198568129937089,2.258767235164242,0.1154689803448169,0.23501488852912988,-0.021211180391662608,2.4593523
S75,False,True,-1.1989575892799937,4.734444607049227,0.9995617873117945,2.3362369537353516,2.0335103273391724,True,-1.1989575892799937,1.7764244548647796,0.07453347115304083,0.20054430116954317,-0.021496455709912897,1.9396595
S856,False,True,-1.1998716992791068,4.896356071655949,0.9991491181112281,2.683894157409668,1.110748440027237,True,-1.1998716992791068,2.1659295597635246,0.10690594768163343,0.22345135889240755,-0.014370027901630424,0.9000664
S278,False,True,-1.2004081106533588,5.19368938729167,0.9994811853071454,2.246164321899414,3.1140172481536865,True,-1.2004081106533588,1.9999732529828274,0.11184246509418552,0.19687830514599666,-0.023871135472446542,2.297879
S262,False,True,-1.2004141382763471,4.188616116841634,0.9945843003325983,1.2617266178131104,2.1894925832748413,True,-1.2004141382763471,1.9813121808453447,0.09532813029762745,0.19637664723199202,-0.00714738661330392,2.000177
S477,False,True,-1.2004193354491368,4.806495507558187,0.9997691391730874,1.576845645904541,3.037960410118103,True,-1.2004193354491368,1.8796612050108517,0.06986548462758299,0.2139422726756544,-0.014388946759918494,2.5852962
S926,False,True,-1.2008094973003942,4.381033798679709,0.9986241788082934,1.638648271560669,2.3447789549827576,True,-1.2008094973003942,2.012863856822425,0.12423410401544921,0.17134091351042405,-0.008927819855590243,1.9589987
S518,False,True,-1.2014988349387048,5.4121153851350146,0.9994040970800355,2.2841591835021973,3.2745156288146973,True,-1.2014988349387048,2.0810459520406877,0.10046693872454769,0.21744057202617514,-0.016750603499454456,2.8082232
S687,False,True,-1.2026129427031744,4.905292761822542,0.9992788083340741,2.0281789302825928,3.3761954307556152,True,-1.2026129427031744,1.9153022198820622,0.10194508329026318,0.1757521713330785,-0.00555598859518303,2.953102
S138,False,True,-1.2031024646326078,7.470615188280741,0.998992782929186,3.3517563343048096,2.5500569939613342,True,-1.2031024646326078,1.9438598828409317,0.12072753958700787,0.19789457993460546,-0.04545783826466632,3.1316645
S871,False,True,-1.203817735273006,4.611967300375302,0.9997617988785084,2.2470786571502686,1.1835376024246216,True,-1.203817735273006,2.2429121815073527,0.09738719937956695,0.2469524765195557,-0.018412221155930684,1.2108505
S9,False,True,-1.2046285254502918,5.238480088611443,0.9985905755638435,2.4875431060791016,1.7153664231300354,True,-1.2046285254502918,2.0124690916588976,0.08835603349939257,0.22535587903589555,-0.023297244534063632,1.7083575
S178,False,True,-1.2051308493514008,3.906175461908181,0.999314511856604,1.1026932001113892,2.2088475227355957,True,-1.2051308493514008,1.7519209262058337,0.07651801908673637,0.17416496362578224,-1.3226155316750579e-05,1.8290704
S525,False,True,-1.2062361529247312,4.757839461167653,0.9997112707091218,2.339174509048462,2.285943925380707,True,-1.2062361529247312,2.133916343673526,0.09383555105038321,0.2344563059373566,-0.01848682176977101,2.0311887
S718,False,True,-1.2077084705174923,4.595683192213376,0.9997033739375867,3.18337345123291,2.5849552750587463,True,-1.2077084705174923,1.9311936332883797,0.08460074792331938,0.20776719147088146,-0.013554199911418228,2.0564246
S815,False,True,-1.2089011016053544,6.924165725708008,0.9993419817754798,4.326087474822998,4.490388631820679,True,-1.2089011016053544,1.31982241762864,0.07220510220139162,0.13147104957278502,-0.029103880890831012,4.44867
S673,False,True,-1.209027404301695,6.010298987229664,0.9986394862149033,3.3174242973327637,3.605104088783264,True,-1.209027404301695,1.7419413887107382,0.08326480694651617,0.18279686769110126,-0.020028917700053668,3.1613984
S50,False,True,-1.2096398310353504,4.915004380047321,0.9994477705446202,1.9022243022918701,2.859652578830719,True,-1.2096398310353504,2.174154096374594,0.08798760583753842,0.24338142278460556,-0.014468884837124177,2.3524227
S564,False,True,-1.2101523609294305,7.762787799040476,0.9997763976433826,3.8871657848358154,4.990366458892822,True,-1.2101523609294305,1.2843712185866774,0.073613013345108,0.12965006123557657,-0.03477267535815538,4.7717896
S613,False,True,-1.210840487115118,7.026867647965748,0.9997747553010569,3.5865895748138428,3.376387596130371,True,-1.210840487115118,1.4138268428962308,0.0791775179460429,0.14337017574488972,-0.031120567906542145,3.7053685
S879,False,True,-1.2114316606183808,4.156331280867258,0.9998905867733431,2.290015935897827,2.5458993315696716,True,-1.2114316606183808,2.1837619191309363,0.08582568890358659,0.23605787884677443,-0.0034522667231939503,2.1437442
S817,False,True,-1.2118332171625732,4.8784704109032955,0.9992649150352163,1.7402687072753906,2.5905149579048157,True,-1.2118332171625732,2.1831926794379894,0.10576106354792451,0.21517403392488677,-0.002918982503838053,2.0866501
S245,False,True,-1.214243085109313,4.169524863051871,0.9975521250496582,1.440158486366272,1.8450519442558289,True,-1.214243085109313,2.3804896397571427,0.11746017755585184,0.2436907838562133,-0.012111198684983756,1.6096888
S841,False,True,-1.2155141627088009,4.478195011615753,0.9993432748684861,1.4520282745361328,1.8829936385154724,True,-1.2155141627088009,2.0371902597312315,0.1100474021445567,0.20231185984807612,-0.01867806942782043,1.6053765
S727,False,True,-1.2158907746614285,6.773347795009613,0.9988651260891647,3.1891567707061768,4.005153179168701,True,-1.2158907746614285,1.6523287771065924,0.06353847450747623,0.19563275280496834,-0.027427730005309917,3.534802
S710,False,True,-1.2159820857164811,4.3894693509986,0.9990520613061583,1.8606818914413452,1.4574421644210815,True,-1.2159820857164811,2.129509824757029,0.09630032709044836,0.23409897671666802,-0.020638256226128755,1.2265189
S90,False,True,-1.216509642107125,4.81020442644755,0.9992724705687548,1.7409257888793945,2.4114091992378235,True,-1.216509642107125,1.91101839144666,0.06374460239151462,0.22549431958997726,-0.013703597156805523,1.9405562
S847,False,True,-1.216555892989105,5.05590151498715,0.9986924505600097,1.9995064735412598,2.619563102722168,True,-1.216555892989105,1.811956783752309,0.09724422740997364,0.17553420606293957,-0.014280963127353592,2.12892
S486,False,True,-1.217492105548983,4.405756072451671,0.9988657702276449,2.7492222785949707,3.316616177558899,True,-1.217492105548983,1.870855698689916,0.0813754996883619,0.1949540382206793,-0.009525811186535685,2.5777252
S587,False,True,-1.219293835329271,4.897699038187662,0.9990045682791826,2.0327813625335693,1.8552777767181396,True,-1.219293835329271,2.081020451093004,0.1202207373990805,0.2028796152006658,-0.024698298292294318,1.8460757
S637,False,True,-1.2195152447833484,6.858266770839691,0.9996335858013032,3.4989888668060303,2.504578709602356,True,-1.2195152447833484,1.4855479749785905,0.07439481033480508,0.16914690264939497,-0.040735887681707314,2.892433
S240,False,True,-1.220068963904438,4.230517476797104,0.9990201417944167,0.8892000913619995,1.8613040149211884,True,-1.220068963904438,2.411948119458787,0.09110013284621879,0.28071911100644026,-0.015730167818946487,1.6088114
S504,False,True,-1.2202316919717702,3.8189646502335863,0.9997534323025912,0.8985242247581482,0.6813993528485298,True,-1.2202316919717702,1.52687271098609,0.08501389880107929,0.130416561783173,-0.003703922218571364,0.5948359
S507,False,True,-1.2203477197747832,3.989165923868616,0.9987951544944663,2.0135374069213867,1.0306779891252518,True,-1.2203477197747832,2.116524864593369,0.092648562099647,0.22135122214752245,-0.005853473479577451,1.0147617
S74,False,True,-1.2226704288218482,4.454234165449937,0.9988010381690238,2.2335994243621826,3.0418708324432373,True,-1.2226704288218482,2.141575868784252,0.0981967369458621,0.22946676982830588,-0.01862458303637012,2.2112625
S135,False,True,-1.2228101559041202,5.430288210511208,0.998432176281658,2.1232192516326904,1.7480449676513672,True,-1.2228101559041202,2.179485334455742,0.11256250524272214,0.2267166313417129,-0.024158263142577244,1.7110825
S700,False,True,-1.2228833145885842,5.5763097405433655,0.9991649240343394,2.059175968170166,2.508957266807556,True,-1.2228833145885842,1.785119397848531,0.11312300891386283,0.148940259826083,-0.011557783958912101,2.550551
S858,False,True,-1.2228934221191137,7.081868012746174,0.9991058992165781,2.738994598388672,3.078354239463806,True,-1.2228934221191137,1.253705255930268,0.09871852010526781,0.0937912672730481,-0.033533358012064945,3.898169
S304,False,True,-1.2242814672424227,5.07189335177342,0.9996302313793753,3.4721055030822754,3.224292755126953,True,-1.2242814672424227,1.9743461898279846,0.09168705147790308,0.20984585004861633,-0.017124983011652523,2.5346553
S109,False,True,-1.2247058589442117,5.948946624994277,0.9990380387528729,2.3449084758758545,3.146423816680908,True,-1.2247058589442117,1.7613791161511203,0.11046523299037964,0.15080329069268972,-0.015427530764450048,2.9759088
S579,False,True,-1.2260761875396566,4.959926683455706,0.999704176130179,2.5312089920043945,1.6797291338443756,True,-1.2260761875396566,2.1762825369110446,0.09113291092586179,0.24032693818730883,-0.011873332446477236,1.398694
S95,False,True,-1.226090214919019,5.07826940715313,0.9997542502432392,3.6067605018615723,1.9920832514762878,True,-1.226090214919019,1.810510459609802,0.07802879236133188,0.1960999677897778,-0.016305058423568535,2.2077465
S84,False,True,-1.2271915462763707,5.143675831456979,0.9995416102700251,3.036567449569702,3.51572322845459,True,-1.2271915462763707,2.0832478386417033,0.09682395919574335,0.2208590540579839,-0.0161233202317854,2.8461795
S811,False,True,-1.2275240687267515,8.083586970965067,0.999764049370854,4.191906929016113,4.9772385358810425,True,-1.2275240687267515,1.3276044227695276,0.0519844392597518,0.1641246065726389,-0.04118942704330856,4.7698913
S62,False,True,-1.2277419576874735,4.758829350272814,0.9996024950117409,1.3519796133041382,2.750673830509186,True,-1.2277419576874735,2.0099493244257642,0.10096481723199982,0.19540791342468097,-0.008066036436673023,2.3024385
S716,False,True,-1.2281495181580722,7.012162605921427,0.9997425291020092,3.78009295463562,3.9550347328186035,True,-1.2281495181580722,1.5575555092594227,0.0900639806713298,0.15852807433763144,-0.03405526448135874,4.40875
S901,False,True,-1.2291892111105331,5.551897436380386,0.9995444196329185,2.6241135597229004,2.7927359342575073,True,-1.2291892111105331,2.1208774206051397,0.1458784318310269,0.1843321983371342,-0.026783178934633275,2.9901738
S920,False,True,-1.2293069529881804,3.248291251870493,0.9999327356140709,0.577468991279602,1.768823266029358,True,-1.2293069529881804,2.1341901072839096,0.13780725293859208,0.16740917819144094,0.0027431897107991175,1.1370363
S190,False,True,-1.2304126876938015,5.941775341828663,0.9999023582226155,2.692998170852661,3.9113101959228516,True,-1.2304126876938015,1.1710153587393508,0.06957509223271856,0.09843085129961307,-0.013772177859419083,3.6934345
S21,False,True,-1.2306987105948284,3.8674755102644363,0.9991617651312356,1.2533445358276367,1.4101071953773499,True,-1.2306987105948284,1.5941460478264362,0.07926457074468173,0.14869817559214235,-0.006399375190137168,1.279408
S327,False,True,-1.2315398314359345,6.3727682034174595,0.9998730124320584,3.167248010635376,3.47970974445343,True,-1.2315398314359345,1.2541719184321718,0.06889590914803814,0.12951770119810696,-0.03065210914773665,3.291761
S581,False,True,-1.2319400043938735,5.594051989416281,0.9981625201745025,3.2708446979522705,1.8661389350891113,True,-1.2319400043938735,1.9386805865650378,0.1008520798911425,0.20113839399126954,-0.026488614477251538,1.8674446
S907,False,True,-1.2322289724613016,5.572000831365585,0.9995739107049968,2.29211163520813,3.3475000858306885,True,-1.2322289724613016,1.8906120559435646,0.09760373555970969,0.1857984137186982,-0.014402727507792546,2.6202738
S434,False,True,-1.2326661451656011,5.6903287544846535,0.9991232139665575,2.1904237270355225,2.7071608304977417,True,-1.2326661451656011,1.9938019279361023,0.09601213201295737,0.21149121829976134,-0.01945801516759922,2.3174367
S177,False,True,-1.2338238055896196,4.484265247980754,0.9994020371910374,3.33670711517334,1.827983319759369,True,-1.2338238055896196,2.019954300888952,0.06862016693906667,0.2463434382736954,-0.02185026930470775,1.712554
S838,False,True,-1.2341033631463247,4.721894452969233,0.9993509655241759,1.4767264127731323,1.7582469582557678,True,-1.2341033631463247,1.975911460957691,0.10400544532158915,0.19364436248247102,-0.013291138684366792,1.4368559
S328,False,True,-1.2364393206198234,6.808950136105219,0.999903554213138,2.332688331604004,3.7985085248947144,True,-1.2364393206198234,1.4195531971992663,0.07229203553047207,0.14641999209818482,-0.027905935950049806,4.022468
S501,False,True,-1.2367511319449573,4.521570262809594,0.9995842296058639,1.8831232786178589,1.5441541373729706,True,-1.2367511319449573,1.919483631749397,0.0809343610386011,0.2100293282337248,-0.01626286452149729,1.3214884
S414,False,True,-1.2368249419161292,5.033720999956131,0.9997879308825829,2.468543529510498,3.5944570302963257,True,-1.2368249419161292,1.8306691122894982,0.09440055984853339,0.1748409202725317,-0.0116537490734032,2.9419086
S550,False,True,-1.2372364929525665,6.680415332317352,0.9988625343037112,3.394665002822876,4.048349857330322,True,-1.2372364929525665,1.902886374649214,0.0849266002910696,0.20995711782765655,-0.022887629056740987,3.7863116
S102,False,True,-1.237276754157566,3.839619691173235,0.9994892450946312,1.5950325727462769,1.9238805174827576,True,-1.237276754157566,1.9237127485228305,0.0904394657777481,0.1940229700271108,-0.009242594013766432,1.5946909
S772,False,True,-1.2379675419573166,5.096057218809922,0.9998198860867235,3.2794840335845947,2.5904290676116943,True,-1.2379675419573166,1.6151117215149358,0.04851451916298984,0.19605729516333972,-0.019262247802266586,2.5386057
S403,False,True,-1.2381120115337014,5.357175009325147,0.9987256780188335,2.7839982509613037,2.1024937629699707,True,-1.2381120115337014,2.2082691536637826,0.12756203011907366,0.2247646278228665,-0.03219875031453569,1.8989513
S864,False,True,-1.238261067252761,6.263033012549082,0.9997519809312869,1.903822898864746,2.634380877017975,True,-1.238261067252761,1.7126994765177945,0.11488619026359771,0.13963765178475798,-0.01760671456966493,2.884251
S792,False,True,-1.2386332733534353,4.360788365205129,0.9995032443242406,1.7537726163864136,2.1717397570610046,True,-1.2386332733534353,2.011711647232388,0.09833021471797708,0.1971612601814319,-0.006625101848598059,1.9470918
S703,False,True,-1.2386916820018925,3.661173010244965,0.9990819343124405,1.1832406520843506,1.7817086577415466,True,-1.2386916820018925,1.7049294860389925,0.08476657891835819,0.1606224484698248,-0.00508761076179131,1.4122175
S60,False,True,-1.2387875235854457,4.995833386977513,0.9985885062882489,2.0145084857940674,2.613024652004242,True,-1.2387875235854457,1.6645631841309425,0.07827577170494852,0.16605571201275807,-0.011701215939426685,2.2943356
S17,False,True,-1.2389511574894239,3.643426575697958,0.9990955274439942,1.9138447046279907,1.3015546351671219,True,-1.2389511574894239,2.2107919186233804,0.098883445068158,0.2344995527876932,-0.01226457214831695,0.9928957
S876,False,True,-1.2394485284188508,3.4055749972661333,0.9998824574503231,1.4428064823150635,1.915675699710846,True,-1.2394485284188508,2.1554159443323466,0.10951207564735077,0.1985666105259333,0.0024690365588790654,1.1913702
S59,False,True,-1.239862952659136,4.060054694612821,0.9995318583646734,1.4008989334106445,2.129891872406006,True,-1.239862952659136,2.2114738006816115,0.08897459511723914,0.23066325923338918,0.0026519141368239354,1.7346408
S786,False,True,-1.2406738126633914,5.6184958914915715,0.9988547732334027,2.195154905319214,3.017269790172577,True,-1.2406738126633914,1.9378932425064288,0.10139881615899639,0.18741481692339004,-0.012322533711261581,2.5364614
S690,False,True,-1.2424070356211745,4.482154443860054,0.9995122783400996,1.803599238395691,2.8056923151016235,True,-1.2424070356211745,1.9024734461401733,0.10468996351675317,0.1710654769020934,-0.004893978469777369,2.5788033
S203,False,True,-1.2429310884992832,5.305201339224974,0.9994377907307778,3.074517250061035,2.228514790534973,True,-1.2429310884992832,1.9036890502968074,0.09795302723033675,0.20078836960434376,-0.026487335548189463,1.8387973
S404,False,True,-1.2431290973034204,3.969038437431057,0.9996071718530405,3.4402294158935547,1.4014331996440887,True,-1.2431290973034204,2.1759657710828435,0.10317258479603639,0.23108705349477274,-0.018093549571723447,0.98995
S719,False,True,-1.243847956567654,4.5031593541304265,0.9997703421849149,1.7637088298797607,2.7891175746917725,True,-1.243847956567654,1.9565871620939204,0.08302124844788052,0.2055430336774208,-0.005866005971231683,2.389432
S505,False,True,-1.2438544043139546,4.855247858601311,0.9998132993522574,1.7432602643966675,1.5352510511875153,True,-1.2438544043139546,1.6331503152238287,0.06740612089676754,0.1748529043734067,-0.01646771353380599,1.2874568
S317,False,True,-1.2460372943871316,4.973115772008896,0.9996453020993638,2.0871522426605225,3.1148617267608643,True,-1.2460372943871316,1.915697673725981,0.08362935446435302,0.21058886803334068,-0.017574669020809258,2.5449417
S316,False,True,-1.2461019569909029,4.665527178595463,0.9999051136578049,1.5438841581344604,2.0524368286132812,True,-1.2461019569909029,1.6106170541565588,0.07479287754166354,0.1687133356910834,-0.020794136235321694,1.5353147
S148,False,True,-1.2470050742947545,6.190042813618978,0.9995936848881104,2.8954715728759766,2.929292619228363,True,-1.2470050742947545,1.793420196459248,0.09025587680991261,0.18703885685132926,-0.023117050664924848,2.9228082
S205,False,True,-1.2478244790571527,4.153267197621365,0.9997858286161936,1.7296653985977173,1.3551510125398636,True,-1.2478244790571527,1.912857996854968,0.06878957172661986,0.2148147650804005,-0.010211963003784647,0.9640969
S39,False,True,-1.2482662040535053,3.636919825027386,0.9980240189871274,2.147759199142456,1.5937273502349854,True,-1.2482662040535053,2.030722108593662,0.1027890201911069,0.19245990724211032,-0.0020995584879797296,1.3013337
S134,False,True,-1.248346326302123,3.3895928959051767,0.9996827499471144,2.3553264141082764,1.684523582458496,True,-1.248346326302123,2.3076379974091736,0.09736765217106488,0.24050435418460184,0.0007478490836446376,1.3331373
S736,False,True,-1.2494187637057732,3.5058332582314806,0.9998369385280848,2.4996674060821533,0.8914522975683212,True,-1.2494187637057732,1.947887269860144,0.08928657036829504,0.19277361838089743,-0.0019001421832556833,0.7328595
S364,False,True,-1.2499218908531355,5.010111187274257,0.9989115767030353,3.350799560546875,1.772044450044632,True,-1.2499218908531355,2.181928508614933,0.08810057610937769,0.2626349082020856,-0.03136487984613025,1.4022498
S170,False,True,-1.250488806081402,6.227187246084213,0.9993261654985551,2.668334484100342,3.2082921266555786,True,-1.250488806081402,1.735202881756266,0.10204923402978289,0.1538829760346137,-0.012827891476575485,3.4343102
S363,False,True,-1.2507693878716204,6.203899333874384,0.9996227083579086,3.420534372329712,3.090570092201233,True,-1.2507693878716204,1.5437530136637834,0.05818493058832189,0.18828853117190575,-0.033337918089334805,3.1788096
S701,False,True,-1.252009182758242,4.987047512084246,0.9994976597534546,2.3606197834014893,2.9648501873016357,True,-1.252009182758242,1.9507068752936187,0.10034045797238504,0.19243122530106738,-0.013573411971180838,2.2864761
S340,False,True,-1.2523645705514923,4.062369793343048,0.9993340757730707,0.8608729839324951,1.507937729358673,True,-1.2523645705514923,2.1673278976278803,0.08539390096504182,0.23789951202279613,-0.008968446974897319,1.4866085
S945,False,True,-1.2534700308053244,3.070268911619981,0.9997035015895674,1.8578189611434937,1.530279129743576,True,-1.2534700308053244,2.13479553945967,0.10390566690950187,0.21020150747004043,-0.0022235322337685547,1.1799027
S674,False,True,-1.2541765454899734,4.447375408063332,0.9997434292159039,1.7452054023742676,1.156946212053299,True,-1.2541765454899734,2.244027082051634,0.10460022038472037,0.23449265563650326,-0.011581397181645949,1.1581136
S717,False,True,-1.254342890039806,6.120703702171644,0.9982518267126995,2.5890276432037354,3.3447941541671753,True,-1.254342890039806,1.7585422941537574,0.09170416084132443,0.17879104415176417,-0.022125285770069565,2.8942819
S558,False,True,-1.2546049059112185,4.977085667351881,0.9984725787444817,2.279996395111084,2.4847716093063354,True,-1.2546049059112185,2.2059692257469643,0.10017630868755933,0.2311010890180352,-0.01014514301511124,2.5185828
S580,False,True,-1.2556139586741124,5.260046236217022,0.999468688328337,2.2096734046936035,2.652370810508728,True,-1.2556139586741124,2.0598279823381254,0.09512085707033474,0.2251401569458502,-0.02296596105666637,2.2191398
S378,False,True,-1.256636982836959,4.675413196285565,0.9988418932875959,2.125345230102539,2.9349398612976074,True,-1.256636982836959,2.115794787960034,0.07876229259830328,0.24519010014338077,-0.014975210820083946,2.3145814
S271,False,True,-1.2578027967344405,4.677638279894987,0.9986300947540729,3.3277294635772705,0.8119008243083954,True,-1.2578027967344405,1.802102209708258,0.08526213190547406,0.20440270353672577,-0.034390139022464836,0.8461906
S582,False,True,-1.2579794245068092,5.040866439541181,0.9967516063556155,2.329071044921875,2.0641708970069885,True,-1.2579794245068092,1.8007721787379134,0.07524615253428643,0.19956907658751438,-0.021272416156303053,1.8019482
S751,False,True,-1.2591376134941117,4.650730061034361,0.9999051043898917,1.8204679489135742,2.6073878407478333,True,-1.2591376134941117,1.613651640167721,0.07570024756266126,0.162115641436832,-0.013218531063792838,2.1684313
S385,False,True,-1.2598684103693356,4.3486477335294085,0.9998667243613207,2.0630686283111572,2.906599283218384,True,-1.2598684103693356,2.1991335762606234,0.10399394494298139,0.2193253349533528,-0.0045046331413860444,2.4023604
S506,False,True,-1.2605405312228428,5.6891697595516835,0.9997510831528914,2.3436286449432373,2.206791937351227,True,-1.2605405312228428,1.9498413594649249,0.08621788474238992,0.20833280572280066,-0.014781017804733608,2.0590665
S89,False,True,-1.260831850709233,4.845746087531248,0.9997097812503376,1.6058751344680786,2.715114414691925,True,-1.260831850709233,1.8169985696541695,0.09295946500656627,0.1753854762058334,-0.012362559539518876,2.0650327
S910,False,True,-1.2618071026505588,5.393676397701104,0.9998280616525744,3.166768789291382,1.8218238949775696,True,-1.2618071026505588,1.8993091423859334,0.13506757549849896,0.16521494697840103,-0.03427509204209839,1.3437811
S421,False,True,-1.2621418219896978,3.7775921126206713,0.9998314497123705,2.4387550354003906,1.3553024232387543,True,-1.2621418219896978,2.001536626207527,0.1094934698817339,0.18814782698416066,-0.010255696139291708,1.0746944
S611,False,True,-1.2625501665935308,4.272682602206865,0.9994137710268325,1.4097564220428467,1.3119533061981201,True,-1.2625501665935308,2.0386657530783183,0.10649524580404314,0.20548408026279838,-0.018743446596829656,1.3194212
S896,False,True,-1.262741970617473,5.063475606342156,0.9989074227868453,2.614210605621338,2.919919490814209,True,-1.262741970617473,2.0835396633542014,0.0955929630693263,0.22098397327408553,-0.014343318296068957,2.5571656
S281,False,True,-1.262749966015742,5.2857630873719845,0.9998386079852225,2.2657923698425293,3.4615817070007324,True,-1.262749966015742,1.7896679073827173,0.10688893481106446,0.15025263699881822,-0.0059452908715739725,3.3308036
S368,False,True,-1.262871928744607,6.15511417388916,0.9986193442569992,2.8131039142608643,2.313510477542877,True,-1.262871928744607,2.012448706757229,0.09008373268383169,0.22438165646383607,-0.024997398277245408,1.9467405
S452,False,True,-1.2631460976185875,7.3270466923713675,0.9986908684690599,3.543027877807617,3.1456519961357117,True,-1.2631460976185875,2.055947401545347,0.09449299244288424,0.23511631827782642,-0.0345675994433775,3.4574227
S682,False,True,-1.263784784148023,5.493688633044561,0.9996245240851992,2.224390983581543,2.8900938630104065,True,-1.263784784148023,1.8110764217080848,0.07363823518999348,0.20004701029524402,-0.015446502821400428,2.451102
S853,False,True,-1.2643420609488834,4.833663160602251,0.9990201284695451,1.8717613220214844,2.9062083959579468,True,-1.2643420609488834,1.8231330761262223,0.10356305447554434,0.17387355118669973,-0.018515679720588544,2.6327615
S31,False,True,-1.265367391998941,5.517587624490261,0.9996089865265501,1.939413070678711,3.4821029901504517,True,-1.265367391998941,1.5403763166381628,0.08240514438924813,0.1510372327814697,-0.020902927694624648,2.6797602
S387,False,True,-1.2654940466747462,7.681632677714029,0.9989479376091127,3.4267778396606445,4.797118544578552,True,-1.2654940466747462,1.3198158800927107,0.09998001707448156,0.11583359557915085,-0.04537382271623444,5.1692734
S677,False,True,-1.2662637254564129,4.550758867214123,0.9999381289236874,1.7115983963012695,1.9329623579978943,True,-1.2662637254564129,1.433133324074711,0.06009454669369005,0.1515191980312459,-0.014913693306315324,1.7227032
S445,False,True,-1.2672091513882353,4.497531502197186,0.999284899080681,1.726907730102539,2.0843332409858704,True,-1.2672091513882353,1.9695799906424174,0.09886229688694725,0.18642524923444584,-0.0031404014390579976,1.6509478
S440,False,True,-1.2691817840029742,6.895469536383946,0.9989016004394137,3.6485002040863037,2.6500496864318848,True,-1.2691817840029742,1.9624896190927008,0.11935877864713343,0.20068889466001222,-0.04301396642105434,2.8918493
S185,False,True,-1.2693530378765896,3.912964805960655,0.9993714108610825,2.2529103755950928,1.8496838808059692,True,-1.2693530378765896,2.0046688105432837,0.09254830548831001,0.205318799158697,-0.006753315517769127,1.496456
S41,False,True,-1.2706170365526461,5.997378185391425,0.9985913802165279,2.712442398071289,2.547620117664337,True,-1.2706170365526461,1.6551484073929097,0.11362605989706206,0.1332638257417929,-0.01899711733692257,2.3611763
S292,False,True,-1.2722214739627984,5.295349118610223,0.9986703701781061,1.8105452060699463,2.1522863507270813,True,-1.2722214739627984,2.023504164338311,0.08268660506592426,0.2283780001206586,-0.020042554303972213,1.9362395
S924,False,True,-1.2723431720985021,3.278842270374298,0.9999235419273865,1.7495900392532349,1.0581955760717392,True,-1.2723431720985021,1.8085620390530237,0.10231847273713293,0.1519816011660252,0.0023630098025097784,0.83483535
S513,False,True,-1.272488494532839,4.27189826592803,0.9997503854666581,1.520462989807129,0.9428319036960602,True,-1.272488494532839,1.5404897294523308,0.08369111723819336,0.13905284902099335,-0.012999055960295214,0.7565133
S645,False,True,-1.2735451097100454,4.889615510900815,0.9989181634328668,2.016310691833496,3.3306167125701904,True,-1.2735451097100454,2.0782551109916674,0.09209934803659593,0.22170650008568,-0.012042485836908562,2.443666
S653,False,True,-1.2736822518120017,6.063958749175072,0.9988985148682246,2.8818166255950928,2.3683416843414307,True,-1.2736822518120017,1.850848083042087,0.08929331453045189,0.20687957001712812,-0.03383461246627797,2.0766704
S168,False,True,-1.2778572078457535,5.347307840983072,0.9989719476211831,2.232072591781616,2.085586726665497,True,-1.2778572078457535,1.7139711931752668,0.08758288127941997,0.1776557103780092,-0.025316251483723934,1.8412969
S668,False,True,-1.2779383753813582,4.408982537065943,0.9968901381547106,1.655886173248291,1.7167724967002869,True,-1.2779383753813582,1.9907096380421183,0.07417202938779321,0.2247545775784268,-0.0120267977300152,1.3588076
S269,False,True,-1.2804167193747007,4.992820266013344,0.9984333336818239,2.715162992477417,1.7847695052623749,True,-1.2804167193747007,2.2062393721475524,0.07927682375945483,0.2777367966997394,-0.03511289367186116,1.7096813
S459,False,True,-1.2805741827271895,6.0260140995184575,0.999235149786594,3.1707096099853516,2.965023994445801,True,-1.2805741827271895,1.9459870405057413,0.10622946938382119,0.18980255610101301,-0.017888411675391788,2.5981429
S283,False,True,-1.2809467123082383,4.50078813638538,0.9985981600736813,1.0277094841003418,2.5482430458068848,True,-1.2809467123082383,1.9003853509999182,0.09284063844591742,0.18505304973881526,-0.006350650160925445,1.8263047
S755,False,True,-1.2811849558046562,5.13277297715346,0.999620119317866,2.917008876800537,2.050418794155121,True,-1.2811849558046562,2.1150672421794163,0.08326236934851883,0.2487328925676733,-0.023210175620894884,1.7579826
S816,False,True,-1.2813792162265862,5.560947130123774,0.9995093207180434,2.60672926902771,1.6853829324245453,True,-1.2813792162265862,1.6512014132138642,0.05671169192659929,0.19883098374155292,-0.023143687601394538,1.5385915
S522,False,True,-1.2814518724238146,4.520419001579285,0.997684542065997,1.8189904689788818,0.6292994469404221,True,-1.2814518724238146,2.223277110790622,0.10995628860968346,0.22727709824745482,-0.015023535993226762,0.63839453
S481,False,True,-1.2819280842676317,6.603687110046545,0.9998092247862295,3.0541467666625977,2.51510089635849,True,-1.2819280842676317,2.227442660587641,0.11103821616675666,0.23756033838785906,-0.026586482635654725,2.3311937
S98,False,True,-1.2824212970109046,5.2046753987669945,0.9992354513102532,2.5361850261688232,2.1540367007255554,True,-1.2824212970109046,1.8187894994786824,0.08967850591632814,0.18996870071556682,-0.021240978958655277,1.7932255
S865,False,True,-1.2828013848872855,4.3327612678209935,0.9984553885972153,1.7495828866958618,2.129106432199478,True,-1.2828013848872855,1.659909818294619,0.08236554947700099,0.15376829668044267,-0.002588562758339605,1.6736037
S272,False,True,-1.283009865436069,4.614439765612284,0.9998386983689884,3.54933500289917,0.7391623519361019,True,-1.283009865436069,1.8951785184685968,0.11643175306162172,0.1799909555164994,-0.027280875693318735,0.6545245
S286,False,True,-1.2844478506350738,6.916966219743093,0.9981542486502657,3.172140598297119,3.0783989429473877,True,-1.2844478506350738,1.862778461408803,0.12043241629672631,0.17991369040890196,-0.03628462045647422,3.0836945
S490,False,True,-1.2848557840761108,4.512875000635782,0.9990219987188017,1.8007210493087769,0.8437440097332001,True,-1.2848557840761108,2.370810556917274,0.10600806104327036,0.24841098313154344,-0.004781039013260703,0.5782199
S695,False,True,-1.285232322173475,4.0518069465955096,0.9996800645581699,2.7010679244995117,1.8168470859527588,True,-1.285232322173475,2.0558356523590655,0.08933158270788223,0.21799660079849761,-0.00787784610680495,1.5339217
S764,False,True,-1.2853385695560235,4.844080165028572,0.9997136039045438,1.2610231637954712,2.0160381197929382,True,-1.2853385695560235,1.8671204170900857,0.11725986273565657,0.16152398541062932,-0.01454861387347679,1.6978537
S199,False,True,-1.285544638768982,5.102034606039524,0.9996343189051655,1.962448000907898,2.801586091518402,True,-1.285544638768982,1.7659020446969917,0.07239618370971126,0.191342796097366,-0.011370838584381532,2.2715588
S933,False,True,-1.2858733781774914,5.136976959804694,0.9998826879403684,2.4262938499450684,2.643520474433899,True,-1.2858733781774914,1.6999067644776291,0.09239513007416385,0.15984460793730337,-0.01429566038778744,2.326291
S301,False,True,-1.2864996651971743,5.381587043404579,0.9996530134357057,2.0693392753601074,1.5289582014083862,True,-1.2864996651971743,2.2094205266882625,0.11385398804265114,0.2264154275313424,-0.020120406151445624,1.5510728
S182,False,True,-1.287239419315466,4.94575184956193,0.9980018761609729,2.091460704803467,2.338854491710663,True,-1.287239419315466,2.1861546671480236,0.1055093012421956,0.22938643444400472,-0.017658921393078893,1.9225022
S343,False,True,-1.2874800453601085,7.175356666247049,0.9994154978962937,3.7479639053344727,3.9574942588806152,True,-1.2874800453601085,1.6205655109732902,0.10217717951990583,0.1573119901007943,-0.038669223127656416,4.1082144
S136,False,True,-1.2878237099188241,4.59631632392605,0.9995470982177237,2.134280204772949,1.132631927728653,True,-1.2878237099188241,1.9764555546161722,0.13820513726182412,0.17335775111256957,-0.03546660338525158,1.7389963
S215,False,True,-1.2883768143263628,3.4919409888486066,0.9998515840809821,2.042607069015503,2.3139232397079468,True,-1.2883768143263628,1.9365980932874467,0.07962512086458412,0.2021098250678832,-0.004847190775501906,1.8398184
S932,False,True,-1.288730571165633,5.370939321815968,0.9984952592957627,2.478062868118286,2.93546986579895,True,-1.288730571165633,1.7784291213373433,0.09321864358919464,0.1748084352889505,-0.019056408799175816,2.6388116
S878,False,True,-1.2887533676050456,5.052262601753075,0.9999526606535128,2.5406768321990967,2.750699281692505,True,-1.2887533676050456,1.614012210270174,0.07993236054097064,0.14422572963643318,-0.0022881674579564595,2.1483173
S598,False,True,-1.289670974801767,6.8413871328035984,0.9998270588435214,2.646019458770752,4.433411598205566,True,-1.289670974801767,1.6820540116022664,0.09655986123621184,0.15927945109497513,-0.020982677705413826,4.2120466
S930,False,True,-1.2905821296617723,3.331165435413519,0.9998423935516286,1.2105847597122192,2.6533228754997253,True,-1.2905821296617723,2.003765445968122,0.1201179340133577,0.15646928023833173,0.006130804537659135,2.303932
S207,False,True,-1.2909706143373108,4.14407554268837,0.9992072451196191,1.7896342277526855,0.8829068839550018,True,-1.2909706143373108,2.251278333922199,0.08388202144660918,0.2640103997932478,-0.01826619487604852,0.8065139
S133,False,True,-1.29136956952215,4.94903714209795,0.9998659977735272,2.9593849182128906,2.840988337993622,True,-1.29136956952215,2.2516513471427912,0.08759528262595213,0.24675224250314187,-0.004572393879687558,2.4126568
S362,False,True,-1.292435961053087,4.705557011067867,0.9983640888761453,1.7942231893539429,2.6685967445373535,True,-1.292435961053087,2.1210223250253493,0.07358674845263313,0.24862436390565373,-0.014006580578859465,1.9240481
S22,False,True,-1.2925035466381112,4.100545493264993,0.9997451084062768,1.9509811401367188,1.7901372909545898,True,-1.2925035466381112,2.1905408165032783,0.09514635117348436,0.22643487034089688,-0.0011302889201253179,1.3442361
S145,False,True,-1.292520358171762,5.994898974895477,0.9998071778222606,3.112278461456299,2.8288636803627014,True,-1.292520358171762,1.7051996450194435,0.10017207408947361,0.1676336045985314,-0.030665078215963124,2.7466843
S314,False,True,-1.2930437208050434,5.597912547489007,0.9978963806132483,2.2760872840881348,3.6221038103103638,True,-1.2930437208050434,1.8689982974854973,0.10214382080094994,0.18437348367578282,-0.021954732859237675,3.4680467
S541,False,True,-1.2939640410513862,5.080804814894994,0.9989689989921068,2.311300754547119,2.260196626186371,True,-1.2939640410513862,1.783764924321674,0.06728530832019856,0.21342185328675162,-0.024374624294263684,1.9083052
S28,False,True,-1.2940297643646415,3.935155093669891,0.9989957153819338,1.6247594356536865,1.6371538043022156,True,-1.2940297643646415,2.17719326890809,0.1020415127362876,0.22111467424381193,-0.007096760382194359,1.4850856
S193,False,True,-1.2944264426243053,5.652143855889639,0.9997753788347105,2.7126262187957764,2.43525493144989,True,-1.2944264426243053,1.6102364042736348,0.06474508627530641,0.16828891487049874,-0.008170299331429752,2.4416573
S745,False,True,-1.2953311833329169,8.456855098406473,0.9987616161760704,4.767970085144043,5.736804246902466,True,-1.2953311833329169,1.1708316455769336,0.08430026717941892,0.09584442855377082,-0.03553140778742329,5.6341286
S307,False,True,-1.2954381988510046,3.482360874613126,0.9999118361399209,1.019760251045227,1.2375307083129883,True,-1.2954381988510046,1.6671737641362763,0.08377428665616851,0.1545799657984717,-0.005695528020335892,0.8903252
S174,False,True,-1.295468035555806,5.019449468702078,0.9994381489561037,2.354393720626831,1.5239445865154266,True,-1.295468035555806,1.7572373771729561,0.09051425448680643,0.18299449483769747,-0.025492526707581998,1.3373936
S614,False,True,-1.2955334421059734,6.758069554964701,0.999451545326721,3.7653791904449463,2.9483290910720825,True,-1.2955334421059734,1.6290596012781087,0.07236231221006482,0.18078430798451003,-0.02807248174640238,3.0707707
S729,False,True,-1.2956033565123182,4.291335046291351,0.9995258995910258,2.344766139984131,1.9368848204612732,True,-1.2956033565123182,1.9007350878865596,0.08547564072198913,0.19748423753523045,-0.010103045395248573,1.5428101
S597,False,True,-1.2957586120698283,6.891979515552521,0.9998391826261102,3.2502782344818115,4.093795537948608,True,-1.2957586120698283,1.8916057623638882,0.10791187128873608,0.1859129170785073,-0.026588097100100943,4.145302
S399,False,True,-1.2976979497537104,4.165735008195043,0.9983547300730943,1.4862769842147827,1.4316770136356354,True,-1.2976979497537104,2.0026302899340553,0.0980826270923116,0.2083993006922248,-0.01796633758008256,1.2404646
S137,False,True,-1.2977928408459516,4.597245539228121,0.9995642268626663,2.730297565460205,1.6610409617424011,True,-1.2977928408459516,2.0726289208011277,0.10186874752854193,0.22154355947132734,-0.022129976485396236,1.3958791
S951,False,True,-1.297861627666989,4.735042355954647,0.9996476674915648,2.010972261428833,1.6741583049297333,True,-1.297861627666989,2.0475799953082454,0.1266586074261217,0.17533059404170284,-0.009655173700367153,1.5894221
S372,False,True,-1.2986122283525734,5.9070487817128505,0.9990042357085221,2.928361177444458,3.0585702657699585,True,-1.2986122283525734,1.8971532681722247,0.08407182480406145,0.21497376765706516,-0.027996123069299782,2.6439025
S339,False,True,-1.2986166509311536,4.021647596731782,0.9996110346197907,2.8394851684570312,2.606897711753845,True,-1.2986166509311536,1.9905746660088592,0.08326589487403853,0.2177188632723395,-0.012257702585500713,2.3914871
S875,False,True,-1.2991205372770858,4.709785481293996,0.9998605381347134,1.6644197702407837,1.9524429142475128,True,-1.2991205372770858,1.795204947313905,0.08623247794485847,0.17530750653578256,-0.007683848208456676,1.9257202
S153,False,True,-1.3006586781451706,4.4859571394821005,0.999066586100115,1.5799378156661987,2.676736831665039,True,-1.3006586781451706,2.2278994502989504,0.08788487716416679,0.24957797725717804,-0.012025531803000578,2.074257
S233,False,True,-1.3029468535305295,4.005230927218993,0.9996346217426685,2.351022958755493,1.8069895505905151,True,-1.3029468535305295,2.042238664557815,0.11488034242976349,0.17693993583611214,0.002934396897831501,1.4728341
S125,False,True,-1.3040357424190392,4.932692003746827,0.9994125101080521,2.09761643409729,2.6851239800453186,True,-1.3040357424190392,1.905369841557857,0.07363897233408252,0.22230797992000323,-0.02047515543205961,2.2935777
S663,False,True,-1.3040375437449991,4.865780286490917,0.9993964968707135,2.735424757003784,2.5585831999778748,True,-1.3040375437449991,1.9459192264564704,0.07235319131417832,0.21865568476024091,-0.011518906524157787,1.9505284
S842,False,True,-1.3043105620540194,7.769444247086842,0.9996505048327854,3.5951082706451416,3.8570135831832886,True,-1.3043105620540194,1.9010054570650612,0.13602072809812224,0.17605745280874568,-0.04310474720048263,4.544385
S251,False,True,-1.3044717340428333,6.499023626248041,0.9998049192818514,2.8355801105499268,2.4246662259101868,True,-1.3044717340428333,1.9218603681668325,0.1204133875354428,0.18733923091036145,-0.03640046549039349,2.7140832
S361,False,True,-1.3046581507172006,5.764525591085354,0.9985013696173483,3.0579986572265625,1.7782437801361084,True,-1.3046581507172006,1.7587996489548214,0.061204285202126237,0.21079524818746317,-0.023875224813099286,1.8385414
S242,False,True,-1.3047971543589731,4.333444103598595,0.9923072981769144,1.5138885974884033,0.8701459765434265,True,-1.3047971543589731,2.088649775894607,0.0971711777372573,0.22112491987548902,-0.014334216248598102,0.8767126
S763,False,True,-1.3052528508794636,4.873748486240705,0.9997485209591149,1.9721258878707886,2.1297982931137085,True,-1.3052528508794636,2.0997706613579896,0.11843808072608161,0.18971082198709682,-0.005564401197779302,2.0022998
S633,False,True,-1.3052600091981734,6.018253351251284,0.9992462324631335,3.0160112380981445,2.9476064443588257,True,-1.3052600091981734,1.8603312199801179,0.09372037805117846,0.19971563164013267,-0.02952452654540629,2.6040702
S447,False,True,-1.3054279606493453,4.72575177748998,0.9995673182882576,2.098163366317749,3.0715208053588867,True,-1.3054279606493453,1.7863077272587784,0.0829408599934571,0.1791244596189853,-0.008660337047389733,2.4756253
S603,False,True,-1.3056005564923996,8.475157697995503,0.9992011615839382,5.116780757904053,5.426953315734863,True,-1.3056005564923996,1.1154042838322245,0.084228243966272,0.10824426657332417,-0.05204198414111087,5.9017115
S503,False,True,-1.306056090129298,2.7036114161213236,0.9996984178348068,0.7592331171035767,0.871998617425561,True,-1.306056090129298,1.9808905970998203,0.12164177896229149,0.15424244784528068,0.008841820305093296,0.4766131
S494,False,True,-1.3061762753947748,4.782401065031687,0.9993722866777761,2.2892274856567383,3.1133428812026978,True,-1.3061762753947748,2.088401241258003,0.08013399071015796,0.23615593875526047,-0.01240405432887295,2.431927
S895,False,True,-1.306410858488944,2.713860454658667,0.9981716234504888,0.563460648059845,2.251585513353348,True,-1.306410858488944,2.444687978420105,0.14252300085678105,0.2201802989103206,-0.004817542401741443,1.2275763
S428,False,True,-1.306659938051327,3.537822362035513,0.9980155104648938,1.0357725620269775,1.1195955276489258,True,-1.306659938051327,2.045778626077487,0.08983684471049355,0.21085156086704582,-0.0039730975538768065,1.018449
S142,False,True,-1.3072755969170218,6.201197296380997,0.9989141345520511,2.6580002307891846,1.691350132226944,True,-1.3072755969170218,2.033088940104163,0.10725195105577749,0.21278132630461857,-0.027396469355710502,2.113757
S621,False,True,-1.307803815830706,5.776634802420935,0.9959066932055828,3.1114864349365234,2.445086359977722,True,-1.307803815830706,1.830950546811081,0.10394107196818432,0.18574910850164417,-0.031656846004203806,2.5449364
S652,False,True,-1.3078448056658751,4.843619020034869,0.9996133431499685,1.9249074459075928,2.4328420162200928,True,-1.3078448056658751,1.7941680916123646,0.0678714323632159,0.1962664459306253,-0.00918943995149852,2.228717
S872,False,True,-1.3079237105436874,4.434669833630323,0.9999086605944913,1.5817489624023438,1.3296399414539337,True,-1.3079237105436874,1.5223856011902397,0.06938395751239633,0.15891342857593313,-0.01845186576673101,1.2530308
S474,False,True,-1.3080574548854518,3.4640574902296066,0.9995440692770586,2.1624696254730225,1.7021712064743042,True,-1.3080574548854518,1.8669129087247085,0.08047235410340534,0.19791267717580543,-0.0114128768096635,1.4247912
S892,False,True,-1.3091061000304742,4.836808582146962,0.9982707596362892,2.3566501140594482,1.9851092994213104,True,-1.3091061000304742,2.342977334096744,0.12288596476340391,0.2342568017959369,-0.017234553666813767,2.1811407
S765,False,True,-1.309446966778553,3.680483763416608,0.9995870820007022,2.703047752380371,1.6131895780563354,True,-1.309446966778553,2.3569447625627133,0.11313843015572164,0.24089417492297108,-0.006721830149513864,1.3717333
S332,False,True,-1.3101098151128927,8.119020342826843,0.999973862408259,4.984286785125732,4.077467679977417,True,-1.3101098151128927,1.2491310295154838,0.09279587483353306,0.1263548399348017,-0.05859649598499381,4.6020427
S680,False,True,-1.3117831363107963,4.350696735084057,0.9941726658625819,1.2632559537887573,1.4179395735263824,True,-1.3117831363107963,2.3532124499606057,0.12913601715292863,0.241914587806213,-0.025619735538305703,1.133996
S573,False,True,-1.3127240757894456,3.2908332819739976,0.9998488058410624,2.1965270042419434,0.6871501356363297,True,-1.3127240757894456,1.5922725458881126,0.09084282842431808,0.12518185339132498,0.0028907438561169793,0.6593927
S818,False,True,-1.3128306548970492,4.656293609489997,0.9995209489129991,2.201181173324585,1.8422907888889313,True,-1.3128306548970492,2.018040751759959,0.11942624468519752,0.18141253665575943,-0.01110665751383249,1.4349551
S917,False,True,-1.3135272272025365,3.681811723237236,0.9997368046676672,4.36948299407959,2.0489383339881897,True,-1.3135272272025365,2.119615626020834,0.09934177619427363,0.2140321425388935,-0.003650320935632368,1.5138882
S740,False,True,-1.314411622518919,4.547420531511307,0.9989182246799879,1.7716984748840332,2.120424270629883,True,-1.314411622518919,2.0921745176055295,0.11444299863534778,0.19854718445580807,-0.009367725789582663,1.5423386
S655,False,True,-1.3144708384094104,3.9789537638425827,0.9996383811837797,1.9827263355255127,1.2266259789466858,True,-1.3144708384094104,2.3616459068511158,0.10777435350141167,0.24590097600326039,-0.0048725583313594025,1.0134223
S410,False,True,-1.3148600460553161,3.387180705865224,0.9997399791322907,1.8316726684570312,1.7703918516635895,True,-1.3148600460553161,1.9864296551709113,0.09263012364147305,0.19590084512281708,-0.0046258634422676045,1.3297093
S630,False,True,-1.315381620866889,5.1769960547486935,0.9987154861922126,1.8577619791030884,1.2959025651216507,True,-1.315381620866889,1.8774510133091258,0.08489639787399728,0.20404195581066514,-0.021313561435719563,1.4335278
S721,False,True,-1.3169016388938044,3.866275069614251,0.999644563186363,1.9143558740615845,1.5829878449440002,True,-1.3169016388938044,1.6612094134551305,0.08112995385782236,0.15885663991812402,-0.005770748459973805,1.1968558
S253,False,True,-1.3169688380630733,4.250625227888425,0.9993063003464401,1.4851123094558716,1.592429667711258,True,-1.3169688380630733,2.1282086570430794,0.08721443916736936,0.24600317708325709,-0.02499120829516946,1.2976754
S453,False,True,-1.3181672399145603,3.830339138706525,0.9997636672726834,2.0137805938720703,1.9671267867088318,True,-1.3181672399145603,2.065129297630915,0.07884076782514104,0.22609444112011762,-0.00650993775218037,1.8141668
S390,False,True,-1.3191769515528289,3.2567537426948547,0.9948223641132675,0.4855818450450897,1.0531770884990692,True,-1.3191769515528289,1.9304115430804165,0.08647647243087862,0.18944344940925598,0.00103008927944664,0.7775973
S312,False,True,-1.3193302665634947,4.749059896916151,0.9997234708650933,2.609656810760498,1.3778235018253326,True,-1.3193302665634947,2.1364108289676182,0.10472788311396199,0.21959434345802295,-0.017168542309163818,1.4448833
S728,False,True,-1.3193465670509368,4.530677129824956,0.9998363624899044,2.2129337787628174,1.8057188242673874,True,-1.3193465670509368,1.7556341751255495,0.10559703591699815,0.15087065270953207,-0.009014169068538243,1.2805394
S189,False,True,-1.3195948927846333,6.705917418003081,0.9995778049934018,3.4523000717163086,2.8919838070869446,True,-1.3195948927846333,1.63484385122338,0.0973605850074151,0.16276304751260848,-0.03540741842308618,2.9643352
S496,False,True,-1.3206456818518866,4.559910256105164,0.9980771310232812,1.3703718185424805,2.036025106906891,True,-1.3206456818518866,2.33077229398914,0.10933591543602253,0.24043960277465345,-0.008349632756379406,1.715267
S129,False,True,-1.3208579959676796,5.258739074071248,0.9959843862871546,2.264261484146118,1.5148613154888153,True,-1.3208579959676796,2.3679023854724717,0.1377914468325246,0.23772385033712387,-0.03007025025200641,1.6416533
S360,False,True,-1.3221157763459195,6.156619181235631,0.9994865324894796,2.637507915496826,2.685400128364563,True,-1.3221157763459195,1.6970804942190687,0.08915405818315073,0.17301282355969755,-0.02270453729523652,2.5779796
S650,False,True,-1.323356689567978,4.609969014922777,0.9999650188470119,2.1280529499053955,1.6702580153942108,True,-1.323356689567978,1.4587816383906855,0.07274130482252297,0.13705701354492117,-0.01057912315320959,1.2275598
S658,False,True,-1.3235808821543733,3.6878794369598227,0.9990919986949581,2.069413423538208,0.6798231974244118,True,-1.3235808821543733,1.906225932018835,0.09945309147085507,0.19488151307003246,-0.021792782052020718,0.42609328
S535,False,True,-1.3247417777700434,5.432641801734765,0.9987244477210909,2.5006909370422363,2.0226276516914368,True,-1.3247417777700434,2.0759271780785657,0.06479457169684377,0.2555846771052746,-0.01858020525658804,1.7573036
S540,False,True,-1.3289393891645063,5.275612939149141,0.9987300211524527,2.9695382118225098,3.445316433906555,True,-1.3289393891645063,1.7408558201414743,0.09297628843600893,0.18454500764258694,-0.031821749671195436,3.3897548
S461,False,True,-1.3293410248816608,8.13126649459203,0.9975896177431037,4.499581813812256,2.359850764274597,True,-1.3293410248816608,1.3967046351787558,0.0892357817130691,0.1583536533893631,-0.060063416340963176,3.6669235
S184,False,True,-1.3300062911090975,5.689437225461006,0.9974737621554015,2.2123863697052,3.1907148361206055,True,-1.3300062911090975,2.014296287355485,0.08691224133849001,0.21527884709552703,-0.010712641812637026,2.5694222
S206,False,True,-1.330802881713485,5.833313167095184,0.9995918797775789,2.403679132461548,3.1598455905914307,True,-1.330802881713485,1.7354462600590872,0.07090474928637759,0.19746598771509635,-0.022257392280689344,2.625196
S94,False,True,-1.3312415105777629,3.632360854806999,0.9998841956756644,2.656304359436035,3.495639681816101,True,-1.3312415105777629,1.9333780558053784,0.07131904877631612,0.21184962789351205,-0.006018628431103393,2.695697
S150,False,True,-1.3328715662166217,4.249473548183838,0.9997668480057923,1.2197695970535278,1.6108903586864471,True,-1.3328715662166217,1.8701376028606722,0.11401674983280927,0.15193417461442726,-0.002307517935014439,1.249617
S161,False,True,-1.3337598312318488,4.998316317796707,0.9972788751370368,1.8874573707580566,1.7558534443378448,True,-1.3337598312318488,1.9363974090047016,0.10677530321692683,0.18307786532632575,-0.014122052607525321,1.8073763
S514,False,True,-1.3348225638741755,4.023952583471933,0.9995946866673893,1.8319686651229858,1.4610153138637543,True,-1.3348225638741755,2.2774385441364773,0.10591737501925588,0.23562165081018424,-0.007020138749408489,1.2026683
S849,False,True,-1.3350759028292796,3.6952766633282104,0.9972707012061813,1.1913124322891235,1.4005883038043976,True,-1.3350759028292796,2.1691078433130038,0.10142491314807746,0.21839002098586666,-0.005275287791078979,1.2853619
S464,False,True,-1.3356059162338223,6.177160948514938,0.9983529818635904,2.4948537349700928,3.5663902759552,True,-1.3356059162338223,1.9872161609894596,0.09545039741014161,0.2091854466137164,-0.018871581476197257,2.8932886
S284,False,True,-1.3359331183271452,6.814209481080372,0.9997843666445273,4.5967116355896,2.8139728307724,True,-1.3359331183271452,1.7429383926528725,0.11941351844294275,0.15607277518936755,-0.03248831120964729,3.8379865
S149,False,True,-1.3365157543346686,4.876811380808552,0.9984631918488737,2.5371718406677246,1.7343567311763763,True,-1.3365157543346686,1.8793345188333646,0.084973532172485,0.1987994390033662,-0.015510311319709496,1.4722073
S371,False,True,-1.3369852672950242,6.45071663459142,0.999398031709447,3.404628038406372,2.9829395413398743,True,-1.3369852672950242,1.7685359680081065,0.08221173958407488,0.19928420997960902,-0.0305865466268053,3.0105023
S276,False,True,-1.337209670040138,5.365982491523027,0.9998889022234697,2.399369239807129,2.682713031768799,True,-1.337209670040138,1.9976570374800025,0.09377100415656313,0.2108448514232465,-0.014628938098232996,2.4997
S639,False,True,-1.3376086721475748,3.9376109369720016,0.9997324913379573,1.2171992063522339,1.5906536877155304,True,-1.3376086721475748,1.5450192269039325,0.07143474709152892,0.14365887010256198,0.0008983490635293112,1.2599697
S274,False,True,-1.3379596741996154,3.9956125418345128,0.9979127460524136,2.185439109802246,1.4892930686473846,True,-1.3379596741996154,1.7565464906795187,0.0884340909459607,0.16976916161811834,-0.00980168786595718,1.2056084
S502,False,True,-1.3390119679218901,4.385213922088345,0.99952254225039,1.9960078001022339,1.5636845380067825,True,-1.3390119679218901,1.9779359832744365,0.092573801461115,0.2006284178526361,-0.008257243175323302,1.577143
S893,False,True,-1.3393735745645792,2.395183059386909,0.9996321918506758,0.8029616475105286,0.46255071461200714,True,-1.3393735745645792,1.622339778769109,0.09645970761419403,0.1116394494092191,0.0145433588970448,0.4493785
S635,False,True,-1.340177855711243,5.3528822114070245,0.9991529148675112,2.768286943435669,1.826809585094452,True,-1.340177855711243,1.9681085842254942,0.07811351528472152,0.23054490439201103,-0.0246872006612649,1.5561726
S937,False,True,-1.3404106003567873,3.597275836393237,0.9997488532091746,1.683464527130127,1.0193092077970505,True,-1.3404106003567873,1.978929639090538,0.1112687564334222,0.17767079483211579,-0.004252732713026701,0.8651266
S806,False,True,-1.3416215426854257,5.160295871396859,0.9989679294421656,2.019545793533325,2.0350760221481323,True,-1.3416215426854257,2.065353048702251,0.09871089914157145,0.22155465290996787,-0.022906490952971755,1.7284054
S649,False,True,-1.3421866001550948,5.207286785046259,0.999080428016556,2.258798599243164,2.032378137111664,True,-1.3421866001550948,1.7370092399696262,0.07041054503763915,0.1986597369301053,-0.02168308901281989,1.6856979
S144,False,True,-1.3430108887324357,6.213608026504517,0.9984434631846666,2.487063407897949,2.807121992111206,True,-1.3430108887324357,1.644920271564515,0.0952700732059226,0.15681559165119974,-0.02514835098852392,2.5980315
S696,False,True,-1.3436269179130629,4.523698131243387,0.9997038655479915,2.322838068008423,0.952105849981308,True,-1.3436269179130629,1.8789044525479857,0.09843530481287217,0.19386728400281267,-0.02514698584850651,0.8950491
S770,False,True,-1.3438356549280377,4.811737545455495,0.9997792697321415,1.9562623500823975,1.5724609047174454,True,-1.3438356549280377,2.150163357829658,0.13502975533155864,0.18951727544933886,-0.01694361076306135,1.2473404
S10,False,True,-1.3446586931668023,4.308712910860777,0.9993950731447276,1.7411720752716064,2.920709550380707,True,-1.3446586931668023,2.274157758496952,0.11216261629333961,0.22350931619641645,-0.0028819289109130726,2.0577958
S783,False,True,-1.3452549591650789,4.3780114849408465,0.9995438541208944,1.589829921722412,1.0505217015743256,True,-1.3452549591650789,2.2409881630984736,0.11698204537307842,0.22331664289414482,-0.013974657678690286,1.0373633
S821,False,True,-1.3461466210210329,2.719280747696757,0.9987715698928309,0.7641385197639465,0.8802194595336914,True,-1.3461466210210329,1.494193400068688,0.114360201011478,0.07835616325679161,0.009695132760000676,0.63876194
S914,False,True,-1.3471675888848176,6.106596251328785,0.998869363203449,2.30393123626709,2.154745638370514,True,-1.3471675888848176,2.2087367165291223,0.12768478503049008,0.21023779671484202,-0.02212144527194488,2.3844457
S642,False,True,-1.3486706958748451,7.355061133702596,0.9995445684121975,4.322467803955078,3.745051860809326,True,-1.3486706958748451,1.6657878178700851,0.08437228700660981,0.19596775136517133,-0.048678507055775526,3.8559442
S583,False,True,-1.348814643340673,6.635997176170349,0.9998995300978024,2.61720609664917,4.017581939697266,True,-1.348814643340673,1.276964185726932,0.09782956094526546,0.0915110643265374,-0.021447038494075386,4.114396
S593,False,True,-1.3489872392955164,4.876316749801238,0.9974032650459222,1.8405858278274536,3.658846616744995,True,-1.3489872392955164,2.0592904673139247,0.10844802200304529,0.1969278953289901,-0.011146124990948624,2.8670747
S397,False,True,-1.3491248321374472,7.530017356077829,0.9988984111717877,3.12283992767334,3.7272729873657227,True,-1.3491248321374472,1.3872221632318107,0.10190409760410074,0.12450095093198782,-0.04389051486243416,3.3937936
S192,False,True,-1.3500879315635375,5.1441562970479335,0.9997449304312234,1.7979499101638794,2.495397984981537,True,-1.3500879315635375,1.8594608129464054,0.10241187052755574,0.1765487267221813,-0.015592907790648751,2.0753806
S646,False,True,-1.3510150752844887,3.3260283085207143,0.9999535955369345,1.4383941888809204,0.7351769506931305,True,-1.3510150752844887,1.537413572591696,0.08798764028696514,0.11754609948175512,0.0038634361018405434,0.731775
S624,False,True,-1.3516950422264895,5.026619543631871,0.994583296784492,2.0434911251068115,2.4859477281570435,True,-1.3516950422264895,2.189681901998135,0.10878179122813618,0.22333451361648812,-0.01594230661574289,2.1492453
S824,False,True,-1.3517341115026107,2.7463629990816116,0.9997908832994971,1.5796315670013428,0.39712522458285093,True,-1.3517341115026107,1.5979517478175858,0.10884602051284982,0.11519264849548448,-0.005125517442514996,0.5533304
S510,False,True,-1.3522604353931924,4.48446114299198,0.9992090057842634,2.295058488845825,1.9029445052146912,True,-1.3522604353931924,2.093085188483172,0.10655964485178215,0.20742518756987122,-0.010996728417911383,1.7453477
S164,False,True,-1.3522805012385901,2.6001257685323558,0.998067275782104,0.5573084354400635,0.03796572145074606,True,-1.3522805012385901,2.1023824933309236,0.11129139157197711,0.18789749083592486,0.005668054605491495,0.07828567
S526,False,True,-1.3525532090160475,3.7876750212162733,0.999624394203636,1.3394906520843506,0.5569477751851082,True,-1.3525532090160475,1.806397729317235,0.08946438883361281,0.17047597125585268,-0.004141567997775702,0.48276934
S656,False,True,-1.3527858652353915,3.436615983645121,0.9998599293868276,1.0840809345245361,0.5572803877294064,True,-1.3527858652353915,1.4639111871923576,0.08250677503063901,0.13208711437960566,-0.013628704051799853,0.6008429
S42,False,True,-1.3540248986741912,6.060095687707264,0.9971174755304695,2.755953073501587,2.1189026832580566,True,-1.3540248986741912,1.9921820419256493,0.10152393148701558,0.20903126577668896,-0.02554842303588195,2.2339482
S143,False,True,-1.354766738755545,5.814837505420049,0.9999568588829978,2.7538318634033203,2.9171268343925476,True,-1.354766738755545,1.6482493835204264,0.08102164388263507,0.16780952812820776,-0.018393240175845874,2.6358588
S491,False,True,-1.3555808237442735,5.406470010677974,0.9970473184656089,2.957476854324341,2.28347384929657,True,-1.3555808237442735,1.9140582296137756,0.09933031046003887,0.19264362733203896,-0.020337912381280587,2.2985039
S180,False,True,-1.3564315883024793,3.467907865842183,0.9990178445299193,2.237046480178833,0.8120249509811401,True,-1.3564315883024793,2.1919507067357715,0.10155389928810465,0.2210652727243601,-0.0009649547242891166,0.6401578
S596,False,True,-1.3572077584794666,4.324326093619068,0.9995527341595277,1.4073437452316284,1.7848287224769592,True,-1.3572077584794666,1.6584871188339203,0.07403357413681892,0.17429530165482973,-0.01503250170974651,1.4251777
S634,False,True,-1.35721535518707,5.181746058166027,0.999646789134678,2.282228708267212,1.7401446998119354,True,-1.35721535518707,2.088718093874246,0.09380908603723942,0.2185441580789594,-0.011356991357799488,1.4879577
S826,False,True,-1.357313796662187,4.7887456441919,0.9996958139077873,1.9717174768447876,2.5366944670677185,True,-1.357313796662187,2.0503331487663465,0.10267579149297716,0.20696976505262185,-0.014947707799245504,2.3883705
S374,False,True,-1.3589485879916885,4.258859450618425,0.9996640298849772,2.5647730827331543,1.972082942724228,True,-1.3589485879916885,1.696738845075388,0.07882369323158962,0.1648599113874176,-0.003543696715107843,1.746167
S605,False,True,-1.3592530142271444,5.007758529235919,0.9999010494712814,3.2571451663970947,1.7052251100540161,True,-1.3592530142271444,1.6384734767532834,0.10068509437374903,0.1594066310349994,-0.032173876137170584,1.6885707
S398,False,True,-1.3595215775850247,5.049886475006739,0.9995938657777049,1.6993166208267212,2.26872855424881,True,-1.3595215775850247,1.9111270626608385,0.11069242452547481,0.16700037728667952,-0.008062026965546674,2.0155723
S261,False,True,-1.3614170210786622,3.3613804951310158,0.9996844163250029,2.721607208251953,1.528072565793991,True,-1.3614170210786622,2.2251104447992622,0.09338990803061807,0.23907197085187717,-0.006624029730649892,1.2065684
S15,False,True,-1.3614758703938445,3.9449549193183575,0.9987810015524842,1.337080955505371,2.3082531690597534,True,-1.3614758703938445,2.1567185601155585,0.10737332184700892,0.21229343507936238,-0.006758446650039414,1.8885405
S411,False,True,-1.3626973998531822,6.230807532866796,0.9994226164786705,3.000739574432373,3.5777008533477783,True,-1.3626973998531822,1.7979262648288883,0.09095106725737334,0.18815255608932344,-0.027389299182533692,3.059929
S767,False,True,-1.3637149159921962,6.9567040999730425,0.9993224819806363,3.469496250152588,3.547041177749634,True,-1.3637149159921962,1.5631012654230267,0.11132004992266499,0.14701949057909394,-0.04558476064505898,4.00202
S686,False,True,-1.3650455291057875,3.1976625074942904,0.999823705209537,1.848056435585022,1.4752187430858612,True,-1.3650455291057875,2.0335088919877857,0.08945384663342186,0.20546512641986725,-0.0009986676151081337,1.1507291
S492,False,True,-1.3663908714529158,3.823650449514389,0.9986797977648297,1.2795007228851318,2.015966832637787,True,-1.3663908714529158,2.2810490046586263,0.11204524128413325,0.22303671644059872,-0.0009131281495523071,1.5097916
S757,False,True,-1.3666293972901897,3.6890719706813493,0.9998112596523728,0.813879132270813,0.8488654792308807,True,-1.3666293972901897,1.9214447341361736,0.08389268650192527,0.19339471011496673,-0.003793569048446602,0.7725608
S358,False,True,-1.3689024268722807,4.397284449388583,0.9992958100159521,2.2299325466156006,1.741882562637329,True,-1.3689024268722807,2.135999153187078,0.10174109903830694,0.22597511411934448,-0.016536900889173235,1.440824
S212,False,True,-1.3690081275680792,5.644709073007107,0.9999004867333521,2.3755664825439453,2.544273853302002,True,-1.3690081275680792,1.6011432891581494,0.08310752236763537,0.16030867812848348,-0.020650640331864457,2.2496428
S315,False,True,-1.3700380246459691,4.256465641471246,0.9987720839527447,1.7815606594085693,0.43544410914182663,True,-1.3700380246459691,2.2003230155952753,0.09024588028812393,0.2480031591321876,-0.01637320840712205,0.61436266
S234,False,True,-1.3700849282102887,3.4199638968954487,0.9997339590159978,2.1472883224487305,2.0266809910535812,True,-1.3700849282102887,1.8023589930299073,0.12918736354474833,0.12785101599018867,-0.005345008544154117,1.255136
S466,False,True,-1.3702670650718636,4.979104819397131,0.999619970811353,2.007751941680908,2.3353031277656555,True,-1.3702670650718636,2.018602151041391,0.11972805359594,0.1896088402048505,-0.0197984395994775,1.9643688
S752,False,True,-1.371687643382567,4.3637930527329445,0.999715266388416,2.607865810394287,2.099880278110504,True,-1.371687643382567,1.937395325612811,0.08528672418008093,0.2052223012032199,-0.011918109831584176,1.6414328
S323,False,True,-1.372129591502779,4.008938213189443,0.9998157763224442,1.2927765846252441,1.9866591691970825,True,-1.372129591502779,1.208402370347421,0.0715362574399607,0.08680362935677277,0.0005060275375730081,1.5590932
S565,False,True,-1.3726403555105153,4.41631377612551,0.9994022709161223,1.7596032619476318,2.0056307911872864,True,-1.3726403555105153,2.030822564613914,0.0905620640079167,0.21224102057265443,-0.009436851491603712,1.6783559
S722,False,True,-1.3747400841540176,4.120744883703688,0.9991955361502665,1.3429926633834839,1.7965195178985596,True,-1.3747400841540176,2.1332754690790363,0.12399914000894953,0.19469326300129153,-0.009132776404241734,1.2876326
S33,False,True,-1.374792318196082,7.966378251711527,0.9995395377447953,4.818755149841309,4.3165894746780396,True,-1.374792318196082,1.6065950560228306,0.10756871452102865,0.16411639690541943,-0.05246359161884477,4.1905055
S495,False,True,-1.3750057954414183,3.7144241233666735,0.9997863480429584,2.626631021499634,1.2545693516731262,True,-1.3750057954414183,2.198353482950969,0.09532216303379537,0.23093492066721896,-0.00495353396968298,0.986526
S44,False,True,-1.3752931231089789,3.857330923900008,0.9989632135047465,1.2938040494918823,1.7079462110996246,True,-1.3752931231089789,2.0209482766907247,0.13109959830858792,0.1621355318494957,-0.0029761544615366413,1.407264
S406,False,True,-1.3760487122408478,3.8612483249356346,0.9998853022581139,1.8898608684539795,1.286557823419571,True,-1.3760487122408478,1.7969056166993007,0.09473435097421751,0.15893342859841755,0.0004223233156660647,1.2300518
S667,False,True,-1.376460467507942,5.763180417319138,0.9989547305733105,2.6266672611236572,1.696456640958786,True,-1.376460467507942,1.9898761339279745,0.0974936071679311,0.2296068518318484,-0.04308281302094943,1.7995771
S48,False,True,-1.3777209226276919,3.9104834248622256,0.9997151488078629,2.287825584411621,1.6070719361305237,True,-1.3777209226276919,2.095379656269225,0.08863252256010029,0.21583671326803144,-0.0005167032194899788,1.269017
S589,False,True,-1.3781257883668665,4.756403552989164,0.997994527837742,1.4604113101959229,3.0078541040420532,True,-1.3781257883668665,2.1079594597577898,0.12154675843066788,0.18755089632819852,-0.005703730817617487,2.4105506
S120,False,True,-1.3784001057084652,3.3687255034844084,0.9990143557703144,1.1595896482467651,1.0380216538906097,True,-1.3784001057084652,2.028088880880315,0.10672830752858928,0.18321582559584523,0.0006250784166607864,0.7879662
S590,False,True,-1.379567047388084,4.698549921313921,0.9964436275941465,2.0269675254821777,2.04137259721756,True,-1.379567047388084,2.219375095914795,0.12805123169052451,0.21426585483431276,-0.020968484349230286,2.451615
S391,False,True,-1.3802929963728299,5.72837055226167,0.9992720897585821,2.2758467197418213,1.9714323282241821,True,-1.3802929963728299,1.645598439958831,0.10472090624897384,0.14976497782855025,-0.02608166185909247,1.6851094
S173,False,True,-1.3812662310360149,7.172510663668314,0.9969723678407548,3.7144007682800293,2.921236038208008,True,-1.3812662310360149,1.6771491100095623,0.10101069562928539,0.17702232700483922,-0.043144221576365674,3.3942788
S430,False,True,-1.3822620005457005,3.777048672859867,0.9998944065194992,2.9560797214508057,1.5746025443077087,True,-1.3822620005457005,1.827858114438393,0.09773157308641883,0.16768671520018538,-0.005125613822142901,1.1696894
S720,False,True,-1.3828922071038143,3.8537812127421303,0.9996963775443747,1.6855345964431763,2.069556474685669,True,-1.3828922071038143,2.1803483333975007,0.10624715818655091,0.2116081775789484,-0.0015224281322586144,1.5173476
S771,False,True,-1.3831086070578833,3.56452548255523,0.9999266823849742,1.5807478427886963,0.909093976020813,True,-1.3831086070578833,1.6203933754361073,0.08856317666240977,0.14592693844707982,-0.00805247619067108,0.7082067
S671,False,True,-1.3850383019013246,4.61807918921113,0.999532597576581,2.035456657409668,1.0753087252378464,True,-1.3850383019013246,2.1157842955074613,0.08562811524388853,0.2382992224037741,-0.01744939000793434,0.992537
S115,False,True,-1.3858729149311286,3.348732014497121,0.9993504469689058,1.0998327732086182,0.937542125582695,True,-1.3858729149311286,2.0249087110129453,0.09157067147182565,0.19721108201784016,0.0038775912947701194,0.9623451
S546,False,True,-1.3869186119530268,5.915434747934341,0.999879544458785,3.077796697616577,5.314042329788208,True,-1.3869186119530268,1.6959654714432266,0.1052130970736563,0.1687286204317294,-0.03856037657368963,4.046065
S267,False,True,-1.387099284865362,3.434923057754834,0.9949562581967919,0.5533663034439087,0.6930431127548218,True,-1.387099284865362,2.065003985748381,0.10988569214445698,0.19162866774640294,-0.00317656187061014,0.59908766
S676,False,True,-1.3871351133378174,5.082411170005798,0.9999274507433832,2.1593828201293945,2.376444160938263,True,-1.3871351133378174,1.649883093636326,0.1046049059570878,0.13186496498547892,-0.01332623524581804,2.4090953
S416,False,True,-1.387307057472786,4.663456737995148,0.9995304916731166,2.1358845233917236,1.4696350693702698,True,-1.387307057472786,2.135133097678464,0.1009500802980065,0.2194112127746519,-0.00865438855883561,1.1292568
S419,False,True,-1.3878832128418421,5.3377568398912745,0.997204659435972,1.7676972150802612,3.167635917663574,True,-1.3878832128418421,2.3858437578115885,0.11882744178323566,0.2405364051597675,-0.008903347926936823,2.433241
S258,False,True,-1.3880913450475343,3.8876516819000244,0.9995362485664783,1.1017532348632812,1.3090016841888428,True,-1.3880913450475343,1.8800514060007958,0.1037431898194288,0.17842912560910273,-0.013782282850137157,1.0985578
S844,False,True,-1.3886328619668555,3.8393347070862847,0.9997920459330488,1.7246274948120117,2.034490406513214,True,-1.3886328619668555,2.1255723893827665,0.10252308397097479,0.2008064363844032,0.00498373907460756,1.4995499
S313,False,True,-1.3894667175263427,4.201118330160776,0.9993867711961757,1.1890121698379517,1.6981174945831299,True,-1.3894667175263427,1.8296254331994508,0.10593645598233403,0.15951927086271908,-0.006354884217284264,1.6201231
S483,False,True,-1.3908253296348765,3.2558500170707703,0.9997420240109874,0.9823092818260193,0.9718003123998642,True,-1.3908253296348765,2.169524948280683,0.11960974481452447,0.20099920755387862,-0.007339807992198008,0.97826546
S331,False,True,-1.3914432456328378,4.010241353263457,0.9996279070614381,1.4585140943527222,1.4810680150985718,True,-1.3914432456328378,1.9458746434392393,0.10677271166429715,0.18441896412636866,-0.013578569363889176,1.0886887
S393,False,True,-1.391525476406752,3.23929884036382,0.9988766623269707,0.874288022518158,1.19118270277977,True,-1.391525476406752,2.043556083857407,0.12531936975835753,0.16831161325843674,0.0006227107556951946,0.86282384
S938,False,True,-1.391923941349708,3.7550390760103856,0.9999175268093689,2.007028102874756,1.495475396513939,True,-1.391923941349708,1.76539174516066,0.1012514703668918,0.15162371224181131,-0.0029553276511348754,1.0270399
S539,False,True,-1.3927081720387313,3.921915491422017,0.9977429258172487,1.367466688156128,0.8138063699007034,True,-1.3927081720387313,2.1441291237953197,0.10694736234819875,0.21444380442174082,-0.009527009842333053,0.58594483
S158,False,True,-1.3929340967343888,4.64902209645758,0.999892311549589,1.8800607919692993,2.0075603723526,True,-1.3929340967343888,1.8556460802863146,0.08245896156959301,0.18348255761637738,-0.0037057339829306116,1.6114876
S913,False,True,-1.3937463330268263,2.7143791864315667,0.9991257671301672,0.38783949613571167,1.1374456584453583,True,-1.3937463330268263,1.9303040240074745,0.12487428739339067,0.13337455693766379,0.013797164522555493,1.1770749
S537,False,True,-1.394768959876898,4.9712933003902435,0.9998403360305679,1.9868392944335938,2.64184832572937,True,-1.394768959876898,1.7498916773945046,0.06426364610425926,0.19519331056225864,-0.01224285426448425,2.1516385
S761,False,True,-1.395385129594747,3.8825544118881226,0.9988623574282058,2.722397804260254,0.41830357164144516,True,-1.395385129594747,2.4082548150972625,0.17327015351092778,0.18689017302497732,-0.012915017290144586,0.9403262
S839,False,True,-1.3969057156201976,4.639355052262545,0.9997934853851793,1.8949333429336548,2.330991208553314,True,-1.3969057156201976,1.742398247742232,0.0847645865224958,0.17083288487822068,-0.010841619352062857,2.0299332
S422,False,True,-1.3975651259205424,3.809441874424617,0.9997583948769749,1.6500004529953003,2.046647846698761,True,-1.3975651259205424,1.9587655574892127,0.11920479062805792,0.15716826750100882,0.0019643109305673653,1.439633
S527,False,True,-1.397644450485779,6.706214129924774,0.9993738398575194,3.0561089515686035,2.3974518179893494,True,-1.397644450485779,1.8818742987395791,0.10089939625534584,0.18942064829338856,-0.022650202446334745,2.2166018
S855,False,True,-1.3979263531904786,3.8130495858689146,0.9996772071314215,0.7830130457878113,1.734230399131775,True,-1.3979263531904786,2.0122745910041724,0.1227177049282718,0.16459090006287422,-0.0003812075979387806,1.4835482
S72,False,True,-1.398501806542866,3.7816901017601285,0.9994499901556811,1.7251607179641724,1.399745136499405,True,-1.398501806542866,2.254593678037366,0.12074200211381117,0.2094881495471264,-0.0016547615638461593,1.1045469
S800,False,True,-1.3991107469835982,4.559540133923292,0.9994880441398935,2.372114419937134,2.016750156879425,True,-1.3991107469835982,2.1543728157372337,0.08425858504286304,0.24530842556533536,-0.014552221240007534,1.6535301
S46,False,True,-1.4001937817581864,5.212252830465634,0.9998770253306511,2.4187440872192383,3.041743814945221,True,-1.4001937817581864,1.58124632031942,0.07486370482170138,0.15551256557961124,-0.010493964566385726,2.5293355
S264,False,True,-1.4008030073406592,3.995267359850307,0.9991169267975967,0.7337471842765808,2.3757092356681824,True,-1.4008030073406592,2.0087725259685514,0.10400275442472619,0.1791699520255659,0.004746341658402965,2.3186045
S467,False,True,-1.4014693972328982,5.678067038456598,0.99906851957727,2.84204363822937,2.154658019542694,True,-1.4014693972328982,1.8265575554086537,0.11745057492143655,0.1693233899192095,-0.02728282710538742,1.8926903
S53,False,True,-1.402358631760678,4.114299775411685,0.9998619126820997,1.1224822998046875,1.567826271057129,True,-1.402358631760678,1.7195633928435197,0.08877224746674943,0.16332383293059685,-0.011781763829456024,1.257884
S689,False,True,-1.402460445481471,4.877115701635679,0.9998699303140617,2.9166622161865234,2.283494293689728,True,-1.402460445481471,1.9678100423415443,0.0895006299877364,0.20581283285612897,-0.01201867375625318,1.9825141
S165,False,True,-1.4043370007304934,6.047946562369664,0.9997503002637865,3.320770740509033,2.457565486431122,True,-1.4043370007304934,1.6467032502410301,0.11658901843998043,0.14008910366286711,-0.029092239465389837,2.7811303
S395,False,True,-1.4043997719066867,3.533460470537345,0.9981403736100736,1.0644687414169312,2.0857605934143066,True,-1.4043997719066867,2.1492235789190173,0.12291370974948924,0.17845579246383764,0.010878102996313173,1.4772633
S664,False,True,-1.4058619504685044,7.056602795918783,0.9994978707814206,4.107503890991211,2.806941509246826,True,-1.4058619504685044,1.6340241634549786,0.0886371698128941,0.18049659036987079,-0.04228244024845992,3.0257168
S559,False,True,-1.409039009866819,3.9161055150131383,0.9994399101252084,3.7295544147491455,1.6336567997932434,True,-1.409039009866819,2.2461459963085706,0.1037346272258577,0.244658073494976,-0.02053089472138831,1.5210521
S407,False,True,-1.4110088275028685,3.6148539247612157,0.9996187978663218,1.7945343255996704,1.5281446278095245,True,-1.4110088275028685,2.2941288193188876,0.09899927556458848,0.23749005348620375,0.0006279657529293403,1.1308117
S266,False,True,-1.4113564753819692,4.401033632457255,0.9986855894700601,1.827376127243042,1.7393010258674622,True,-1.4113564753819692,2.214527169437075,0.12621270836250623,0.20121698695587908,-0.0048113996419666865,1.3844764
S55,False,True,-1.4124897204900277,4.909018829464912,0.9998682683788478,1.983650803565979,2.877244293689728,True,-1.4124897204900277,1.280666009875355,0.07635554943120215,0.10898171408574703,-0.017610907581239742,2.32431
S511,False,True,-1.41295436410669,4.063094894091288,0.9942714085952529,1.187148928642273,1.4685072600841522,True,-1.41295436410669,2.2027133681524744,0.11813270247813329,0.20724783694495866,-0.006744345285586591,1.1637088
S749,False,True,-1.4130990032373614,4.00948728248477,0.9982266834505886,1.8581583499908447,0.6826218068599701,True,-1.4130990032373614,2.378006269374289,0.10681882649943014,0.24849830934647374,-0.004133120251486011,0.5998475
S241,False,True,-1.4136186119462275,4.866707734763622,0.9991952456589992,1.3172985315322876,2.9561914801597595,True,-1.4136186119462275,1.796173961613033,0.10628612994404912,0.1558449904319048,-0.00981845465177755,2.4171243
S599,False,True,-1.4160864014669756,4.460221712787946,0.9996614526078054,1.8397364616394043,1.7938382029533386,True,-1.4160864014669756,2.0160685489795354,0.10375167972593856,0.19661231422457176,-0.013010085797001377,1.5860611
S23,False,True,-1.416089399345894,5.699531172712643,0.996552712160273,2.491260290145874,2.4352253675460815,True,-1.416089399345894,1.8964155746887674,0.11682258542025722,0.1738889479137351,-0.02608266808073664,2.1569977
S851,False,True,-1.4161898346380986,3.8769792517026263,0.9992305322118142,4.464197635650635,1.7519499957561493,True,-1.4161898346380986,2.256153521768924,0.10381709411516467,0.24774104173199946,-0.023865484361229327,1.4770781
S183,False,True,-1.4163135449685111,4.917214219768842,0.9997616482906025,2.0605788230895996,1.4046220779418945,True,-1.4163135449685111,1.694284567489977,0.07313709499263249,0.17749374585190109,-0.011986392762886376,1.2560028
S795,False,True,-1.4168086361454209,4.516976742694775,0.9997677311631358,2.235856533050537,1.168505847454071,True,-1.4168086361454209,1.7994665437816841,0.0831647084838937,0.18657633020190623,-0.014452649162386444,1.1069039
S554,False,True,-1.4174499450725602,4.016110546886921,0.9997919187712004,2.2381443977355957,1.9552690982818604,True,-1.4174499450725602,1.8776830488323326,0.09728883158315155,0.17377716115475458,-0.00286952337209628,1.5317117
S739,False,True,-1.4186616154276803,3.8315961360931396,0.9998006032692419,2.002556324005127,1.4968037605285645,True,-1.4186616154276803,2.086348209670942,0.07234728447740779,0.2388906082709441,-0.00824802197391404,1.2477133
S484,False,True,-1.4187041739148336,5.103394091129303,0.9998272228871287,2.3899199962615967,3.0068002939224243,True,-1.4187041739148336,2.227821226105842,0.11900349881974703,0.22115896573126873,-0.016687282901038634,2.4088979
S934,False,True,-1.420147030057956,5.355937620004019,0.9993569207803763,1.4898308515548706,2.6250624656677246,True,-1.420147030057956,1.6459151411216988,0.09877216464767617,0.1379035562803298,-0.00875913668394729,2.2033567
S609,False,True,-1.4209070649775921,4.802020110189915,0.9998513067879484,3.1890907287597656,2.2259756326675415,True,-1.4209070649775921,1.476719025939765,0.09584713337128017,0.12705046236699014,-0.02504571434889555,1.9907821
S877,False,True,-1.4211428784089277,6.746676087379455,0.9999715241565799,3.1996963024139404,3.7207566499710083,True,-1.4211428784089277,1.4709039353470734,0.11999880339936521,0.10911241205991325,-0.03531431829412795,4.423695
S279,False,True,-1.4214527735252476,6.468963325023651,0.9996704118749469,3.237640857696533,2.587034821510315,True,-1.4214527735252476,1.5070722637816327,0.09566572192081105,0.13843375334411842,-0.028328282247921076,2.8479393
S336,False,True,-1.422769877711712,6.925163606802622,0.9987834686544068,3.574479818344116,3.8589730262756348,True,-1.422769877711712,1.2482332371703553,0.08252434202302303,0.1203539005425207,-0.04324166646886839,4.0890207
S248,False,True,-1.4230419130103527,6.908667345841725,0.9997109332196453,3.3344922065734863,3.5108017921447754,True,-1.4230419130103527,1.6946542700748302,0.0978991991985604,0.16204497023971706,-0.02407063357899984,3.7767348
S139,False,True,-1.4232757374364708,4.823852488150199,0.9996590002805941,2.3620290756225586,1.9606564044952393,True,-1.4232757374364708,1.7999214488251125,0.09112166414943176,0.17725112694369344,-0.011891638037535643,1.74742
S672,False,True,-1.4240263668846183,5.4825281873345375,0.999870648395345,2.6497974395751953,2.5740489959716797,True,-1.4240263668846183,1.897151730549863,0.09738914449280003,0.18430935463757617,-0.013063332491114544,1.9902493
S47,False,True,-1.4260153308180294,3.4326102435588837,0.9986411408000313,1.3776980638504028,0.7916306927800179,True,-1.4260153308180294,1.928126044378158,0.12267231405054713,0.15187234169294522,-7.672723715916385e-05,0.870172
S606,False,True,-1.4278030009279359,6.065692926446596,0.9998626727027767,2.2962262630462646,1.979870855808258,True,-1.4278030009279359,1.8490073910806701,0.10156051634971473,0.1912886744206667,-0.03103944655724867,2.1543674
S602,False,True,-1.430149356603931,3.9711334848155575,0.9977133861506255,0.9412504434585571,1.4689718782901764,True,-1.430149356603931,2.0055122033858717,0.10963226463606343,0.18521275656602704,-0.007985635562940916,1.3293593
S377,False,True,-1.4302309020607802,4.024853693942229,0.9993469279545658,1.807340383529663,2.280640959739685,True,-1.4302309020607802,1.686987431088028,0.07249166799182843,0.16924823613507395,-0.0043367603839780736,1.6283417
S699,False,True,-1.430685159285807,3.9456954275568323,0.9996267016318082,1.0171606540679932,1.4170418083667755,True,-1.430685159285807,1.895889187112779,0.10464319806909343,0.17232046657227384,-0.007367615148130295,1.4272997
S424,False,True,-1.4315658778738802,3.1618587772051487,0.9999451068181214,1.691174030303955,0.21604624576866627,True,-1.4315658778738802,1.6798144290941832,0.10556573198033196,0.136392995857367,-0.006902974574977574,0.212324
S195,False,True,-1.436281939768983,3.5073565257092314,0.9996526832790453,1.813910722732544,0.8500502035021782,True,-1.436281939768983,2.0022520877748606,0.09158395357585879,0.20737204955511232,-0.00624470484450253,0.5532067
S523,False,True,-1.436474577359458,4.322324104607105,0.9983667561533274,1.3563635349273682,1.728847324848175,True,-1.436474577359458,2.2623421137495607,0.10889428449868381,0.22687682110344878,-0.0044093700405843945,1.4331028
S394,False,True,-1.4365935542387178,3.2552917863552766,0.9999629889503128,0.9153904318809509,0.1506018452346325,True,-1.4365935542387178,1.4044999229997002,0.08359582847685201,0.10611938664704129,-0.00013358305517218846,0.23360053
S110,False,True,-1.4367923183767026,4.024767382691303,0.999859267635708,1.7870585918426514,1.4658938944339752,True,-1.4367923183767026,1.8813477593695958,0.09911272872882007,0.17459005147926412,-0.006974664270037489,1.0437956
S355,False,True,-1.4368982523557954,3.84122796356678,0.9993341278256404,1.611048698425293,1.018646627664566,True,-1.4368982523557954,2.014567785377924,0.0834838645600981,0.22011223748661923,-0.014833267459484068,0.9124052
S348,False,True,-1.437718596263476,3.9449780583381653,0.9985834853005344,0.9772568941116333,0.8699444532394409,True,-1.437718596263476,1.8620223773673468,0.08484351533956473,0.19350664702845402,-0.012733175868323609,0.7163973
S943,False,True,-1.4396211482654018,4.554815378040075,0.9996100886864049,2.9574475288391113,1.1989552974700928,True,-1.4396211482654018,1.687455801031493,0.13451617236834623,0.1284144884980885,-0.03081001976861917,1.8633583
S408,False,True,-1.4401312813784926,3.9331780274709063,0.9998782696845868,0.5600103139877319,2.808366894721985,True,-1.4401312813784926,1.7750166458231784,0.08524680159892027,0.16494834250113602,-0.0029824875208511077,1.7750168
S333,False,True,-1.440780751968391,5.936177879571915,0.9994239386944377,2.025583028793335,3.7262380123138428,True,-1.440780751968391,1.5911788050662352,0.10597612773563776,0.12143921186761109,-0.008390032610965275,3.204425
S640,False,True,-1.4427265953931023,4.968685713907083,0.99867630579305,2.0518054962158203,1.8336232006549835,True,-1.4427265953931023,2.103980138319154,0.09936468045213316,0.22352577661771558,-0.017350135650043227,1.4936028
S147,False,True,-1.4437683340698042,3.4193689078092575,0.9991162987336377,1.1900579929351807,0.4160672724246979,True,-1.4437683340698042,1.585420900562175,0.09395899371166136,0.12857158205396835,-0.003194764061611599,0.5256832
S423,False,True,-1.4440163551083138,6.605651458104451,0.9999617453957059,3.3901450634002686,3.6578844785690308,True,-1.4440163551083138,1.435720696459009,0.10907359530083752,0.12976551606307915,-0.049974394287227,3.9613113
S402,False,True,-1.4443498999919964,4.259796380996704,0.9990068336583346,1.4400568008422852,1.0329896211624146,True,-1.4443498999919964,2.1292253671369625,0.11650689846778127,0.19873440726658573,-0.00815805523002946,0.8013032
S533,False,True,-1.4450920124241815,6.724116464455922,0.9984311577916092,3.071608066558838,3.436662793159485,True,-1.4450920124241815,1.7711587559475035,0.11113899291524255,0.1790975430779206,-0.04307850327250764,3.198363
S754,False,True,-1.4454302044312022,4.94156972443064,0.9993606157111325,2.5379672050476074,2.366346001625061,True,-1.4454302044312022,1.9609749458926964,0.08385190178087802,0.21333351845210743,-0.012374264362950064,1.9568268
S610,False,True,-1.4454764787155456,3.507486912111441,0.9986128376250459,1.148093342781067,1.1469185054302216,True,-1.4454764787155456,2.025478773444948,0.1049456467504857,0.19258976872959171,-0.004667093353073666,0.9323931
S345,False,True,-1.4461326716355059,3.1860151092211404,0.9996156506130959,1.1054054498672485,0.2085156999528408,True,-1.4461326716355059,1.9896572937589307,0.10538354298601665,0.18620310973413398,-0.006307042669802989,0.18496688
S657,False,True,-1.447706381962151,4.66556038459142,0.999231238005229,1.5359771251678467,2.3814941197633743,True,-1.447706381962151,1.6905835782028866,0.11788564418931086,0.12473259676698228,-0.008064574545528117,1.5483574
S194,False,True,-1.4488836556323883,4.682717561721802,0.9998675142068696,1.9499882459640503,1.3122837841510773,True,-1.4488836556323883,2.0552257403285235,0.09987183345808262,0.2027669268451185,-0.007712903288476537,1.0692348
S365,False,True,-1.4503889196267663,3.362048811589678,0.9996777574035921,2.249152183532715,2.2974360585212708,True,-1.4503889196267663,2.0760701881834542,0.08750720503529957,0.2321494104655421,-0.017183774158838053,1.6079552
S299,False,True,-1.4509128687228456,4.249379821121693,0.9998871842842058,2.9008655548095703,2.1508561968803406,True,-1.4509128687228456,1.754111605336252,0.09964627226226755,0.1471785511793809,0.0006555748842146067,1.5514495
S837,False,True,-1.4510350087283923,4.656622926394144,0.9995722594701283,1.578357458114624,1.8260110020637512,True,-1.4510350087283923,1.9644136226921316,0.12131563200219862,0.17193944133936165,-0.01450757201950295,1.5354064
S78,False,True,-1.4537481643389851,4.759206535915533,0.9997156566773028,2.065014123916626,1.284723550081253,True,-1.4537481643389851,1.5047935198177578,0.06538993598935733,0.15605377068194842,-0.016132374916499912,1.1834177
S209,False,True,-1.4550386931330972,4.519130318115154,0.9997797931357315,2.4948039054870605,1.0794831812381744,True,-1.4550386931330972,1.9945344987533415,0.10749435052255613,0.19143646241905127,-0.013265745256555536,0.8868834
S485,False,True,-1.4552618065492646,3.5665556589762364,0.9997034287599073,2.8047494888305664,0.4389411173760891,True,-1.4552618065492646,1.882257178057269,0.08320451528394353,0.18746565319796993,-0.00036160488389056725,0.44911784
S810,False,True,-1.455301030709423,5.64680935939153,0.9998449744995213,3.781802177429199,2.8987010717391968,True,-1.455301030709423,1.5589938843902786,0.08720372764435586,0.1488551963788111,-0.02180912075112041,2.405417
S592,False,True,-1.4557707562345061,6.992086311181385,0.9992011354760719,3.252213478088379,3.680749773979187,True,-1.4557707562345061,1.7597942605213044,0.11532506136762057,0.16144781575926512,-0.03347747743674981,3.1517968
S188,False,True,-1.4563373407892926,4.673702914267778,0.9998185197961562,1.7177584171295166,1.076086387038231,True,-1.4563373407892926,1.8840286358886267,0.11478362433728426,0.1669491509724488,-0.01643429547515044,1.0547643
S152,False,True,-1.4568981392052682,5.392601604262987,0.9995683643105602,2.388490915298462,2.5672199726104736,True,-1.4568981392052682,1.8354109130612744,0.08238679362111354,0.19340319267258532,-0.014171733508742443,2.0091963
S706,False,True,-1.4569421836524599,5.737887720266977,0.9998147146288974,2.2943639755249023,3.3564149141311646,True,-1.4569421836524599,1.5608333515509374,0.09570905209226012,0.1402765917870011,-0.01962106440077117,2.8936527
S93,False,True,-1.4584224299598147,3.7719658476610975,0.999719830106547,1.7914659976959229,2.0538047552108765,True,-1.4584224299598147,1.635631771716613,0.09230082039709488,0.1416030787409169,-0.006351727282530908,1.5526369
S124,False,True,-1.459358967936606,5.868027716875076,0.9949131486159563,2.6606247425079346,2.853106379508972,True,-1.459358967936606,2.0799943836457473,0.08872400173823206,0.22998229354127875,-0.019641216703700726,2.364664
S45,False,True,-1.4593680231885786,5.55765418211619,0.9989718975377867,1.9647654294967651,3.3169949054718018,True,-1.4593680231885786,2.0808995540742354,0.14146375383057955,0.17547917160666177,-0.022391571572597902,3.5743694
S549,False,True,-1.4597163341549895,5.066860874493917,0.9998533236879299,3.2345852851867676,0.9020857065916061,True,-1.4597163341549895,1.9115813190732793,0.10674051184099194,0.1962135505406743,-0.03303975288844918,0.814212
S935,False,True,-1.4598351672303977,5.766741568843523,0.9989714175688564,2.909794330596924,2.762149691581726,True,-1.4598351672303977,1.6911003597538048,0.1180587205664635,0.14966334218651864,-0.03435832736948774,2.9460807
S828,False,True,-1.460015290702491,7.7030890583991996,0.999815038837216,4.019553184509277,4.074622750282288,True,-1.460015290702491,1.813331839835274,0.07739893586146,0.2079704350146544,-0.027862928433015768,3.8369682
S732,False,True,-1.4617036828090098,3.552379707495371,0.9995575311368485,1.9921913146972656,1.6228674054145813,True,-1.4617036828090098,1.726621546479931,0.09934391731404645,0.1471388143662957,-0.002910311209082251,1.1045732
S354,False,True,-1.4622022442412248,4.465669358770052,0.9972677626734925,2.4197182655334473,1.9480900168418884,True,-1.4622022442412248,2.2150332110765136,0.10189838728527409,0.23530595571952304,-0.014649996634920958,1.4388082
S726,False,True,-1.4624432497809317,3.8428614288568497,0.9997851422004033,1.6966463327407837,0.3927372060716152,True,-1.4624432497809317,2.2476284494306835,0.10583959086588766,0.22974263978615778,-0.0072922533523365664,0.41689616
S846,False,True,-1.4628099426836167,4.9937670057018595,0.9984434890012652,1.9457935094833374,2.1439209580421448,True,-1.4628099426836167,1.8299453380818431,0.10473007902773038,0.16871683178204017,-0.018838483606831692,1.8529251
S714,False,True,-1.463570789204874,3.0020865201950073,0.9999302108659308,2.6620471477508545,0.1640053614974022,True,-1.463570789204874,1.6270087216929656,0.08575913611719894,0.14401757729907003,-0.002975515982627691,0.29804277
S789,False,True,-1.463955373535218,3.95061050945272,0.9988481328897485,1.1645152568817139,1.0833094269037247,True,-1.463955373535218,2.18451554332371,0.09615879644251975,0.23053027433679463,-0.006433548566870416,0.9461622
S670,False,True,-1.464069805277164,6.272153516610463,0.9985474276696943,2.579244375228882,2.4056681394577026,True,-1.464069805277164,1.5226654541137588,0.06006982725389271,0.1749511737115416,-0.025549937840959318,1.9863249
S524,False,True,-1.4643938934291096,4.380629042784372,0.9989655537770982,1.5576823949813843,1.2906804978847504,True,-1.4643938934291096,1.5072820580225252,0.10733756707918175,0.11221879501725593,-0.013741687660120853,1.2246505
S86,False,True,-1.4644777964461853,4.555180543412765,0.9995949407037507,1.693152904510498,2.7947153449058533,True,-1.4644777964461853,1.69517942896152,0.1014900845950512,0.15058968859912727,-0.014893431674836928,2.3656957
S7,False,True,-1.4660500509555463,3.3996755182743073,0.9999823216394419,1.2449381351470947,1.8676804602146149,True,-1.4660500509555463,1.5218217077335623,0.1150783941747111,0.09285265078670164,-0.0035640197936385835,1.4638555
S532,False,True,-1.4665976377582657,6.210192874073982,0.9997341810643225,2.5889580249786377,1.4995315372943878,True,-1.4665976377582657,1.912796687208437,0.11583481046649893,0.18416523253050776,-0.02732599764506112,1.6396284
S803,False,True,-1.467169907834998,3.375824388116598,0.9994869415475053,1.321442723274231,1.7533151507377625,True,-1.467169907834998,1.774162117708914,0.0944303915603603,0.15297561196879975,0.00187520374582368,1.1256292
S289,False,True,-1.4678666880457418,3.6945189014077187,0.9998041755940013,0.9693461656570435,0.8371494263410568,True,-1.4678666880457418,1.9919987448127248,0.12151627870829193,0.16114786539232417,0.0008348433420276878,0.8345354
S285,False,True,-1.4684918765257273,4.309908003856738,0.9998262679442357,1.4654959440231323,1.789341688156128,True,-1.4684918765257273,1.633635171024001,0.11067422934644328,0.11652668858030639,-0.0003602580981451516,1.5071709
S113,False,True,-1.469293609903956,4.206553005923827,0.9998273675005129,1.9715514183044434,1.3717868030071259,True,-1.469293609903956,1.9505217386444962,0.08962363891379634,0.20338752367626609,-0.010879371510267842,1.2026832
S741,False,True,-1.469581982971138,3.387014454230666,0.9994280477653497,1.179888129234314,1.3427931666374207,True,-1.469581982971138,1.9878022992029953,0.11334728598530197,0.16754228722127207,0.003420590163835086,0.9190346
S288,False,True,-1.4710403152674312,6.964870214462279,0.9998157537224466,3.4529125690460205,3.7753772735595703,True,-1.4710403152674312,1.602791593136243,0.12630499656754687,0.13810519762927606,-0.05033712934592982,4.411878
S132,False,True,-1.471553948664332,4.235553860664368,0.9966993494680919,1.5034503936767578,3.222878575325012,True,-1.471553948664332,2.024937361367376,0.11656263829651088,0.1867075579317987,-0.014938596797659007,1.74664
S644,False,True,-1.4720710113215798,5.464171335101128,0.9999624501483738,2.052727699279785,2.523945927619934,True,-1.4720710113215798,1.3076643433824626,0.07034928837234161,0.11519642732318784,-0.0120820798315522,2.0074527
S429,False,True,-1.4722830063050785,4.97398051371177,0.9989736970259885,2.7434144020080566,2.3609538078308105,True,-1.4722830063050785,1.893491735679975,0.1168833177908091,0.17414596929927315,-0.0229569064975264,1.9614849
S171,False,True,-1.4731103827016616,3.6078803936640416,0.9993376165216019,2.6196298599243164,1.7607844471931458,True,-1.4731103827016616,2.2561415471688746,0.11068376763801092,0.2216627724354842,-0.0013825391681857502,1.2249296
S651,False,True,-1.4753492073839223,3.757943293079734,0.9994494507170341,1.722907543182373,0.9587464034557343,True,-1.4753492073839223,1.9049667645383512,0.087270233863061,0.1928780904315494,-0.0078232861989357,0.9588617
S175,False,True,-1.4756435396525343,3.8651427986721196,0.9998701962418542,1.7292273044586182,1.918976604938507,True,-1.4756435396525343,1.943714498534473,0.08945999962543956,0.19262809648030238,-0.0021464996677477504,1.5147946
S620,False,True,-1.4761329176877742,2.485765842099984,0.9998150672689105,1.0809725522994995,3.1398929953575134,True,-1.4761329176877742,2.1868883013368756,0.14792495891811222,0.15725684318650487,0.00956061757221017,1.3932899
S270,False,True,-1.477602006859193,3.280881772438685,0.9995633459506005,1.7574970722198486,0.7252557426691055,True,-1.477602006859193,2.37465985282052,0.12295010349179337,0.2292585667660675,-0.00434477000379219,0.5383968
S56,False,True,-1.4779440212529713,4.579972440376878,0.9997736827203585,2.7026519775390625,1.9775195717811584,True,-1.4779440212529713,1.9729894510211496,0.10596744509667494,0.19004321225137616,-0.01380440620591491,1.5918901
S534,False,True,-1.4786052261492162,3.3991641650597253,0.9997357892242108,3.7881343364715576,1.2455222308635712,True,-1.4786052261492162,1.8655382907947604,0.08671206454720327,0.17991278401938268,-0.003113258696015525,1.1042384
S578,False,True,-1.4803624281186054,4.859097604950269,0.9984594196343962,2.167670726776123,2.5879145860671997,True,-1.4803624281186054,1.6246111222102257,0.10030732665400834,0.13036861201407762,-0.004324154586903111,2.3566222
S731,False,True,-1.480557833221363,2.8465052247047424,0.9996188083222277,1.2349146604537964,1.6061807870864868,True,-1.480557833221363,1.8749618467427753,0.12713012642631974,0.1330764389138932,0.004380953096236999,1.1796284
S730,False,True,-1.4810963027737678,2.97783774882555,0.9998209449922236,1.134629249572754,1.6699772104620934,True,-1.4810963027737678,1.9347329431115592,0.10786409375549683,0.16642598988723653,0.002231679856092367,0.88347244
S88,False,True,-1.4827040574053496,4.511286825872958,0.9995092871071082,1.5774950981140137,1.7454160749912262,True,-1.4827040574053496,1.7525996703887439,0.09473007668283212,0.16703566086468052,-0.012882433093497566,1.4341589
S446,False,True,-1.4838113909661919,6.927015066146851,0.9996372046375079,2.6450729370117188,4.952587008476257,True,-1.4838113909661919,1.6329553154209213,0.12124242112986061,0.11895392899119064,-0.020270087476276465,4.3982973
S530,False,True,-1.4845521277858758,3.434490370253722,0.9998756919845995,1.5696229934692383,1.7160751819610596,True,-1.4845521277858758,1.4953913422758418,0.06887844871894996,0.1465377176074265,-0.009665656416019536,1.2597162
S196,False,True,-1.4845771386607425,4.9103772553304825,0.9997752202088022,1.3803410530090332,2.034120202064514,True,-1.4845771386607425,1.8852733497176872,0.09624411637027233,0.17557380321376578,-0.005204852587750936,1.5781775
S246,False,True,-1.4857088495259765,4.492338488499323,0.9981028240086817,1.2488999366760254,1.9016814529895782,True,-1.4857088495259765,1.8074563902957455,0.11327906496768733,0.1340993607399225,0.005166318166203867,1.8042295
S497,False,True,-1.4863008833432414,3.8597851541514197,0.9992570600759667,0.7010840177536011,1.9176254868507385,True,-1.4863008833432414,2.046103012857447,0.10534419002154816,0.1831196636060493,0.003956728767081253,1.6380243
S561,False,True,-1.4864167829990844,6.215482831001281,0.999545687990047,2.333336591720581,2.80525279045105,True,-1.4864167829990844,1.7693215639360724,0.09265906332144754,0.17489350720621852,-0.017808117260949347,2.6554208
S418,False,True,-1.488669037897184,5.425547771155834,0.9992305814650163,2.4735360145568848,1.284187376499176,True,-1.488669037897184,1.991866180903368,0.10433149288482067,0.20467927421896678,-0.02318538848570689,1.2116638
S181,False,True,-1.4889345452684646,4.509609880546728,0.9996984314447203,1.4753681421279907,2.249186396598816,True,-1.4889345452684646,2.00810359692098,0.10281708227351444,0.18902268314675902,-0.0026602829637411805,1.9905657
S733,False,True,-1.4899326193413789,6.4403136074543,0.9990298430673975,3.939554214477539,3.5655511617660522,True,-1.4899326193413789,1.9035775364258756,0.10806955387548059,0.1935990293731563,-0.03173057937797366,3.5720966
S356,False,True,-1.4899578113954106,4.645129962513844,0.9999353455024008,1.8114893436431885,1.7942147254943848,True,-1.4899578113954106,2.0173817618346406,0.10276462543178919,0.21097200245290934,-0.022543754697447665,1.3608718
S712,False,True,-1.4904990254715373,3.7644491990407305,0.999669824177889,1.1853703260421753,1.8498578071594238,True,-1.4904990254715373,2.1317086798891642,0.11305216143486845,0.2032761643825981,-0.006512838389457811,1.2680043
S122,False,True,-1.4905716298268312,4.419199502716461,0.9995630212863943,1.681431531906128,1.5138898491859436,True,-1.4905716298268312,1.93695610215834,0.07355994068632879,0.21743178766736154,-0.012842395927608777,1.1522241
S814,False,True,-1.4918765569758299,4.162347749496499,0.9994029101247291,1.9626389741897583,1.977137178182602,True,-1.4918765569758299,2.0909522461996777,0.13392587062412833,0.17773169709312503,-0.010369456668684034,1.383154
S569,False,True,-1.493483983050188,4.265713267028332,0.9991172449984619,1.3825805187225342,1.7899225950241089,True,-1.493483983050188,2.0005910426185998,0.1359051975240136,0.1690248854241537,-0.024865986566206734,1.7475487
S665,False,True,-1.4955506441906983,3.5833368419359126,0.9996414245777927,1.3866002559661865,1.3408853113651276,True,-1.4955506441906983,1.9047374681753726,0.09569757948483834,0.18268554272897966,-0.005757217774847798,0.9369022
S548,False,True,-1.4963657111324509,7.336451371510823,0.9999090223495933,3.0692079067230225,4.133037209510803,True,-1.4963657111324509,1.5001263356596222,0.11112930467896955,0.12262635761979533,-0.0342728169419051,4.1371527
S20,False,True,-1.4975101854289434,5.442528339723745,0.9993745748924562,2.195934534072876,1.9925141334533691,True,-1.4975101854289434,1.9965039948385754,0.13011535995681298,0.16382279480665057,-0.013997907620491521,2.1345634
S734,False,True,-1.4977345051935542,5.919713137050469,0.9994893729035252,3.0124428272247314,3.2858844995498657,True,-1.4977345051935542,1.9513309061041877,0.10164016586017754,0.1954970388147418,-0.020027024059836866,2.7090821
S709,False,True,-1.4982108349799008,6.675687650839487,0.9929957734043238,3.367684841156006,2.177951693534851,True,-1.4982108349799008,1.7895122650080475,0.09816219176685706,0.18633221512950066,-0.03438230273785895,2.0056462
S114,False,True,-1.4989455185316185,4.670447471241157,0.9998069457831376,2.6667394638061523,2.105761170387268,True,-1.4989455185316185,1.8242020935283974,0.12162702314406694,0.15251774029119533,-0.0188534469979869,2.0062184
S432,False,True,-1.4991643422589862,4.461401059602697,0.9989197468913342,1.3814857006072998,1.830482006072998,True,-1.4991643422589862,2.005926753244101,0.1308631618796185,0.17178862254608748,-0.0172223839645606,1.6945909
S435,False,True,-1.4996742725973193,3.86603491132458,0.9981447675923427,1.8714019060134888,1.0607140511274338,True,-1.4996742725973193,2.4178773687973814,0.12427594184354704,0.2608650699410443,-0.031140763107481664,1.3845432
S127,False,True,-1.5007638403319465,5.667095800240834,0.9993346425147616,3.7794811725616455,2.514358699321747,True,-1.5007638403319465,1.3719709457243743,0.04769294647751435,0.1752974811470792,-0.028109335913065654,2.054699
S79,False,True,-1.501076805290477,5.084335808952649,0.9975304535456322,1.5066882371902466,1.3060931265354156,True,-1.501076805290477,1.7989275217229022,0.10936330520847606,0.15795119397049545,-0.014732141329926304,1.2166513
S612,False,True,-1.5032409256562966,4.702399662385384,0.9988444224541014,1.5357216596603394,1.2750017940998077,True,-1.5032409256562966,1.7580965223718121,0.10175308198678068,0.15905357067507975,-0.014773363740535086,1.0275499
S834,False,True,-1.5032958803864334,5.806229790051777,0.9982462762098554,2.4322350025177,2.5678279995918274,True,-1.5032958803864334,1.4930159708893913,0.08895494462468478,0.13627069337184505,-0.023273473824349265,2.6075902
S69,False,True,-1.503720013756443,4.660708079735437,0.9986229214364192,1.5660704374313354,2.95881724357605,True,-1.503720013756443,1.9885890047107762,0.1132089999579971,0.18778699154896356,-0.018912797334803562,2.728581
S425,False,True,-1.504924753083687,3.387329086661339,0.999973538481085,3.2325124740600586,0.8522929698228836,True,-1.504924753083687,1.9259331891912341,0.1082589264092742,0.1527063843632436,0.012482408136891809,0.6033861
S70,False,True,-1.5064594402073395,4.085271636644999,0.9997408598809908,1.5671939849853516,2.049189120531082,True,-1.5064594402073395,2.108085064871703,0.1320898246130551,0.17942715987156915,-0.008607658345892265,1.5252161
S629,False,True,-1.507108255307505,8.09407897790273,0.9998281750730729,4.8658766746521,3.916399836540222,True,-1.507108255307505,1.4923395107256037,0.07516843958714632,0.17654276232915872,-0.048880191548607094,4.1776357
S713,False,True,-1.5090101704103072,3.9040595519666867,0.999815394035925,1.3415836095809937,1.5709770023822784,True,-1.5090101704103072,1.8110972288418814,0.10898131811570219,0.15420188397340576,-0.005223060086940285,1.0541751
S166,False,True,-1.5097599079415456,4.2134660954276715,0.9999259426422464,1.659252643585205,1.7141964435577393,True,-1.5097599079415456,1.7644970152364716,0.08342527891618973,0.17472837025458632,-0.007825902094961722,1.4024541
S92,False,True,-1.510249878519187,7.08637261390686,0.9995029934349525,3.9142255783081055,3.1069011092185974,True,-1.510249878519187,1.7590368477676792,0.10178543383202597,0.18407952624467533,-0.042130305419249746,3.1048722
S359,False,True,-1.5108545940641938,5.78973451256752,0.9995045667336214,2.4097442626953125,3.61497700214386,True,-1.5108545940641938,2.2418973470519687,0.12193162122300133,0.2187742848105278,-0.01585325792833149,3.1279807
S334,False,True,-1.5117975595775839,5.130286782979965,0.9996465076549992,2.2280588150024414,1.8835050165653229,True,-1.5117975595775839,1.6811964982918712,0.10018671605594512,0.14843805250825648,-0.015263206870101954,1.5220902
S529,False,True,-1.5121431435168464,4.788936725507179,0.9999220093441377,2.111193895339966,2.1787396669387817,True,-1.5121431435168464,1.8701989870195288,0.11483994789379232,0.15492581758421564,-0.006523325857070847,2.1273472
S551,False,True,-1.5134771217118106,4.493779371182123,0.9999109383914241,1.5821237564086914,1.5552681386470795,True,-1.5134771217118106,1.6625569753284903,0.0812809406295726,0.16017446324678333,-0.009296387810385902,1.3335801
S219,False,True,-1.5138603056671927,5.732509394486745,0.9994281039444816,2.8242111206054688,2.8617827892303467,True,-1.5138603056671927,1.320024875704253,0.03839364118697761,0.1596020473588687,-0.02039708136364381,2.7680364
S577,False,True,-1.513982956473949,5.515144069989522,0.9991686553099401,4.14892053604126,1.6849599182605743,True,-1.513982956473949,1.8585334523641428,0.12525906945560217,0.1662499433867081,-0.030018969550761207,1.8970945
S366,False,True,-1.517236911842571,4.657869458198547,0.9997855933721479,2.3377578258514404,2.6253365874290466,True,-1.517236911842571,2.025819664067483,0.09951879894659409,0.20240722251252768,-0.009351237285207589,1.9385061
S85,False,True,-1.5173932552728027,6.2557123452425,0.9994281615547178,2.847733974456787,2.207399010658264,True,-1.5173932552728027,1.724032693414819,0.1150435967742603,0.16524652825953537,-0.04000037162300226,2.1994882
S724,False,True,-1.5186188220566852,3.5464988946914673,0.999802392328451,1.1740392446517944,0.5404686778783798,True,-1.5186188220566852,1.8980060870249276,0.10789607128416888,0.17056440821716293,-0.00811223139508202,0.53925526
S43,False,True,-1.5186925628393795,6.239774564901987,0.9979006042439081,2.1464591026306152,3.0406113862991333,True,-1.5186925628393795,1.9726691346044074,0.1633575155964657,0.13751390408906916,-0.024817826973381796,3.7519279
S836,False,True,-1.5236677619116694,2.6551261842250824,0.9999414586310023,0.7525675892829895,0.5984511896967888,True,-1.5236677619116694,1.5880471919668437,0.10123404350613169,0.12582492934554926,-0.008517206936872204,0.4605252
S636,False,True,-1.528018015927541,4.87542350590229,0.9994201940379762,1.6749426126480103,2.361966848373413,True,-1.528018015927541,1.7406647882193085,0.05926960579164613,0.1935802012790296,-0.006937381473804833,1.939415
S376,False,True,-1.5305624426332496,4.257919742415348,0.9991644301020638,1.5582513809204102,1.623218595981598,True,-1.5305624426332496,1.9736196064771352,0.09648725353794875,0.19135956249403638,-0.004343711767193698,1.2056898
S536,False,True,-1.5368949680090978,3.4486459294954934,0.9995441254319426,1.3517050743103027,0.7513050884008408,True,-1.5368949680090978,2.311767636408115,0.12806188713265249,0.2162002154615149,-0.005097932066429622,0.54907846
S156,False,True,-1.538614895780919,3.7983330215017,0.9994559538290916,1.2506266832351685,1.3860131353139877,True,-1.538614895780919,2.2122473867321397,0.12917116658773087,0.19111627654985466,-0.0006004819607056197,0.9714037
S344,False,True,-1.5397257975533056,6.204963997006416,0.9997919096419309,3.20916748046875,3.3937973976135254,True,-1.5397257975533056,1.6410618683936267,0.07331486759639932,0.1826257590578077,-0.03190344831851302,3.5000489
S367,False,True,-1.5399834717527066,4.364492557942867,0.9994588208615597,2.053215503692627,1.439276248216629,True,-1.5399834717527066,1.6519457308889072,0.09448063013116259,0.16292634119195962,-0.028031947026128014,1.1741867
S249,False,True,-1.5420616676227452,5.5152858048677444,0.9999654396590549,1.9013817310333252,1.66539266705513,True,-1.5420616676227452,1.7106311507608876,0.11131968199629479,0.13168836479922716,-0.007348417940270324,2.1176603
S509,False,True,-1.5425238463887363,2.8859699244300523,0.9997142099189554,1.2448856830596924,0.9519420489668846,True,-1.5425238463887363,1.7671064045299227,0.11967948794468043,0.12902393153558375,0.0003477750494759911,0.56154215
S330,False,True,-1.5428222439801706,3.174383670091629,0.9994567067048786,1.086363673210144,1.0588038861751556,True,-1.5428222439801706,1.9280551797064858,0.12230299352275803,0.14335605945612437,0.006535587765015776,0.9040578
S25,False,True,-1.5455400148838883,3.3997248290106654,0.999503912209954,1.5582873821258545,1.1120102927088737,True,-1.5455400148838883,2.1780577884540095,0.12424175383092062,0.1976979644006413,-0.007195088324081365,0.8375888
S458,False,True,-1.545709855718667,3.7493661493062973,0.9999012500221918,1.3258988857269287,0.8464746475219727,True,-1.545709855718667,1.7834226550635919,0.08540816621378927,0.16845526295720067,-0.0025369698839082877,0.6158313
S625,False,True,-1.5482751218383672,5.64970177412033,0.9991238791772091,2.141813278198242,2.7771514654159546,True,-1.5482751218383672,1.999101382266402,0.1437575238453923,0.14734111872330646,-0.00811957900170226,2.7570834
S775,False,True,-1.5505998846406983,4.972945151229699,0.9980352165814727,1.7074494361877441,2.789332866668701,True,-1.5505998846406983,2.0504756482776627,0.11711553049750578,0.18697457294952344,-0.009317273020536537,2.4350915
S508,False,True,-1.5566758691277003,4.532677734891573,0.9993106237354084,1.4589262008666992,2.3512739539146423,True,-1.5566758691277003,2.0178296471368773,0.13102146929043695,0.15778769357919462,-0.0017943067545993358,2.0016944
S310,False,True,-1.557110724002691,5.0804384748140965,0.9985064830612783,1.2473348379135132,2.7759546041488647,True,-1.557110724002691,1.8478154741147756,0.15141187547031953,0.12203650833812846,-0.016706544359342136,3.4645126
S179,False,True,-1.5571129280187974,4.743731617306669,0.99855458449773,1.8480784893035889,1.4394731223583221,True,-1.5571129280187974,1.943365183795406,0.11482600905929242,0.16893492832629203,-0.007437148421535546,1.3161213
S186,False,True,-1.5586213922315757,3.767732212940852,0.999663919935203,0.9615546464920044,0.9458071440458298,True,-1.5586213922315757,2.0574870862483756,0.10901645166809254,0.1840596637250575,0.004914708424160801,1.0369747
S405,False,True,-1.5599020324192971,2.912252341707547,0.9998576001769282,1.4388571977615356,1.668846059590578,True,-1.5599020324192971,1.4149854971828328,0.11548543437197706,0.08001882408016607,-0.008897442106677641,0.74704534
S702,False,True,-1.5619218745222776,7.406571944554647,0.9999101297084274,3.7228705883026123,3.2156078815460205,True,-1.5619218745222776,1.4401087210531238,0.11101293745609349,0.12156861114841572,-0.03836949739676067,3.410934
S659,False,True,-1.5622266706678374,4.238358462229371,0.9995052001954072,1.2899199724197388,0.5816203951835632,True,-1.5622266706678374,2.061028311195623,0.11894368468713087,0.18848631425445142,-0.01275113929049631,0.6111177
S666,False,True,-1.5648599659094191,5.138375581552584,0.9994647456818776,2.102327823638916,2.1576082706451416,True,-1.5648599659094191,1.9725714802289973,0.09159980507973434,0.19918166465345954,-0.007309495735684407,1.8020191
S631,False,True,-1.5652195696995799,5.766700019439061,0.9995204630777343,3.1041667461395264,0.8957031071186066,True,-1.5652195696995799,1.802418900145864,0.08812089866645707,0.20591654540041754,-0.038143725013147584,1.0216916
S601,False,True,-1.5658403516226855,5.4218768278757725,0.9989927493507227,1.6731436252593994,2.3063745498657227,True,-1.5658403516226855,1.698236550044603,0.10792276302059542,0.14073796950505493,-0.01277561039452351,2.045033
S389,False,True,-1.5660282989951921,4.317323672274748,0.9994249773495464,1.295347809791565,2.641449451446533,True,-1.5660282989951921,2.329660717537253,0.14400184482422693,0.2099203179466315,-0.014305004321658689,1.5384687
S392,False,True,-1.5688149327890675,2.7067012650271254,0.9999179024106917,1.9097956418991089,0.5729292184114456,True,-1.5688149327890675,1.7450179792287748,0.10803451224238365,0.1394901110451714,-0.005009235543249972,0.4974242
S628,False,True,-1.5716843426120493,5.924981633822123,0.9987155645307481,2.8539392948150635,2.9906603693962097,True,-1.5716843426120493,1.8450641821428562,0.12284142672702346,0.16907275137957814,-0.03422074900589546,2.5768733
S801,False,True,-1.5737282521578577,4.554461320241293,0.9983157555413984,2.7189338207244873,0.5613420158624649,True,-1.5737282521578577,2.2263805332363944,0.10750812233771803,0.2375674754838062,-0.018873916720014892,0.5956718
S704,False,True,-1.575299434575413,4.001259649172425,0.9984088961353327,1.3700252771377563,1.5708935856819153,True,-1.575299434575413,2.138646212218418,0.1349510653333027,0.18430420213240892,-0.01151563910158481,1.259866
S493,False,True,-1.5768013572858923,4.599316497643789,0.9998334709772977,1.5170835256576538,1.3862375020980835,True,-1.5768013572858923,1.5961356081764468,0.09516333634999759,0.12369284658688777,0.0032838247098770056,1.2326818
S151,False,True,-1.5783669225973023,4.731013377507527,0.9996095326044427,1.7034845352172852,1.3584655076265335,True,-1.5783669225973023,1.986859377738112,0.1043412400069289,0.19240042482313982,-0.010506308523973463,1.4386287
S117,False,True,-1.5790748215017183,3.6930550150573254,0.9997680353971581,2.5385537147521973,1.3598191142082214,True,-1.5790748215017183,1.819952305499543,0.047014363609272886,0.21641466230812617,-0.003733232061565634,1.4305487
S489,False,True,-1.5797821758135007,6.946166932582854,0.9999574034088193,4.056610107421875,1.905868798494339,True,-1.5797821758135007,1.3894929006643149,0.1227387001998756,0.10278456564349081,-0.04142969738697903,2.5273495
S615,False,True,-1.5807571956052642,4.896409127861261,0.9996099567711856,1.9892010688781738,2.233203202486038,True,-1.5807571956052642,1.895002183351753,0.1302766215824283,0.1472888857457006,-0.009474742601660735,1.6576195
S528,False,True,-1.5809412609983113,6.7481151421864825,0.9995365077763356,3.1465773582458496,4.323859453201294,True,-1.5809412609983113,1.793913698175427,0.1192522990150414,0.16125237310770593,-0.028955572463669133,3.5897126
S77,False,True,-1.5824122118327615,4.951416753232479,0.9860128305837623,1.542126178741455,1.1043705344200134,True,-1.5824122118327615,2.306507501930546,0.1413707595591039,0.21047250331660394,-0.017599898898176508,1.4112117
S553,False,True,-1.5855281225415678,3.5534049648170667,0.9998752749557104,1.6390730142593384,1.165533110499382,True,-1.5855281225415678,1.900501651538216,0.11852265696710643,0.1653779506562286,-0.011513608520109275,0.7782401
S257,False,True,-1.5868227588301018,4.410460829734802,0.9975866196715202,1.4305837154388428,1.9453020989894867,True,-1.5868227588301018,2.207942480383612,0.14361783207102027,0.17740202099987984,-0.0017357697821026325,1.8157432
S796,False,True,-1.587433308184093,3.8893730615576105,0.9997436392253786,1.106120228767395,1.9598612189292908,True,-1.587433308184093,1.9321874695722276,0.10905365933083985,0.16658420802575838,0.0030277958479745628,1.4426581
S594,False,True,-1.5905684850278374,3.945258677005768,0.9997065834901617,0.875697672367096,0.7575992941856384,True,-1.5905684850278374,2.237778384883826,0.13288426461031178,0.196702715904187,-0.006713857844180943,0.5738521
S588,False,True,-1.5921586408691348,4.075335144996643,0.9995045042766912,0.9883117079734802,0.7753990516066551,True,-1.5921586408691348,2.0909750706820205,0.1231851334504899,0.19048378137505523,-0.014321658136879408,0.70279324
S482,False,True,-1.5936012471729488,3.4335668981075287,0.99876878452923,1.938357949256897,1.093862146139145,True,-1.5936012471729488,1.7127283072541093,0.10844688388977337,0.11844961524284105,0.009116103899065016,1.0180928
S146,False,True,-1.5937769149991377,3.640960892041524,0.9994943344741049,0.7714938521385193,0.6072854846715927,True,-1.5937769149991377,1.7992597669592074,0.10569612975912993,0.15910624851332,-0.010681156188977702,0.51925117
S426,False,True,-1.5945541283167424,3.607841146488984,0.9993164141424395,1.3813889026641846,1.6564069986343384,True,-1.5945541283167424,1.6685975379823468,0.08372785465196546,0.1453366079181834,0.005753259740295528,1.0220159
S116,False,True,-1.5952142482689595,4.271245367204149,0.9983355905402527,2.0846328735351562,1.3844948410987854,True,-1.5952142482689595,2.221508225829319,0.12208928999379969,0.2252808964555479,-0.024179096118297033,1.0741313
S38,False,True,-1.596601221034144,3.999660511811574,0.9997938501762946,1.7777791023254395,1.3229926228523254,True,-1.596601221034144,1.928388216688065,0.10305313297189904,0.17247443234381318,-0.00217872733501304,0.9867425
S352,False,True,-1.5971318172221358,5.50540030002594,0.9998453353692774,2.5225319862365723,2.7943551540374756,True,-1.5971318172221358,1.5282874145699772,0.09895079429132654,0.13106505495999077,-0.021431721688278435,2.5207047
S560,False,True,-1.5975895429058202,6.3377321759859715,0.9994635313977926,3.165982723236084,3.1498391032218933,True,-1.5975895429058202,1.8065809340164296,0.10025895952721517,0.17851100842211132,-0.025067212481391803,3.1057076
S265,False,True,-1.6047607958263974,4.294855834295352,0.9987109905918745,1.4113445281982422,2.784883737564087,True,-1.6047607958263974,2.4006058618192005,0.14225477286249852,0.21479425219558118,-0.006030686927075946,2.0057988
S308,False,True,-1.6055624287603052,3.649383860329787,0.9998167671074419,1.929165244102478,2.545025944709778,True,-1.6055624287603052,1.8702923128770546,0.07233624265803093,0.1987995505962968,-0.004367447564063252,1.7003235
S26,False,True,-1.6070283302690629,6.287063916524251,0.9995060294580427,3.055298328399658,4.410467147827148,True,-1.6070283302690629,1.7128572870639172,0.11976002406998036,0.13828637005263023,-0.020178523460193196,4.1381145
S794,False,True,-1.6084774051236084,3.0554991215467453,0.9997685083853629,1.0592494010925293,0.375238262116909,True,-1.6084774051236084,2.085042268833972,0.11262790700774242,0.201745158755029,-0.011493980738981972,0.40214068
S880,False,True,-1.6085370970558308,5.799390882253647,0.9996536353780221,1.9468380212783813,3.710451364517212,True,-1.6085370970558308,2.016631227698856,0.158183015252997,0.1253983311816676,-0.0035042954194417866,3.2847276
S669,False,True,-1.6102445131695675,3.5517480572064715,0.9998390273814838,1.1952792406082153,0.5009923353791237,True,-1.6102445131695675,1.605949022923653,0.09278276012247015,0.1375292294365751,-0.006211839255769035,0.5392148
S280,False,True,-1.6139990780172828,4.799247401456038,0.9995255737639991,1.6037875413894653,1.2339787483215332,True,-1.6139990780172828,1.9047819585470134,0.11613421110849576,0.1663712059297022,-0.012522926468493623,1.0439751
S97,False,True,-1.6158372289273948,5.780046100417772,0.9992755459956744,2.667930841445923,2.3925957083702087,True,-1.6158372289273948,1.8539667670523636,0.10376960326021734,0.1815839014361726,-0.02359272350190332,2.0507848
S275,False,True,-1.6160600544611785,7.046669979890186,0.9994008147649394,3.0417256355285645,3.9585713148117065,True,-1.6160600544611785,1.905949783951373,0.13146785258556246,0.1715829338504019,-0.03403751592882809,4.0175266
S382,False,True,-1.6217311325228534,4.198695000261068,0.9977010802879516,1.384031057357788,3.1524027585983276,True,-1.6217311325228534,2.5303033779685413,0.1496048910698786,0.2252154637646498,-0.0030795714998248865,2.2932792
S100,False,True,-1.6223044915584435,4.652482142051061,0.9996212287373799,1.5686193704605103,1.9583996534347534,True,-1.6223044915584435,1.9643948410215144,0.10704359788500428,0.1765256236384765,-0.003889414896570248,1.6102221
S417,False,True,-1.6223824516978649,3.4534585277239485,0.9997920410043679,1.5813809633255005,1.3689443171024323,True,-1.6223824516978649,2.0570844464138447,0.12750722074004267,0.1742643829511238,-0.004825363893916801,0.76648116
S832,False,True,-1.622389345077588,4.957315444946289,0.9990442280683709,2.891333818435669,1.5436417162418365,True,-1.622389345077588,1.849271469693702,0.09960190030052757,0.18578955015126333,-0.02163141936715254,1.4108045
S259,False,True,-1.6235258491578977,3.937860051790873,0.9990766716924505,1.0712522268295288,0.8070707321166992,True,-1.6235258491578977,1.8442197168799894,0.1186058939253385,0.14925830156766534,-0.007928076428337033,0.8685052
S318,False,True,-1.6301007608147398,4.045566402375697,0.9986973440605709,0.8943935036659241,1.6644595563411713,True,-1.6301007608147398,1.7763620172629295,0.13677234375646563,0.11641624280464483,-0.009407515366623811,1.6520109
S922,False,True,-1.6309491991796474,5.9388426542282104,0.9999521741319789,3.136801242828369,2.1513720750808716,True,-1.6309491991796474,1.7593588479816054,0.1337626118547998,0.14018760345893863,-0.031126182114833176,2.140915
S556,False,True,-1.6333432129075718,5.386070186893145,0.9996847113221698,3.073615789413452,1.5763888955116272,True,-1.6333432129075718,2.106648976591678,0.1276283446513863,0.21514697788708242,-0.03800209189596238,1.1951191
S517,False,True,-1.6381476793917402,6.349578390518824,0.9971871903822953,2.920853614807129,2.4604328274726868,True,-1.6381476793917402,2.2172035075756553,0.13779040355938058,0.20793398000617971,-0.025424097134024572,2.34763
S857,False,True,-1.639494458157911,2.981691074868043,0.9995598153333833,0.43317708373069763,1.1950290501117706,True,-1.639494458157911,1.8725229523380134,0.1302830704146179,0.12982022475341878,0.005561573015410481,0.7463198
S8,False,True,-1.642950702433481,2.760857492685318,0.999508599933312,0.6677408218383789,1.5884805917739868,True,-1.642950702433481,2.3974651108372838,0.12937068901701648,0.21298369552818183,0.00787163071870848,0.8537773
S616,False,True,-1.6464812805827687,7.889514545599619,0.9994139919340357,4.999758243560791,4.853502988815308,True,-1.6464812805827687,1.2727510549804049,0.0973686690697538,0.12462075010169851,-0.057060306662325894,4.190222
S519,False,True,-1.6522905393633287,4.342420322199662,0.9997884114462408,1.0700172185897827,1.5729117095470428,True,-1.6522905393633287,2.147916754518554,0.13013165766259016,0.1998533820499276,-0.022082341780103928,2.0923028
S758,False,True,-1.6633542690631833,6.628983378410339,0.9999555612567884,2.599822521209717,2.6833399534225464,True,-1.6633542690631833,1.590336800883764,0.1283375341600221,0.10851021767309871,-0.022054199334490526,2.275108
S799,False,True,-1.6633934552141016,5.226469670732816,0.999213386338527,1.9209330081939697,0.8067832887172699,True,-1.6633934552141016,2.168174745531574,0.12112227231656744,0.2145734990893704,-0.022603540197378747,1.0396302
S111,False,True,-1.669891584701444,4.759163796901703,0.9996923100186541,2.194312810897827,2.1177265644073486,True,-1.669891584701444,2.1286764650362153,0.147594076115967,0.18048575033851502,-0.02367322238325963,2.2914298
S295,False,True,-1.673555618409285,5.74941315750281,0.9998361310089277,2.5784974098205566,2.3411812782287598,True,-1.673555618409285,1.6611203784150934,0.11196487165943153,0.12820721442670946,-0.013901621094197188,2.2796807
S793,False,True,-1.6809224819927762,4.326202869415283,0.9996046510542534,1.5230878591537476,1.0445728152990341,True,-1.6809224819927762,2.15757466972755,0.1307887196429862,0.19231474538932655,-0.013991934954609946,1.034802
S268,False,True,-1.6862267110555724,5.202478359142939,0.9992347912901672,1.663452386856079,1.3215287625789642,True,-1.6862267110555724,2.062219736929594,0.1417323668868103,0.17112916138130413,-0.018525600286264602,2.0028367
S204,False,True,-1.69049011744786,2.6788396028180914,0.9993682021003693,0.4801607131958008,0.6980323195457458,True,-1.69049011744786,2.117036162402034,0.11568915939977736,0.18393265996216604,0.0063885123864087495,0.5427075
S604,False,True,-1.6915109231413317,4.387831514080365,0.9996306837216893,1.4492874145507812,1.6038177907466888,True,-1.6915109231413317,1.8721290613898003,0.11413582207044964,0.1585649860015173,-0.007292733086648425,1.32516
S87,False,True,-1.7059363556509664,3.2604791298508644,0.9995301699866053,1.1169049739837646,1.1505856215953827,True,-1.7059363556509664,1.983257519758656,0.09803738368010834,0.18849251931679556,0.0026037745554729867,0.7718681
S544,False,True,-1.7068344863008753,3.8898734226822853,0.9990695764379136,1.4665231704711914,1.297717273235321,True,-1.7068344863008753,2.1687570139587664,0.09279931753949465,0.23469838397734916,-0.01242529993649612,0.90008414
S547,False,True,-1.706932016140465,4.8095086092750226,0.9991817818883417,1.9884742498397827,2.2705041766166687,True,-1.706932016140465,1.8220225213826566,0.09793660638120597,0.17993915440362132,-0.021227162201076406,1.8133175
S254,False,True,-1.7110322459798533,5.276320815086365,0.9997919035313491,2.2523746490478516,2.719088912010193,True,-1.7110322459798533,2.004929672080382,0.14877819715875398,0.14988108910925252,-0.016495022842838134,2.7781825
S545,False,True,-1.7152961775759423,3.8125206132729845,0.9998968658951326,2.5941288471221924,1.0843622833490372,True,-1.7152961775759423,1.808093948739631,0.08197070711476796,0.1798781349572041,-0.0030927020614387743,0.78505623
S791,False,True,-1.7181822869212837,3.8725936356931925,0.9988003892297116,0.8607438802719116,1.4082434475421906,True,-1.7181822869212837,1.8736919418962923,0.10062742661320688,0.16117310143608443,0.00510558161071236,1.077477
S760,False,True,-1.7192455904748734,4.26532845882078,0.9997276883588594,1.2699507474899292,1.864664912223816,True,-1.7192455904748734,1.8947410301134218,0.13695129408922074,0.14923556071187996,-0.020343991700786854,1.1335762
S413,False,True,-1.719537787290732,4.676615412036577,0.9997029233625583,1.2617676258087158,1.9552939534187317,True,-1.719537787290732,2.490808408734776,0.15148831936746687,0.21117913550795497,0.0027235183962345793,1.5556322
S678,False,True,-1.7221908697651793,4.062119990897675,0.9989670770980253,1.6960632801055908,0.9201123267412186,True,-1.7221908697651793,2.227101309027669,0.13977984633224266,0.20858831925858745,-0.026363174429840545,1.491535
S252,False,True,-1.723304690151819,3.2490201021234193,0.9994894587219949,0.725762128829956,0.9610038101673126,True,-1.723304690151819,2.1774000434733733,0.1495183227282268,0.1476975888085358,0.013819002025199532,0.8972805
S852,False,True,-1.7267589660539484,5.526144588987032,0.9989227255642855,2.8622689247131348,3.200702428817749,True,-1.7267589660539484,2.090336413182735,0.1434762186930162,0.17986458663462732,-0.025343505232587153,2.7456489
S643,False,True,-1.7280078585626875,4.857543806234995,0.9996777168379317,1.7515782117843628,3.3817861080169678,True,-1.7280078585626875,1.8013639963019523,0.14917107628338686,0.12092070340804865,-0.023672768792440634,3.1856651
S774,False,True,-1.7318373287658695,4.587201938033104,0.9974438056205338,2.0881431102752686,1.577166199684143,True,-1.7318373287658695,2.1669562360916634,0.15833974584775948,0.16945337714246786,-0.016978173207370755,1.3160012
S67,False,True,-1.7333319499691344,5.460912759105364,0.9997644594701822,2.0653533935546875,1.652422547340393,True,-1.7333319499691344,2.1186588150194323,0.12877106736301422,0.1879948241237397,-0.01344310332354331,2.2136323
S705,False,True,-1.7360938655319504,3.599967060610652,0.9998317483191367,1.3901009559631348,1.5340980887413025,True,-1.7360938655319504,2.1157272470543664,0.12407373372256514,0.1788986469337775,0.00011315491943876248,0.7841168
S660,False,True,-1.7388074309296568,6.092273652553558,0.999888160071425,4.100994110107422,2.5776491165161133,True,-1.7388074309296568,1.6670156218663277,0.1302763077365815,0.15151637192092268,-0.0528423217538256,3.2163303
S401,False,True,-1.7405533763222403,4.462216812496384,0.9989888313985722,1.9075288772583008,1.2718255370855331,True,-1.7405533763222403,2.2298820384896176,0.14614512240897848,0.18912586166968556,-0.01722615545706662,1.255715
S159,False,True,-1.74240425493828,4.50405977293849,0.9988960971613111,1.9931446313858032,1.8745718598365784,True,-1.74240425493828,2.008029861233999,0.1502037518721342,0.1626630831258713,-0.0309403195789441,1.2111586
S157,False,True,-1.75039507273286,5.224440209567547,0.9996055439915352,1.8142882585525513,2.709956169128418,True,-1.75039507273286,1.8296459857260705,0.12965084057492107,0.15518325322248266,-0.028518356437720046,2.5236113
S141,False,True,-1.753590002544977,3.721714923779169,0.9999012857572114,1.31182062625885,0.9673651456832886,True,-1.753590002544977,1.6036389234975805,0.10573666152506556,0.10872301253819061,0.005194790104056417,0.7435053
S353,False,True,-1.7551695334625321,3.3999316189438105,0.9999554924276737,1.4484426975250244,1.0413496941328049,True,-1.7551695334625321,2.0356382344954884,0.11907770127307402,0.1743576263578655,-0.0011087672983393156,0.6447977
S647,False,True,-1.7668743798066575,4.799527729550997,0.9999237738971382,4.428038597106934,0.45108735747635365,True,-1.7668743798066575,1.5008886747385892,0.09145319741192082,0.14469940157559857,-0.031885469214183726,0.775442
S369,False,True,-1.7682541198313446,5.065406183401743,0.9995827154460618,2.981964111328125,3.6835626363754272,True,-1.7682541198313446,1.8624936800308565,0.1110968939564328,0.18247647847594398,-0.030099939508994106,2.6597812
S326,False,True,-1.7734098198830341,7.911399205525717,0.9999829083393647,3.321876287460327,3.389511227607727,True,-1.7734098198830341,1.6330979033771742,0.13547221120080918,0.10874031352053076,-0.027166622941003662,3.831002
S707,False,True,-1.7754316959875283,5.759535481532414,0.9997031072523866,2.223771333694458,0.8845687508583069,True,-1.7754316959875283,1.950606430015985,0.15078873861437825,0.15389621583710927,-0.03203838025205334,1.6054968
S27,False,True,-1.7778807474543454,3.634108245372772,0.9991699973468878,0.9071108102798462,1.6590543985366821,True,-1.7778807474543454,2.3945740657548966,0.16600140876166097,0.17596962056116572,0.00401181389745335,1.3319447
S311,False,True,-1.7812995295384588,4.965418118983507,0.9996050913463429,2.164088010787964,1.937407672405243,True,-1.7812995295384588,1.7434539833667337,0.093243133137698,0.1640501438100527,-0.012552190195448818,1.7486885
S228,False,True,-1.7823923450805084,4.9408023953437805,0.9997026351952792,4.8463640213012695,0.6393985450267792,True,-1.7823923450805084,1.8702746040193496,0.14620039421383263,0.15140015824889141,-0.03784522067751721,0.7680644
S16,False,True,-1.7972473629683403,3.4545852839946747,0.9989725746030159,0.8477877378463745,2.1760708689689636,True,-1.7972473629683403,2.0940841485394794,0.16556953608939107,0.1231469209439468,0.00879801735223121,1.1538267
S562,False,True,-1.8068026737178644,3.670203785412013,0.9994946666821309,1.7407366037368774,1.5217633731663227,True,-1.8068026737178644,1.8647314614583395,0.10406326308048568,0.1634616702964996,-0.0019583287845863833,0.81924534
S351,False,True,-1.8110534947896766,4.112779491891463,0.9981776221943178,2.036936044692993,1.002529427409172,True,-1.8110534947896766,2.257067164044565,0.14832274325855535,0.19429859423852686,-0.01920737564256317,1.2093227
S306,False,True,-1.814412917397129,2.7190418622146044,0.9971208227414396,1.4364495277404785,1.0701922476291656,True,-1.814412917397129,2.4400865657917783,0.150055777998976,0.2049518159932283,0.0017590314842756884,1.321556
S103,False,True,-1.8156049174282327,2.2266904960076013,0.9999398780868975,0.22237828373908997,0.9885946214199066,True,-1.8156049174282327,2.1367956868725932,0.1619049353410423,0.13076273596608984,0.00797026326832223,0.62192535
S82,False,True,-1.8189775700183317,3.677931958188613,0.9980711389901052,1.9017491340637207,2.114886224269867,True,-1.8189775700183317,2.0075393741332754,0.13173471011502308,0.16610471364357723,-0.01211440021298674,1.4610679
S531,False,True,-1.8276124929011484,4.712590778867403,0.9970390116572243,1.9663406610488892,2.265471041202545,True,-1.8276124929011484,1.920867655422189,0.13601480694427723,0.14359755175051778,-0.013485951792036226,2.2377963
S321,False,True,-1.8481296044370612,2.4281583850582438,0.998785916753342,0.9056339859962463,1.8234135806560516,True,-1.8481296044370612,2.302497988496803,0.15386499065001147,0.18577871961868098,-0.00400793812726849,1.0224502
S715,False,True,-1.8501559569035682,4.981130325545867,0.999610334753766,2.650526762008667,1.6421802639961243,True,-1.8501559569035682,1.833790817037508,0.13806680677710795,0.1231972646679377,-0.0022008847233963274,1.2750182
S309,False,True,-1.8516615967393781,3.868955135345459,0.9998424649367625,2.0901060104370117,1.0075183659791946,True,-1.8516615967393781,2.0756787239053143,0.1218904544237434,0.17899239446496903,-0.0007854382704305594,0.66692847
S373,False,True,-1.8545282216338772,5.488628493001064,0.9993003492063025,2.2779319286346436,2.771798610687256,True,-1.8545282216338772,1.8859198281832887,0.12642672317863374,0.16105182500439877,-0.02172859690373808,1.7057298
S302,False,True,-1.8557125034875976,4.55205891529719,0.9984882767197955,1.8712295293807983,3.6180588006973267,True,-1.8557125034875976,1.9039430166115665,0.14162303478330393,0.14513298788403434,-0.021181219497264446,2.499127
S247,False,True,-1.8663573339857262,3.2090883115306497,0.9988274641095506,1.1710559129714966,1.1267310678958893,True,-1.8663573339857262,2.0521957389487238,0.15295021722945445,0.13060676772062738,0.0061353534773062835,0.9149691
S118,False,True,-1.8676926969235512,3.3077318271001177,0.9950901664959015,1.4313595294952393,0.51987124979496,True,-1.8676926969235512,2.2679110213645264,0.14474608059169647,0.20807398506465896,-0.02723550214586604,0.7434201
S812,False,True,-1.8835907533486376,4.46129560098052,0.999788709178805,1.5131336450576782,2.7702832221984863,True,-1.8835907533486376,2.2665981765286607,0.13987179595238838,0.19209087436138494,-0.0051547972621556505,1.9896476
S768,False,True,-1.8896586443135888,3.247077226638794,0.9990499240731056,0.34056246280670166,2.7238444089889526,True,-1.8896586443135888,2.4775900101183863,0.18902764831382673,0.14967250550155434,0.01603244244985539,1.2514646
S555,False,True,-1.90099619304318,3.750372079511483,0.9996004115601429,1.5920705795288086,0.7910872250795364,True,-1.90099619304318,2.2299362213548486,0.11251992863701415,0.2193418122087967,-0.009281365332290797,0.7026526
S809,False,True,-1.9072121190055116,5.380987601975599,0.9997697123186358,2.6925203800201416,1.4170575439929962,True,-1.9072121190055116,1.9591087492771841,0.15625474538779704,0.13412641750505228,-0.019866107722216864,1.7953079
S119,False,True,-1.9399135266080942,6.024985472361246,0.9996642642156887,4.178737640380859,3.412182331085205,True,-1.9399135266080942,1.2400772413093106,0.04397312325630594,0.15339074527323865,-0.02690416655657799,2.6073654
S218,False,True,-1.9438327944496223,3.1247791002194085,0.9986973648077363,1.2273099422454834,0.323652520775795,True,-1.9438327944496223,2.6686853074260473,0.1391702699950685,0.25031836060026613,0.0031239097173363997,0.713809
S698,False,True,-1.9753680284358894,6.316759114464124,0.9998578570958054,2.8405203819274902,2.332311689853668,True,-1.9753680284358894,1.7950724847893114,0.14092870067585603,0.13497154891957983,-0.030749035691316647,2.4044306
S335,False,True,-2.020030714224869,3.3234378794829045,0.9993904669088374,1.2320311069488525,0.7563487738370895,True,-2.020030714224869,2.1242822843778213,0.1433609232527168,0.16943372993714448,-0.010195857397252546,0.68997526
S211,False,True,-2.0239118102294946,4.147882615526518,0.9953762698481791,1.7434697151184082,2.225827634334564,True,-2.0239118102294946,2.1652155175856223,0.16478439744673992,0.14023998039153665,0.0012784645375227967,1.7180469
S19,False,True,-2.0324213968948484,4.9923553094267845,0.9992124437735125,0.9317327737808228,1.6101329922676086,True,-2.0324213968948484,1.9351370160717896,0.14630346696567237,0.11902154352779178,0.0055351168805775975,1.4514574
S762,False,True,-2.0352058433864424,3.9484952048708992,0.9982567293910782,0.6083433628082275,1.3587817549705505,True,-2.0352058433864424,1.9449742302548287,0.1168371756024842,0.165320841097568,-0.007461885616274857,0.77134645
S427,False,True,-2.0647470154413314,2.282667839278777,0.9969720029319348,0.42953550815582275,0.5216747708618641,True,-2.0647470154413314,2.2296126448044347,0.14597775809788735,0.17759191810173297,-8.601473322989888e-05,0.35035032
S600,False,True,-2.092247875991888,5.661458134651184,0.9964628614561629,2.329815149307251,2.7434885501861572,True,-2.092247875991888,2.16549047846728,0.1688035692925194,0.1529156386074441,-0.013817772602353272,2.6122851
